tree
version=v4
num_class=1
num_tree_per_iteration=1
label_index=0
max_feature_idx=24
objective=binary sigmoid:1
feature_names=Column_0 Column_1 Column_2 Column_3 Column_4 Column_5 Column_6 Column_7 Column_8 Column_9 Column_10 Column_11 Column_12 Column_13 Column_14 Column_15 Column_16 Column_17 Column_18 Column_19 Column_20 Column_21 Column_22 Column_23 Column_24
feature_infos=[29.563312799452429:64.922655715263517] [1:2] [130:207] [35:200] [70:240] [40:150] [1:3] [1:3] [0:1] [0:1] [0:1] [12.254472882602151:69.534739103397584] [10:135] [50:166.66666666666666] [1.0909090909090908:4] [0:1] [0:1] [0:1] [8.7398946367826795:42.149512251226383] [1.5017210563043151:48.350799421775683] [2.7800684462696785:14.849445585215607] [0.57376591375770025:4.2019764105686397] [1:9] [0:3] [0:5]
tree_sizes=1755 1747 1746 1755 1755 1754 1763 1755 1772 1761 1763 1762 1760 1765 1759 1765 1764 1771 1765 1764 1772 1787 1764 1771 1771 1757 1778 1766 1779 1771 1770 1773 1769 1768 1758 1761 1771 1775 1785 1774 1770 1783 1766 1775 1771 1772 1777 1769 1780 1770 1778 1766 1760 1786 1771 1761 1780 1777 1789 1768 1783 1770 1780 1791 1767 1795 1779 1787 1771 1767 1780 1759 1783 1760 1778 1775 1775 1785 1783 1788 1784 1792 1773 1782 1789 1780 1783 1786 1791 1780 1782 1786 1792 1769 1803 1787 1794 1789 1779 1787 1793 1789 1792 1799 1794 1787 1784 1778 1799 1796 1785 1767 1787 1793 1787 1797 1778 1783 1775 1799 1798 1784 1786 1793 1769 1784 1789 1791 1788 1791 1788 1787 1798 1782 1803 1771 1781 1797 1794 1791 1781 1782 1785 1791 1800 1797 1796 1788 1785 1793 1773 1794 1785 1784 1795 1786 1785 1792 1786 1785 1789 1785 1791 1795 1784 1794 1784 1801 1797 1792 1780 1785 1790 1789 1790 1791 1782 1784 1782 1787 1776 1777 1775 1791 1784 1789 1783 1779 1782 1777 1792 1774 1780 1778 1787 1783 1768 1790 1793 1782 1774 1778 1777 1761 1792 1765 1780 1782 1773 1783 1773 1782 1790 1782 1773 1783 1781 1800 1776 1770 1772 1778 1784 1782 1777 1772 1767 1751 1787 1788 1778 1777 1780 1793 1771 1765 1789 1792 1776 1779 1778 1757 1779 1773 1776 1785 1766 1766 1774 1790 1785 1774 1795 1776 1767 1775 1775 1772 1782 1757 1768 1760 1779 1771 1773 1780 1755 1777 1780 1753 1766 1759 1781 1784 1779 1764 1778 1770 1758 1757 1782 1760 1771 1748 1747 1757 1769 1764 1743 1763 1768 1762 1762 1765 1783 1767 1771 1747 1760 1781 1757 1767 1774 1761 1764 1755 1763 1780 1764 1744 1770 1752 1768 1764 1769 1751 1749 1773 1755 1755 1764 1765 1750 1733 1743 1756 1744 1733 1763 1769 1781 1751 1763 1753 1759 1766 1757 1749 1753 1757 1763 1777 1755 1755 1756 1775 1744 1730 1760 1775 1753 1737 1760 1769 1759 1752 1760 1756 1774 1748 1759 1763 1761 1768 1746 1783 1783 1787 1767 1767 1762 1761 1751 1749 1760 1768 1762 1750 1746 1764 1762 1758 1753 1761 1776 1743 1754 1735 1751 1764 1757 1747 1755 1766 1734 1751 1759 1760 1744 1766 1776 1721 1750 1764 1753 1757 1758 1744 1758 1763 1777 1753 1747 1734 1760 1755 1750 1775 1764 1762 1757 1748 1766 1759 1754 1756 1772 1767 1749 1763 1779 1760 1755 1776 1751 1766 1737 1746 1765 1743 1767 1758 1769 1749 1767 1757 1753 1779 1756 1758

Tree=0
num_leaves=15
num_cat=0
split_feature=4 20 4 6 6 6 20 20 22 14 7 3 21 20
split_gain=8776.08 1237.05 991.17 402.651 347.332 244.681 192.949 150.454 69.7171 58.6111 58.2837 57.6993 54.9568 51.2407
threshold=129.50000000000003 6.3825188227241627 138.50000000000003 2.5000000000000004 2.5000000000000004 2.5000000000000004 5.2477891854893919 7.3315126625598914 1.5000000000000002 1.4740215924426454 2.5000000000000004 79.970000000000013 1.9290060024828339 7.847310061601644
decision_type=2 2 2 2 2 2 2 2 2 2 2 2 2 2
left_child=1 3 5 6 7 9 8 12 -1 -2 -5 -8 -3 -11
right_child=2 4 -4 10 -6 -7 11 -9 -10 13 -12 -13 -14 -15
leaf_value=-0.051018151485579519 -0.011738878117983298 -0.030726082960132423 0.0061201885204807925 -0.0019247481973757273 -0.0047314693643678435 0.0027850897262796277 -0.041576723058956898 -0.01773434726792588 -0.038884932265466438 -0.023034177543465567 -0.023844769917347835 -0.034036117276092188 -0.018905130566836879 -0.010629903538284767
leaf_weight=1277.6079619079828 513.19294576346874 1984.0294254869223 3224.1415559947491 85.490495592355728 293.46737375855446 306.96587306261063 1926.5358173400164 508.69344599545002 255.72157014906406 624.18060670793056 101.98866140842438 561.93752658367157 168.7312413007021 163.981769323349
leaf_count=5111 2053 7937 12898 342 1174 1228 7707 2035 1023 2497 408 2248 675 656
internal_value=-0.0210876 -0.0351333 -0.000271705 -0.0420906 -0.0252032 -0.0131311 -0.0434259 -0.0274877 -0.0490604 -0.016964 -0.0136215 -0.0399041 -0.0297957 -0.0204063
internal_weight=11996.7 7164.2 4832.46 4209.28 2954.92 1608.32 4021.8 2661.45 1533.33 1301.36 187.479 2488.47 2152.76 788.162
internal_count=47992 28660 19332 16839 11821 6434 16089 10647 6134 5206 750 9955 8612 3153
is_linear=0
shrinkage=1


Tree=1
num_leaves=15
num_cat=0
split_feature=4 20 4 6 6 6 20 0 6 12 11 10 20 16
split_gain=8430 1189.13 951.555 387.2 333.74 235.106 185.647 163.188 60.992 56.1014 55.8861 54.737 48.7272 47.2786
threshold=129.50000000000003 6.3825188227241627 138.50000000000003 2.5000000000000004 2.5000000000000004 2.5000000000000004 5.2477891854893919 60.703627652292958 1.5000000000000002 43.500000000000007 26.778167414559132 1.0000000180025095e-35 7.847310061601644 1.0000000180025095e-35
decision_type=2 2 2 2 2 2 2 2 2 2 2 2 2 2
left_child=1 3 5 6 7 9 8 11 -1 -2 -8 -3 -11 -5
right_child=2 4 -4 13 -6 -7 10 -9 -10 12 -12 -13 -14 -15
leaf_value=-0.028906044953994563 0.0091459988253449424 -0.0024036753949921294 0.026661747172333019 0.018743134513333006 0.01603283008693436 0.023400363944487523 -0.020760352469793124 0.0026232171127683057 -0.015644544351373361 -0.0018948821060090037 -0.014300991724500578 -0.010654191623675733 0.010209540655708964 -0.0012120115026293607
leaf_weight=1355.3892792463303 514.23221124708652 405.65945939719677 3224.4698253571987 77.749925851821899 293.49835556745529 306.99939614534378 1583.573629796505 627.68313686549664 177.18301838636398 623.41731122136116 904.18125396966934 1627.8840962201357 163.74537363648415 109.73549258708954
leaf_count=5425 2057 1623 12898 311 1174 1228 6337 2511 709 2494 3618 6513 655 439
internal_value=0 -0.0137687 0.0203993 -0.0205918 -0.00403305 0.0077996 -0.0219016 -0.00627272 -0.02743 0.00404237 -0.0184469 -0.00901926 0.0006691 0.00732488
internal_weight=11995.4 7162.54 4832.86 4207.81 2954.73 1608.39 4020.33 2661.23 1532.57 1301.39 2487.75 2033.54 787.163 187.485
internal_count=47992 28660 19332 16839 11821 6434 16089 10647 6134 5206 9955 8136 3149 750
is_linear=0
shrinkage=0.02


Tree=2
num_leaves=15
num_cat=0
split_feature=13 20 13 12 6 6 6 20 20 12 21 22 7 14
split_gain=7546.34 1225.52 795.414 389.725 383.11 273.794 266.693 232.629 136.741 101.566 65.1138 59.8643 55.9067 42.3413
threshold=96.500000000000014 6.5183025325119788 105.50000000000001 52.500000000000007 2.5000000000000004 2.5000000000000004 2.5000000000000004 5.2477891854893919 7.3058179329226567 39.500000000000007 1.6055596636312977 1.5000000000000002 2.5000000000000004 1.4551208285385504
decision_type=2 2 2 2 2 2 2 2 2 2 2 2 2 2
left_child=1 4 3 5 7 9 8 11 -3 -2 -9 -1 -6 -11
right_child=2 6 -4 -5 12 -7 -8 10 -10 13 -12 -13 -14 -15
leaf_value=-0.028820758891307433 -0.01070123265484374 -0.0070743232124694201 0.02649795669069397 0.02410636021768859 0.018008506342886338 0.022501839992863849 0.016748438296025878 -0.018383799403612778 0.0042833567705294964 0.0084670745633153924 -0.0093925390155292325 -0.017419743735764406 -0.0022814662913504119 0.00066381020484729031
leaf_weight=1255.0005195140839 223.35247778892517 1648.6530574262142 2644.3000849336386 597.34231787919998 92.744082480669022 298.2018811404705 268.98727662861347 2491.9831325858831 566.20836916565895 471.24921351671219 390.2809674590826 251.28309156000614 119.73378895223141 672.41235764324665
leaf_count=5028 894 6597 10580 2390 371 1193 1076 9976 2265 1885 1562 1006 479 2690
internal_value=0 -0.0132 0.0190536 0.010313 -0.0193064 0.00530653 -0.00187192 -0.0205759 -0.00416683 0.00148574 -0.0171854 -0.0269841 0.00677609 0.00390377
internal_weight=11991.7 7084.87 4906.86 2262.56 4601.03 1665.22 2483.85 4388.55 2214.86 1367.01 2882.26 1506.28 212.478 1143.66
internal_count=47992 28360 19632 9052 18422 6662 9938 17572 8862 5469 11538 6034 850 4575
is_linear=0
shrinkage=0.02


Tree=3
num_leaves=15
num_cat=0
split_feature=4 0 4 6 6 6 21 0 7 4 22 14 13 0
split_gain=7788.99 1039.93 879.853 353.889 297.904 217.717 166.027 141.22 63.2964 57.7503 53.6637 51.6732 46.9298 46.3032
threshold=129.50000000000003 54.898015058179332 138.50000000000003 2.5000000000000004 2.5000000000000004 2.5000000000000004 1.2001280318937066 60.703627652292958 2.5000000000000004 118.50000000000001 1.5000000000000002 1.4740215924426454 93.166666666666671 59.522245037645455
decision_type=2 2 2 2 2 2 2 2 2 2 2 2 2 2
left_child=1 3 5 6 7 11 12 9 -5 -3 -8 -2 -1 -13
right_child=2 4 -4 8 -6 -7 10 -9 -10 -11 -12 13 -14 -15
leaf_value=-0.028031742521942946 0.0087893458806990368 -0.015015367881609799 0.025639232707465182 0.01994071454982024 0.015533733542482369 0.022516275136069252 -0.018164955640051921 0.0021379754852412017 -0.002742173216387526 -0.0066211366167668699 -0.010060567221369297 -0.0024224377334001648 -0.021369747223884912 0.0082033847248379442
leaf_weight=973.37781199812889 513.24054352939129 436.98832662403584 3221.7397541105747 81.477380380034447 287.94122813642025 306.82011026144028 1836.7948429584503 653.15906673669815 111.48285111784935 1356.7811622768641 425.4813959300518 562.40570373833179 992.48796917498112 225.74026741087437
leaf_count=3903 2053 1750 12898 326 1152 1228 7358 2613 446 5430 1704 2250 3978 903
internal_value=1.86658e-07 -0.013242 0.0196134 -0.0192336 -0.00353796 0.00749834 -0.0204422 -0.00581013 0.00708731 -0.00870326 -0.0166671 0.00388349 -0.0247321 0.00065101
internal_weight=11985.9 7155.97 4829.95 4421.1 2734.87 1608.21 4228.14 2446.93 192.96 1793.77 2262.28 1301.39 1965.87 788.146
internal_count=47992 28660 19332 17715 10945 6434 16943 9793 772 7180 9062 5206 7881 3153
is_linear=0
shrinkage=0.02


Tree=4
num_leaves=15
num_cat=0
split_feature=4 20 4 6 6 6 20 0 22 3 7 12 21 20
split_gain=7486.64 1067.61 846.609 344.426 295.893 209.456 168.953 144.636 62.4206 52.7069 50.6817 49.4659 45.1352 45.063
threshold=129.50000000000003 6.3825188227241627 138.50000000000003 2.5000000000000004 2.5000000000000004 2.5000000000000004 5.2477891854893919 60.703627652292958 1.5000000000000002 79.970000000000013 2.5000000000000004 43.500000000000007 1.8797152584178818 7.847310061601644
decision_type=2 2 2 2 2 2 2 2 2 2 2 2 2 2
left_child=1 3 5 6 7 11 8 12 -1 -8 -5 -2 -3 -13
right_child=2 4 -4 10 -6 -7 9 -9 -10 -11 -12 13 -14 -15
leaf_value=-0.027839513594317897 0.0085994789613993792 -0.0094000074291446783 0.02515037705853744 0.017782853339873769 0.015134494703838392 0.022087891997435886 -0.019003147371536085 0.0025011930254698711 -0.016369066461503243 -0.011806253180431818 -0.0026573155577066221 -0.0018264442179767696 0.00093541471233306956 0.0098140022438137943
leaf_weight=1272.1797423511744 514.2145448923111 1847.5788181126118 3218.7998799681664 85.440396204590797 293.368044257164 306.61424450576305 1922.1225984841585 627.70474752783775 255.15778833627701 561.10305619239807 101.98073855042458 623.3839807510376 184.65021143853664 163.74533568322659
leaf_count=5111 2057 7397 12898 342 1174 1228 7707 2511 1023 2248 408 2494 739 655
internal_value=1.48874e-07 -0.0129867 0.0192352 -0.0194627 -0.0037632 0.00735186 -0.0207008 -0.00587269 -0.0259842 -0.0174048 0.00687038 0.00380706 -0.00845995 0.000639238
internal_weight=11978 7151.29 4826.76 4197.98 2953.3 1607.96 4010.56 2659.93 1527.34 2483.23 187.421 1301.34 2032.23 787.129
internal_count=47992 28660 19332 16839 11821 6434 16089 10647 6134 9955 750 5206 8136 3149
is_linear=0
shrinkage=0.02


Tree=5
num_leaves=15
num_cat=0
split_feature=4 20 4 6 6 6 20 0 22 11 7 14 20 21
split_gain=7197.38 1027.94 815.15 331.597 284.406 201.578 163.32 138.981 60.3044 50.7672 48.8139 47.6962 43.8319 43.3815
threshold=129.50000000000003 6.3825188227241627 138.50000000000003 2.5000000000000004 2.5000000000000004 2.5000000000000004 5.2477891854893919 60.703627652292958 1.5000000000000002 26.778167414559132 2.5000000000000004 1.4740215924426454 7.847310061601644 1.8797152584178818
decision_type=2 2 2 2 2 2 2 2 2 2 2 2 2 2
left_child=1 3 5 6 7 11 8 13 -1 -8 -5 -2 -13 -3
right_child=2 4 -4 10 -6 -7 9 -9 -10 -11 -12 12 -14 -15
leaf_value=-0.027340661367655086 0.008446092099016457 -0.0092153068923295136 0.02467834312532036 0.017455938573777384 0.014842322160292585 0.021672688187151682 -0.019279072736971794 0.0024515270735376822 -0.016061493821133657 -0.013127347189413628 -0.0026067446878911761 -0.0018038436872648224 0.0096686829484447807 0.00091718133068331199
leaf_weight=1269.6005224585533 513.17001619935036 1847.023087978363 3214.8936114907265 85.393802553415298 293.2596251219511 306.33707834780216 1578.6686223000288 627.71467712521553 254.94100470840931 902.31686452031136 101.97699517011642 624.118368268013 163.98353791236877 184.65413276851177
leaf_count=5111 2053 7397 12898 342 1174 1228 6337 2511 1023 3618 408 2497 656 739
internal_value=2.42797e-07 -0.012738 0.0188687 -0.0190983 -0.00368841 0.00720884 -0.0203145 -0.00575662 -0.0255145 -0.0170734 0.00674243 0.0037324 0.000626675 -0.00829342
internal_weight=11968.1 7145.55 4822.5 4192.9 2952.65 1607.61 4005.53 2659.39 1524.54 2480.99 187.371 1301.27 788.102 2031.68
internal_count=47992 28660 19332 16839 11821 6434 16089 10647 6134 9955 750 5206 3153 8136
is_linear=0
shrinkage=0.02


Tree=6
num_leaves=15
num_cat=0
split_feature=4 20 4 6 6 6 20 18 22 10 3 7 12 20
split_gain=6920.55 990.099 785.352 319.33 273.384 194.061 158.039 133.552 58.3328 52.7058 49.7332 47.0227 45.6524 41.6528
threshold=129.50000000000003 6.3825188227241627 138.50000000000003 2.5000000000000004 2.5000000000000004 2.5000000000000004 5.2477891854893919 36.849304176440519 1.5000000000000002 1.0000000180025095e-35 79.970000000000013 2.5000000000000004 43.500000000000007 7.847310061601644
decision_type=2 2 2 2 2 2 2 2 2 2 2 2 2 2
left_child=1 3 5 6 7 12 8 9 -1 -3 -8 -5 -2 -14
right_child=2 4 -4 11 -6 -7 10 -9 -10 -11 -12 -13 13 -15
leaf_value=-0.026859895726898352 0.008263864175952847 -0.0016470544508283881 0.024222100104078159 0.017137391069268468 0.014557296439380338 0.021269936644388882 -0.01830501958406331 0.0024028525654776413 -0.015761482434349511 -0.0097353160871779931 -0.01131328761418118 -0.0025571450191015587 -0.0017545081256689144 0.0094376622079945655
leaf_weight=1266.5978716015816 514.10771754384041 405.26107965409756 3210.0812521576881 85.334986492991447 293.12076698243618 305.99295555055141 1917.9802430570126 627.72250385582447 254.69541724026203 1625.7961511164904 560.43915817141533 101.97296416759491 623.35195381939411 163.71425053477287
leaf_count=5111 2057 1623 12898 342 1174 1228 7707 2511 1023 6513 2248 408 2494 655
internal_value=3.20309e-07 -0.0124957 0.018513 -0.0187444 -0.00361523 0.00706903 -0.0199393 -0.005643 -0.0250608 -0.00813044 -0.0167508 0.00661731 0.00365928 0.000615882
internal_weight=11956.2 7138.92 4817.25 4187.02 2951.9 1607.17 3999.71 2658.78 1521.29 2031.06 2478.42 187.308 1301.17 787.066
internal_count=47992 28660 19332 16839 11821 6434 16089 10647 6134 8136 9955 750 5206 3149
is_linear=0
shrinkage=0.02


Tree=7
num_leaves=15
num_cat=0
split_feature=4 20 4 6 6 6 20 0 22 3 7 21 0 13
split_gain=6655.5 954.116 757.089 288.934 275.16 186.886 149.645 135.4 56.4921 49.0397 47.1572 42.9052 42.3299 46.2459
threshold=129.50000000000003 6.3245722108145115 138.50000000000003 2.5000000000000004 2.5000000000000004 2.5000000000000004 5.2477891854893919 60.703627652292958 1.5000000000000002 78.250000000000014 2.5000000000000004 1.8797152584178818 59.522245037645455 98.166666666666671
decision_type=2 2 2 2 2 2 2 2 2 2 2 2 2 2
left_child=1 3 5 6 7 12 8 11 -1 -8 -5 -3 13 -2
right_child=2 4 -4 10 -6 -7 9 -9 -10 -11 -12 -13 -14 -15
leaf_value=-0.026396064597642922 -0.0025454118301207551 -0.0090817114303209674 0.02378070042334238 0.016895596975526731 0.01428209122131875 0.020878965761711343 -0.018110651675880683 0.0023703955736736068 -0.015468718365599793 -0.011223288880699558 -0.003225871819795357 0.0008754540604399508 0.0094481210076357656 0.0063058682683490739
leaf_weight=1263.199127972126 530.34755602478981 1897.5021759569645 3204.4201460331678 81.774002999067307 300.94323191046715 305.58604371547699 1836.3771215379238 631.46596977114677 254.42287138104439 579.21335591375828 97.469441637396812 189.1074100881815 353.12694941461086 417.57764239609241
leaf_count=5111 2122 7605 12898 328 1206 1228 7389 2526 1023 2325 390 757 1413 1671
internal_value=3.83901e-07 -0.0122596 0.0181677 -0.0185222 -0.00371157 0.00693231 -0.0196535 -0.00572712 -0.0246223 -0.0164866 0.00615243 -0.00817841 0.00358766 0.00136426
internal_weight=11942.5 7131.47 4811.06 4112.46 3019.02 1606.64 3933.21 2718.08 1517.62 2415.59 179.243 2086.61 1301.05 947.925
internal_count=47992 28660 19332 16566 12094 6434 15848 10888 6134 9714 718 8362 5206 3793
is_linear=0
shrinkage=0.02


Tree=8
num_leaves=15
num_cat=0
split_feature=4 0 4 15 22 15 0 0 13 4 4 7 22 5
split_gain=6401.57 876.977 730.271 260.089 154.861 137.909 131.532 113.367 72.1173 69.3557 51.2836 45.5653 39.8257 35.6008
threshold=129.50000000000003 54.898015058179332 138.50000000000003 1.0000000180025095e-35 2.5000000000000004 1.0000000180025095e-35 44.034223134839159 60.703627652292958 93.166666666666671 118.50000000000001 118.50000000000001 1.5000000000000002 5.0000000000000009 89.500000000000014
decision_type=2 2 2 2 2 2 2 2 2 2 2 2 2 2
left_child=1 3 5 6 7 13 -1 10 -5 -8 -3 -6 -13 -2
right_child=2 4 -4 8 11 -7 9 -9 -10 -11 -12 12 -14 -15
leaf_value=-0.025819665808366438 -0.00032489340251727606 -0.014101373674382158 0.023353266543778874 -0.013230444853184777 0.017561093463544123 0.014994006333555184 -0.022074665307812588 0.0021600190489110809 0.00012085634324221296 -0.015009779295730524 -0.0058922743352466675 -0.0040704173998494528 0.009848074820543418 0.007132922257934036
leaf_weight=1010.6784710437059 650.52153745293617 403.43140804767609 3197.9648013561964 286.22857128083706 125.65452067553997 539.26131042838097 845.93324144184589 607.11618155241013 363.34475815296173 1886.4232770502567 1272.6290465593338 148.21455256640911 173.59294764697552 416.25811289250851
leaf_count=4098 2603 1622 12898 1151 504 2165 3418 2429 1459 7589 5100 594 696 1666
internal_value=4.5262e-07 -0.0120292 0.017832 -0.0175575 -0.0031195 0.00679839 -0.0195842 -0.00522923 -0.00581534 -0.0172341 -0.00790548 0.00757983 0.00346733 0.00260299
internal_weight=11927.3 7123.25 4804.01 4392.61 2730.64 1606.04 3743.03 2283.18 649.573 2732.36 1676.06 447.462 321.808 1066.78
internal_count=47992 28660 19332 17715 10945 6434 15105 9151 2610 11007 6722 1794 1290 4269
is_linear=0
shrinkage=0.02


Tree=9
num_leaves=15
num_cat=0
split_feature=13 20 13 6 12 6 20 6 20 12 19 22 7 8
split_gain=5758.16 954.009 619.922 305.799 292.098 213.449 197.313 193.126 98.019 73.8328 53.8257 48.473 48.4029 33.2951
threshold=96.500000000000014 6.5844900752908968 105.83333333333336 2.5000000000000004 52.500000000000007 2.5000000000000004 5.2477891854893919 2.5000000000000004 7.4416153319644094 39.500000000000007 9.5113480554312062 1.5000000000000002 2.5000000000000004 1.0000000180025095e-35
decision_type=2 2 2 2 2 2 2 2 2 2 2 2 2 2
left_child=1 3 4 6 5 9 11 8 -3 -2 -8 -1 -5 -11
right_child=2 7 -4 12 -6 -7 10 -9 -10 13 -12 -13 -14 -15
leaf_value=-0.025557614461914707 -0.0091236138208211845 -0.0053321934498966094 0.023328207584976994 0.016143389042602884 0.021000622652260402 0.019891441692268089 -0.015985950624230062 0.015111845834909432 0.0054095638069911389 0.0045171227827380022 -0.008133194505087156 -0.015276483384641238 -0.0022452100499808616 -0.0065023189010951013
leaf_weight=1235.1433362215757 222.29772597551346 1663.453922778368 2616.5574795454741 97.392257690429688 591.73895098268986 296.66031324863434 2565.3988354504108 255.54027171432972 422.2027526050806 1025.1846830099821 424.55497381091118 249.60307163000107 127.15689536929131 118.18629083037376
leaf_count=5028 894 6666 10576 391 2391 1195 10338 1026 1690 4103 1706 1006 509 473
internal_value=2.3151e-07 -0.0115627 0.0167095 -0.0167547 0.0089909 0.00466444 -0.0178973 -0.00112706 -0.00314903 0.00129477 -0.014887 -0.0238877 0.00589956 0.00335299
internal_weight=11911.1 7040.45 4870.63 4699.25 2254.07 1662.33 4474.7 2341.2 2085.66 1365.67 2989.95 1484.75 224.549 1143.37
internal_count=47992 28360 19632 18978 9056 6665 18078 9382 8356 5470 12044 6034 900 4576
is_linear=0
shrinkage=0.02


Tree=10
num_leaves=15
num_cat=0
split_feature=4 20 4 6 6 6 20 18 22 10 19 7 18 14
split_gain=5928.05 862.372 681.789 279.251 233.981 170.122 139.19 114.524 51.7219 51.0597 46.4115 42.0586 40.44 41.636
threshold=128.50000000000003 6.3825188227241627 138.50000000000003 2.5000000000000004 2.5000000000000004 2.5000000000000004 5.2477891854893919 36.849304176440519 1.5000000000000002 1.0000000180025095e-35 7.1707025506978335 2.5000000000000004 35.428976561954663 1.5108139534883722
decision_type=2 2 2 2 2 2 2 2 2 2 2 2 2 2
left_child=1 3 5 6 7 12 8 9 -1 -3 -8 -5 13 -2
right_child=2 4 -4 11 -6 -7 10 -9 -10 -11 -12 -13 -14 -15
leaf_value=-0.025122203309013807 0.0061045549411819864 -0.0011089898446260316 0.022544046752713411 0.016244581161707086 0.013530865238341553 0.019877593177141134 -0.017695051749239094 0.002267828449664013 -0.014648795781287116 -0.0090691357068248997 -0.011814389755699539 -0.0023954965796199215 0.0090813363643680554 -0.0023488648619673139
leaf_weight=1251.1617145985365 394.87722945213318 404.54953150451183 3182.9931916445494 85.095872864127159 292.3244694173336 304.20347888767719 1567.4139550924301 627.71705815196037 253.47173833847046 1622.5618577748537 898.15075293183327 101.95142018795013 352.98583351075649 553.83520944416523
leaf_count=5111 1581 1622 12898 342 1174 1228 6336 2511 1023 6511 3618 408 1413 2216
internal_value=3.7861e-07 -0.0115894 0.0171885 -0.0174513 -0.00330431 0.00653526 -0.0185762 -0.00518074 -0.0234135 -0.00748816 -0.0155819 0.00627641 0.00335153 0.00118112
internal_weight=11893.3 7104.4 4788.89 4157.25 2947.15 1605.9 3970.2 2654.83 1504.63 2027.11 2465.56 187.047 1301.7 948.712
internal_count=47992 28656 19336 16838 11818 6438 16088 10644 6134 8133 9954 750 5210 3797
is_linear=0
shrinkage=0.02


Tree=11
num_leaves=15
num_cat=0
split_feature=4 20 4 6 6 6 20 0 10 22 3 7 0 13
split_gain=5704.24 831.84 658.61 252.756 235.84 164.003 132.321 116.369 50.4116 50.2883 45.692 42.3426 38.8721 40.0741
threshold=128.50000000000003 6.3245722108145115 138.50000000000003 2.5000000000000004 2.5000000000000004 2.5000000000000004 5.2477891854893919 60.703627652292958 1.0000000180025095e-35 1.5000000000000002 78.250000000000014 2.5000000000000004 59.522245037645455 98.166666666666671
decision_type=2 2 2 2 2 2 2 2 2 2 2 2 2 2
left_child=1 3 5 6 7 12 9 8 -3 -1 -8 -5 13 -2
right_child=2 4 -4 11 -6 -7 10 -9 -10 -11 -12 -13 -14 -15
leaf_value=-0.024715494093492097 -0.0024786543120321239 -0.0012868275309145495 0.022153710799722 0.016036526416012973 0.013287337035179493 0.019525130871301474 -0.016912887175539629 0.0022416900955765642 -0.0090909167456173206 -0.014381844722486449 -0.010265857577329627 -0.0030457773442327078 0.0089043491193849557 0.0057577322706276147
leaf_weight=1246.4449565112591 530.81784431636333 415.92359204590321 3174.4678172320127 81.519358471035957 300.03967145085335 303.59732070565224 1824.8780974447727 631.44958838820457 1666.292857170105 253.1095224916935 577.11543330550194 97.446624264121056 352.90214069187641 417.79868702590466
leaf_count=5111 2124 1668 12898 328 1206 1228 7388 2526 6691 1023 2325 390 1413 1673
internal_value=4.23775e-07 -0.0113748 0.0168791 -0.0172554 -0.00339661 0.00640981 -0.0183212 -0.00526307 -0.00753982 -0.0230262 -0.0153413 0.00583499 0.00328594 0.00115796
internal_weight=11873.8 7094.22 4779.58 4080.51 3013.71 1605.12 3901.55 2713.67 2082.22 1499.55 2401.99 178.966 1301.52 948.617
internal_count=47992 28656 19336 16565 12091 6438 15847 10885 8359 6134 9713 718 5210 3797
is_linear=0
shrinkage=0.02


Tree=12
num_leaves=15
num_cat=0
split_feature=4 20 4 6 6 20 6 0 11 22 7 14 20 11
split_gain=5489.56 804.422 636.494 295.986 175.789 167.552 158.141 75.2176 55.7607 48.9361 42.9419 37.6192 35.7932 32.0041
threshold=128.50000000000003 6.5183025325119788 138.50000000000003 2.5000000000000004 2.5000000000000004 5.2477891854893919 2.5000000000000004 60.703627652292958 30.859491188280789 1.5000000000000002 2.5000000000000004 1.4740215924426454 7.847310061601644 33.597459368151938
decision_type=2 2 2 2 2 2 2 2 2 2 2 2 2 2
left_child=1 3 6 5 7 9 11 13 -7 -1 -5 -2 -13 -3
right_child=2 4 -4 10 -6 8 -8 -9 -10 -11 -12 12 -14 -15
leaf_value=-0.024321229927980876 0.0074089586629105721 -0.0068867977300686879 0.021774466233559078 0.015988556918694594 0.0136148127199473 -0.015455097913249146 0.019181878165647034 0.0021607899323357687 -0.0073482137560848607 -0.014120846003932593 -0.0014572941787435315 -0.0017284353286925098 0.0086429742020604668 0.0036394128943934212
leaf_weight=1241.4489500671625 513.00621238350868 1433.6823402047157 3165.3408753275871 97.561691418290138 257.65544398128986 2523.8089032620192 302.94548039138317 621.71879591047764 409.14220750331879 252.72830171883106 123.3911229968071 624.53812384605408 163.77716638147831 122.31602117419243
leaf_count=5111 2055 5755 12898 393 1037 10218 1228 2487 1648 1023 494 2499 656 490
internal_value=4.73602e-07 -0.0111652 0.0165777 -0.0160397 -0.0018474 -0.0171671 0.00628701 -0.00370472 -0.0143393 -0.0226501 0.00642041 0.00322165 0.000464659 -0.00604905
internal_weight=11853.1 7083.45 4769.61 4648.08 2435.37 4427.13 1604.27 2177.72 2932.95 1494.18 220.953 1301.32 788.315 1556
internal_count=47992 28656 19336 18887 9769 18000 6438 8732 11866 6134 887 5210 3155 6245
is_linear=0
shrinkage=0.02


Tree=13
num_leaves=15
num_cat=0
split_feature=4 20 4 6 6 6 20 0 22 10 3 7 0 13
split_gain=5283.5 777.327 615.352 250.268 207.855 152.519 127.546 101.332 49.0376 47.2417 43.3889 37.7264 36.547 36.9433
threshold=128.50000000000003 6.3825188227241627 138.50000000000003 2.5000000000000004 2.5000000000000004 2.5000000000000004 5.2327036276522945 60.703627652292958 1.5000000000000002 1.0000000180025095e-35 79.970000000000013 2.5000000000000004 59.522245037645455 98.166666666666671
decision_type=2 2 2 2 2 2 2 2 2 2 2 2 2 2
left_child=1 3 5 6 7 12 8 9 -1 -3 -8 -5 13 -2
right_child=2 4 -4 11 -6 -7 10 -9 -10 -11 -12 -13 -14 -15
leaf_value=-0.024099913661099426 -0.0023956798471186373 -0.00090479464614618462 0.021405720001629956 0.015392813098169231 0.012792940096488254 0.018847396306515839 -0.016267634760504319 0.0021385763236151105 -0.013793323166847895 -0.0085623110009437099 -0.0097886441783849847 -0.0022780512228397698 0.0086082622643004585 0.0055134634039952493
leaf_weight=1199.6455412209034 530.77654027938843 404.32123690843582 3155.654812514782 84.766629785299301 291.48072274029255 302.25109116733074 1928.2940265983343 627.71252666413784 247.88595862686634 1619.8618724346161 566.27272064983845 101.9362645894289 352.71178679168224 417.61220426857471
leaf_count=4960 2124 1622 12898 342 1174 1228 7837 2511 1005 6511 2286 408 1413 1673
internal_value=6.63765e-07 -0.0109601 0.0162839 -0.0165538 -0.0030983 0.00616698 -0.0176251 -0.00486651 -0.0223899 -0.00703974 -0.0148202 0.00592664 0.00315886 0.00109557
internal_weight=11831.2 7072.18 4759.01 4128.8 2943.38 1603.35 3942.1 2651.9 1447.53 2024.18 2494.57 186.703 1301.1 948.389
internal_count=47992 28656 19336 16838 11818 6438 16088 10644 5965 8133 10123 750 5210 3797
is_linear=0
shrinkage=0.02


Tree=14
num_leaves=15
num_cat=0
split_feature=4 20 4 6 20 6 6 0 11 22 22 0 14 11
split_gain=5085.78 752.089 595.152 282.21 167.544 155.662 147.132 61.7599 52.0278 46.452 42.6138 35.135 35.5182 30.2263
threshold=128.50000000000003 6.5844900752908968 138.50000000000003 2.5000000000000004 5.2477891854893919 2.5000000000000004 2.5000000000000004 60.703627652292958 30.859491188280789 1.5000000000000002 7.5000000000000009 59.522245037645455 1.5108139534883722 33.597459368151938
decision_type=2 2 2 2 2 2 2 2 2 2 2 2 2 2
left_child=1 3 6 4 9 7 11 13 -6 -1 -5 12 -2 -3
right_child=2 5 -4 10 8 -7 -8 -9 -10 -11 -12 -13 -14 -15
leaf_value=-0.023568949964167824 0.0056242849682280483 -0.0063063499840717964 0.02104691747284029 0.015438379451199941 -0.014716298595596875 0.013561028920829242 0.018521269779666481 0.0020920755919921845 -0.0070324903551441413 -0.013617159511999712 -0.0015150854771557598 0.0084412631452895435 -0.0021855449774774178 0.0042102903214229137
leaf_weight=1230.7239339798689 394.52817307412624 1312.1581063717604 3145.4503741264343 101.99531686306 2626.3586672246456 244.90775400400162 301.51715356111526 621.46233254671097 424.44220981001854 251.91657094657421 130.83136692643166 352.59600637853146 553.74681694805622 115.56640526652336
leaf_count=5111 1581 5271 12898 412 10666 988 1228 2486 1712 1023 524 1413 2216 463
internal_value=7.21644e-07 -0.0107599 0.0159973 -0.0152846 -0.0163874 -0.00134541 0.00604928 -0.00315659 -0.0136612 -0.0219308 0.00607181 0.00309713 0.00107408 -0.00544197
internal_weight=11808.2 7060.36 4747.84 4766.27 4533.44 2294.09 1602.39 2049.19 3050.8 1482.64 232.827 1300.87 948.275 1427.72
internal_count=47992 28656 19336 19448 18512 9208 6438 8220 12378 6134 936 5210 3797 5734
is_linear=0
shrinkage=0.02


Tree=15
num_leaves=15
num_cat=0
split_feature=4 20 4 6 6 6 20 0 10 3 7 8 24 11
split_gain=4895.87 727.18 575.814 218.271 201.623 141.961 119.362 98.9113 46.76 40.2498 36.845 34.0597 32.5134 32.2661
threshold=128.50000000000003 6.3245722108145115 138.50000000000003 2.5000000000000004 2.5000000000000004 2.5000000000000004 5.023545516769337 60.703627652292958 1.0000000180025095e-35 59.100000000000009 2.5000000000000004 1.0000000180025095e-35 1.5000000000000002 33.026561594524559
decision_type=2 2 2 2 2 2 2 2 2 2 2 2 2 2
left_child=1 3 5 6 7 11 -1 8 -3 -8 -5 -2 -11 -10
right_child=2 4 -4 10 -6 -7 9 -9 13 12 -12 -13 -14 -15
leaf_value=-0.022673518370915097 0.0041544225820643148 -0.00091759350061271824 0.020697548797922242 0.01493639638552577 0.012350272750445299 0.018203112277793931 -0.020945599264817944 0.0020821130131640818 -0.0092790565016764269 -0.014545347336067419 -0.0028885161319220846 -0.0062133013476705634 -0.006474623144731617 0.00069615138280904997
leaf_weight=1113.9852755516768 1163.0553427636623 415.44410561025143 3134.7658887952566 81.049460381269455 298.77891400456429 300.74653948843479 384.3002136349678 631.42163221538067 1521.5476138442755 2129.4611471146345 97.4271330088377 137.56915713846684 234.09982195496559 140.61274214088917
leaf_count=4629 4659 1668 12898 328 1206 1228 1574 2526 6127 8693 390 551 951 564
internal_value=9.0404e-07 -0.0105637 0.0157177 -0.0161017 -0.00310956 0.00593406 -0.0171008 -0.00483497 -0.00693812 -0.0148038 0.00538165 0.00303669 -0.0137622 -0.00843443
internal_weight=11784.3 7048.13 4736.14 4040.32 3007.81 1601.37 3861.85 2709.03 2077.6 2747.86 178.477 1300.62 2363.56 1662.16
internal_count=47992 28656 19336 16565 12091 6438 15847 10885 8359 11218 718 5210 9644 6691
is_linear=0
shrinkage=0.02


Tree=16
num_leaves=15
num_cat=0
split_feature=4 20 4 6 20 6 6 0 21 6 7 10 14 21
split_gain=4713.33 703.194 557.448 262.064 159.072 144.014 137.029 56.8669 50.1934 43.2567 39.914 34.4305 34.003 32.0055
threshold=128.50000000000003 6.5844900752908968 138.50000000000003 2.5000000000000004 5.2477891854893919 2.5000000000000004 2.5000000000000004 62.090349075975361 1.5926058860218131 1.5000000000000002 2.5000000000000004 1.0000000180025095e-35 1.4740215924426454 1.441600939906577
decision_type=2 2 2 2 2 2 2 2 2 2 2 2 2 2
left_child=1 3 6 4 9 7 12 11 -6 -1 -5 -3 -2 -14
right_child=2 5 -4 10 8 -7 -8 -9 -10 -11 -12 -13 13 -15
leaf_value=-0.022535387614091511 0.0069593542388244603 0.0012319331108071594 0.020357131664923228 0.014915152707102941 -0.014250325882151834 0.013086468192769795 0.017892562044683064 0.0036347125694099918 -0.0068847104051739339 -0.011364715592822754 -0.0015055247621802868 -0.0060856830104736919 -0.0043890267217922491 0.0037364541380860688
leaf_weight=1296.4505004584789 512.48759922385216 316.54169498383999 3123.6381927877665 101.67296236753464 2590.6398287117481 244.28398463129997 299.94197767972946 407.95906740427017 449.8291068226099 174.03723406791687 130.80093787610531 1323.4200685918331 327.04720236361027 461.0079174041748
leaf_count=5425 2055 1269 12898 412 10560 988 1228 1632 1818 709 524 5319 1309 1846
internal_value=8.20028e-07 -0.0103718 0.0154438 -0.0147634 -0.0158304 -0.00127067 0.00581969 -0.00301192 -0.0131744 -0.0212576 0.0058305 -0.00467259 0.00297595 0.000355402
internal_weight=11759.8 7035.64 4724.12 4743.43 4510.96 2292.2 1600.48 2047.92 3040.47 1470.49 232.474 1639.96 1300.54 788.055
internal_count=47992 28656 19336 19448 18512 9208 6438 8220 12378 6134 936 6588 5210 3155
is_linear=0
shrinkage=0.02


Tree=17
num_leaves=15
num_cat=0
split_feature=4 20 4 6 6 6 20 0 22 10 0 13 7 21
split_gain=4538.06 680.474 539.729 216.711 177.454 132.271 115.901 86.517 47.8549 42.6233 33.4607 32.9584 32.6891 32.3799
threshold=128.50000000000003 6.3825188227241627 138.50000000000003 2.5000000000000004 2.5000000000000004 2.5000000000000004 5.023545516769337 60.703627652292958 1.5000000000000002 1.0000000180025095e-35 59.522245037645455 98.166666666666671 2.5000000000000004 1.9739676898930802
decision_type=2 2 2 2 2 2 2 2 2 2 2 2 2 2
left_child=1 3 5 6 7 10 -1 9 -8 -3 11 -2 -5 -11
right_child=2 4 -4 12 -6 -7 8 -9 -10 13 -12 -13 -14 -15
leaf_value=-0.021997854476462565 -0.0023525095415815179 -0.00065279045040601087 0.020025220221259507 0.01434014411615557 0.01188567882245402 0.017589280469493231 -0.015427032806870623 0.0020040707972643259 -0.0082645335239906036 -0.0086422901247196499 0.0081345516118797798 0.0051196229121387637 -0.0021352265183179099 0.0031349324279372928
leaf_weight=1104.0712800621986 530.74425116181374 403.97106875479221 3112.1023040860891 84.216732054948807 290.10216143727303 299.10606347024441 2326.0197687298059 627.68211787939072 469.09986990690231 1518.7931127995253 352.34000790119171 417.24080695211887 101.91514208912849 96.782830446958542
leaf_count=4629 2124 1622 12898 342 1174 1228 9547 2511 1912 6123 1413 1673 408 388
internal_value=9.61422e-07 -0.0101838 0.0151768 -0.0154582 -0.00283365 0.00570868 -0.0164644 -0.00446681 -0.0142426 -0.00647896 0.00291741 0.00094374 0.00548884 -0.00792803
internal_weight=11734.2 7022.65 4711.53 4085.32 2937.33 1599.43 3899.19 2647.23 2795.12 2019.55 1300.33 947.985 186.132 1615.58
internal_count=47992 28656 19336 16838 11818 6438 16088 10644 11459 8133 5210 3797 750 6511
is_linear=0
shrinkage=0.02


Tree=18
num_leaves=15
num_cat=0
split_feature=4 20 4 6 20 6 6 0 11 22 7 11 8 10
split_gain=4369.69 657.368 522.68 243.408 151.448 133.33 127.689 52.7421 48.6229 45.3679 37.4015 32.7385 32.5794 30.8826
threshold=128.50000000000003 6.5844900752908968 138.50000000000003 2.5000000000000004 5.2477891854893919 2.5000000000000004 2.5000000000000004 62.090349075975361 30.859491188280789 1.5000000000000002 2.5000000000000004 33.597459368151938 1.0000000180025095e-35 1.0000000180025095e-35
decision_type=2 2 2 2 2 2 2 2 2 2 2 2 2 2
left_child=1 3 6 4 9 7 12 11 -6 -1 -5 13 -2 -3
right_child=2 5 -4 10 8 -7 -8 -9 -10 -11 -12 -13 -14 -15
leaf_value=-0.022252370596937056 0.0039543570456685483 0.00054096386408047535 0.019701403446460888 0.014414056817301671 -0.013728898126141564 0.012631973265572707 0.017292952576896687 0.0035234731459387642 -0.006296187433557969 -0.01241835723487506 -0.0014953441448259084 0.00471506563114553 -0.0061858422749119981 -0.0067281329798017046
leaf_weight=1208.0400025993586 1162.5201001614332 287.81297792494297 3100.1909483224154 101.32007743418217 2606.6971256881952 243.60778015851974 298.24123598635197 407.93934069573879 422.75270436704159 249.55657160282135 130.77125036716461 137.81799317896366 137.5315206348896 1213.0854494571686
leaf_count=5111 4659 1154 12898 412 10666 988 1228 1632 1712 1023 524 552 551 4882
internal_value=1.17543e-06 -0.0099997 0.0149161 -0.0142628 -0.0152957 -0.00120259 0.00560038 -0.00287702 -0.0127044 -0.0206183 0.00559902 -0.00447744 0.00286051 -0.00533571
internal_weight=11707.9 7009.4 4698.48 4719.14 4487.05 2290.26 1598.29 2046.66 3029.45 1457.6 232.091 1638.72 1300.05 1500.9
internal_count=47992 28656 19336 19448 18512 9208 6438 8220 12378 6134 936 6588 5210 6036
is_linear=0
shrinkage=0.02


Tree=19
num_leaves=15
num_cat=0
split_feature=13 20 13 6 14 20 6 6 20 20 21 13 22 7
split_gain=3961.61 675.273 452.687 208.001 197.279 149.384 147.755 131.187 68.6386 48.014 44.4075 42.6416 40.1198 35.047
threshold=96.500000000000014 6.5844900752908968 105.83333333333336 2.5000000000000004 1.6505813953488373 5.2477891854893919 2.5000000000000004 2.5000000000000004 7.587214236824094 7.0535112936344975 1.6055596636312977 103.16666666666667 1.5000000000000002 2.5000000000000004
decision_type=2 2 2 2 2 2 2 2 2 2 2 2 2 2
left_child=1 3 4 5 6 12 9 8 -3 11 -7 -2 -1 -5
right_child=2 7 -4 13 -6 10 -8 -9 -10 -11 -12 -13 -14 -15
leaf_value=-0.021953035007487794 -0.0058918812597811574 -0.0040258310080518089 0.019821647742054593 0.013455625701313891 0.017565950050344104 -0.013434537527967711 0.016698535274315265 0.012597854965536608 0.006296897191374811 0.0050154113525182802 -0.0062227044684172199 0.0044538214163899635 -0.012563950512628515 -0.0022482604018264972
leaf_weight=1182.1297737061977 474.71577124297619 1782.5497105270624 2532.9621865004301 95.947152733802795 567.15144816040993 2531.4542412906885 292.41466963291168 252.1942503452301 296.3311682343483 656.13348074257374 410.93036383390427 234.05532439053059 244.93844921886921 126.99152103066444
leaf_count=5028 1915 7166 10576 391 2365 10379 1206 1026 1190 2631 1665 939 1006 509
internal_value=1.25074e-06 -0.00965104 0.014044 -0.0140971 0.00743446 -0.0150583 0.00392375 -0.000879606 -0.00254185 0.00113449 -0.0124403 -0.00246538 -0.0203924 0.00464842
internal_weight=11680.9 6923.47 4757.43 4592.39 2224.47 4369.45 1657.32 2331.08 2078.88 1364.9 2942.38 708.771 1427.07 222.939
internal_count=47992 28360 19632 18978 9056 18078 6691 9382 8356 5485 12044 2854 6034 900
is_linear=0
shrinkage=0.02


Tree=20
num_leaves=15
num_cat=0
split_feature=4 20 4 6 22 6 20 20 10 11 0 14 10 6
split_gain=4056.03 619.114 490.352 210.177 166.044 119.068 113.513 70.5651 48.8726 48.0916 31.385 32.8569 29.9873 24.7001
threshold=128.50000000000003 6.104503764544833 138.50000000000003 2.5000000000000004 1.5000000000000002 2.5000000000000004 6.8913347022587272 4.9948802190280635 1.0000000180025095e-35 27.921094397215462 61.800136892539363 1.4740215924426454 1.0000000180025095e-35 2.5000000000000004
decision_type=2 2 2 2 2 2 2 2 2 2 2 2 2 2
left_child=1 4 5 6 7 10 12 -1 -8 -6 11 -2 -3 -11
right_child=2 3 -4 -5 9 -7 8 -9 -10 13 -12 -13 -14 -15
leaf_value=-0.022999716963332983 0.0056468037067751399 -0.0035061916114515947 0.01908119814758499 0.010856933302949196 -0.010824906286599861 0.016728785488113802 0.0060643418149346345 -0.015788596162046468 -0.0030661744347699766 -0.0029000216585103205 0.010225093769718148 -0.0013394856260307661 -0.0099402360851308467 0.012752064781091874
leaf_weight=827.96497689187527 443.93157893419266 369.33934865891933 3075.5244052112103 344.8692357391119 442.81075343489647 296.46192629635334 292.03460194170475 1856.5510150194168 1109.2920660227537 196.38453781604767 187.24631510674953 668.4750884026289 1497.2869927585125 45.422946110367775
leaf_count=3545 1782 1496 12898 1400 1816 1228 1170 7700 4457 802 752 2676 6086 184
internal_value=1.51775e-06 -0.00964743 0.0144176 -0.00388697 -0.015809 0.00539858 -0.00545773 -0.018052 -0.00114717 -0.00694374 0.00275832 0.00145956 -0.008681 0.000230857
internal_weight=11653.6 6981.96 4671.64 3612.82 3369.13 1596.11 3267.95 2684.52 1401.33 684.618 1299.65 1112.41 1866.63 241.807
internal_count=47992 28656 19336 14609 14047 6438 13209 11245 5627 2802 5210 4458 7582 986
is_linear=0
shrinkage=0.02


Tree=21
num_leaves=15
num_cat=0
split_feature=13 20 13 12 15 20 15 20 15 20 13 11 3 15
split_gain=3677.69 631.224 425.858 183.525 154.678 122.181 112.111 106.406 67.6252 46.6078 42.4187 35.2054 30.9177 29.0832
threshold=96.500000000000014 6.3245722108145115 105.83333333333336 52.500000000000007 1.0000000180025095e-35 7.3058179329226567 1.0000000180025095e-35 5.2477891854893919 1.0000000180025095e-35 5.4955783709787829 93.166666666666671 31.168137204609966 59.100000000000009 1.0000000180025095e-35
decision_type=2 2 2 2 2 2 2 2 2 2 2 2 2 2
left_child=1 4 3 6 7 8 9 -1 11 -2 -6 -3 -9 -7
right_child=2 5 -4 -5 10 13 -8 12 -10 -11 -12 -13 -14 -15
leaf_value=-0.021015146773956158 -0.013013273796816327 -0.0072507925311720714 0.019211493047278819 0.016908746143596429 -0.0097575267140392729 0.0028128731139385461 0.011396782673833523 -0.019849794080397914 0.0023833070575428649 0.0014438572532994806 0.00095493300522680839 0.000704086495193028 -0.012419610233242031 0.012796821263871319
leaf_weight=1243.2411430478096 92.551420718431473 1669.3964491337538 2512.0892927050591 569.04165033996105 346.50414131581783 501.95137695968151 519.64706364274025 274.83474166691303 450.74807289242744 1036.2480636686087 253.24077135324478 255.15732954442501 1751.9192735105753 149.22634832561016
leaf_count=5334 378 6744 10576 2391 1419 2013 2125 1140 1825 4162 1032 1026 7221 606
internal_value=1.61377e-06 -0.00931137 0.0135768 0.00716385 -0.0146575 -0.00246208 0.00375775 -0.0163698 -0.00456553 0.000204578 -0.00526041 -0.00619601 -0.0134745 0.00518396
internal_weight=11625.8 6896.22 4729.58 2217.49 3869.74 3026.48 1648.45 3270 2375.3 1128.8 599.745 1924.55 2026.75 651.178
internal_count=47992 28360 19632 9056 16146 12214 6665 13695 9595 4540 2451 7770 8361 2619
is_linear=0
shrinkage=0.02


Tree=22
num_leaves=15
num_cat=0
split_feature=13 20 13 6 14 20 6 6 20 20 10 13 22 7
split_gain=3541.74 611.863 412.975 190.609 177.51 139.069 134.669 118.885 62.6843 44.3329 44.2919 39.1705 36.909 33.7687
threshold=96.500000000000014 6.5844900752908968 105.83333333333336 2.5000000000000004 1.6505813953488373 5.2477891854893919 2.5000000000000004 2.5000000000000004 7.587214236824094 7.0535112936344975 1.0000000180025095e-35 103.16666666666667 1.5000000000000002 2.5000000000000004
decision_type=2 2 2 2 2 2 2 2 2 2 2 2 2 2
left_child=1 3 4 5 6 12 9 8 -3 11 -7 -2 -1 -5
right_child=2 7 -4 13 -6 10 -8 -9 -10 -11 -12 -13 -14 -15
leaf_value=-0.021037447344027065 -0.0056953327105645811 -0.003799176992803935 0.018910923042366197 0.013202991333783387 0.016706870222229657 -0.0066945459934099538 0.015960904893141569 0.012058965584056152 0.0060692877341763287 0.0047822359292386905 -0.013020367314382681 0.0042247383677780324 -0.011999969884459692 -0.0022211944892430711
leaf_weight=1162.7850320190191 474.13872145116329 1780.8979905247688 2501.1658585220575 95.746760249137878 560.73767052590847 568.2467405050993 290.05035708844662 251.15148708224297 296.0993147790432 655.75346475839615 2357.3379404842854 233.89413577318192 243.58738401532173 126.94303584098816
leaf_count=5028 1915 7166 10576 391 2365 2334 1206 1026 1190 2631 9710 939 1006 509
internal_value=1.49175e-06 -0.00914398 0.0133456 -0.0134035 0.00703075 -0.0143309 0.00370836 -0.000799161 -0.00238016 0.00105224 -0.0118059 -0.00240885 -0.0195216 0.00454604
internal_weight=11598.5 6882.8 4715.74 4554.65 2214.57 4331.96 1653.84 2328.15 2077 1363.79 2925.58 708.033 1406.37 222.69
internal_count=47992 28360 19632 18978 9056 18078 6691 9382 8356 5485 12044 2854 6034 900
is_linear=0
shrinkage=0.02


Tree=23
num_leaves=15
num_cat=0
split_feature=4 20 4 6 22 6 0 20 10 11 20 21 8 20
split_gain=3632.13 564.276 445.59 190.246 154.441 108.681 102.892 66.718 51.3519 46.2569 39.2133 32.4939 31.1553 25.9597
threshold=128.50000000000003 6.104503764544833 138.50000000000003 2.5000000000000004 1.5000000000000002 2.5000000000000004 60.703627652292958 4.9948802190280635 1.0000000180025095e-35 28.140628386340087 6.5183025325119788 1.6476028853507123 1.0000000180025095e-35 7.7373169062286111
decision_type=2 2 2 2 2 2 2 2 2 2 2 2 2 2
left_child=1 4 5 6 7 12 8 -1 -3 -6 -10 -5 13 -2
right_child=2 3 -4 11 9 -7 -8 -9 10 -11 -12 -13 -14 -15
leaf_value=-0.022107894510772233 0.0017878009095450309 -0.0012895991991234827 0.018204283806867064 0.0049333343528601657 -0.010207188202526543 0.016002226676578003 0.0019938619261681678 -0.015050538577328925 -0.011627777625650464 0.00075523045348679875 -0.0060006212434899325 0.017468046391541706 -0.0062391234624991814 0.008429678071064135
leaf_weight=813.55167724192142 835.8974794447422 523.78355699777603 3036.5373723357916 198.84115606546402 450.78533805906773 293.91491012275219 644.6388288885355 1840.3106115758419 849.68430761992931 231.02770480513573 1242.9800146967173 144.89407536387444 137.42158600687981 325.48403649032116
leaf_count=3545 3351 2118 12898 809 1857 1228 2581 7700 3491 945 5019 591 551 1308
internal_value=1.74216e-06 -0.00914762 0.0137146 -0.0036532 -0.0150704 0.00512353 -0.00514847 -0.0172523 -0.00690941 -0.00651128 -0.00830864 0.0103975 0.00260825 0.0036791
internal_weight=11569.8 6940.5 4629.26 3604.82 3335.68 1592.72 3261.09 2653.86 2616.45 681.813 2092.66 343.735 1298.8 1161.38
internal_count=47992 28656 19336 14609 14047 6438 13209 11245 10628 2802 8510 1400 5210 4659
is_linear=0
shrinkage=0.02


Tree=24
num_leaves=15
num_cat=0
split_feature=4 20 4 6 6 6 20 20 10 13 21 3 8 10
split_gain=3498.62 545.682 432.169 183.07 140.599 105.002 99.8785 69.9304 46.2983 42.39 31.3965 30.1768 29.9575 26.952
threshold=128.50000000000003 6.104503764544833 138.50000000000003 2.5000000000000004 1.5000000000000002 2.5000000000000004 6.8913347022587272 5.0103627652292957 1.0000000180025095e-35 93.166666666666671 1.6476028853507123 102.50000000000001 1.0000000180025095e-35 1.0000000180025095e-35
decision_type=2 2 2 2 2 2 2 2 2 2 2 2 2 2
left_child=1 4 5 6 7 12 13 -1 -8 -6 -5 -9 -2 -3
right_child=2 3 -4 10 9 -7 8 11 -10 -11 -12 -13 -14 -15
leaf_value=-0.021236087909937772 0.003607083072025636 -0.0031761467616163207 0.017921421535752397 0.0048398457012249667 -0.0098311831020202328 0.015740038581435249 0.0060106664996937625 -0.014669045535640874 -0.0028776039480157044 0.0018191367266285441 0.017170604337659372 0.0034860859987093586 -0.0061183714556544934 -0.0092807286855194938
leaf_weight=901.30720372498035 1161.1732633411884 368.59911231696606 3022.9909626543522 198.72617533802986 300.58633135259151 292.92780862748623 291.97115859389305 1878.1474005281925 1108.1882411539555 208.59043224155903 144.54607552289963 35.400798454880714 137.42965541779995 1489.9356087595224
leaf_count=3940 4659 1496 12898 809 1237 1228 1170 7872 4457 852 591 146 551 6086
internal_value=1.71905e-06 -0.00898435 0.0134846 -0.00358285 -0.0148227 0.00502617 -0.0050498 -0.0165716 -0.00100794 -0.00508332 0.0102098 -0.0143239 0.0025568 -0.00808286
internal_weight=11540.5 6926 4614.52 3601.97 3324.03 1591.53 3258.69 2814.86 1400.16 509.177 343.272 1913.55 1298.6 1858.53
internal_count=47992 28656 19336 14609 14047 6438 13209 11958 5627 2089 1400 8018 5210 7582
is_linear=0
shrinkage=0.02


Tree=25
num_leaves=15
num_cat=0
split_feature=4 20 4 6 22 6 0 20 11 20 21 0 14 11
split_gain=3370 527.816 419.281 176.157 146.496 101.47 97.2946 64.4886 44.4186 39.3566 30.3431 28.8298 30.1291 25.5063
threshold=128.50000000000003 6.104503764544833 138.50000000000003 2.5000000000000004 1.5000000000000002 2.5000000000000004 60.703627652292958 4.9948802190280635 28.140628386340087 6.5844900752908968 1.6476028853507123 61.800136892539363 1.4740215924426454 33.597459368151938
decision_type=2 2 2 2 2 2 2 2 2 2 2 2 2 2
left_child=1 4 5 6 7 11 9 -1 -6 -3 -5 12 -2 -11
right_child=2 3 -4 10 8 -7 -8 -9 -10 13 -12 -13 -14 -15
leaf_value=-0.021524704808217075 0.0052754945034369132 -0.0093514450462659736 0.017644419518405688 0.0047481325200318175 -0.009870133640318671 0.01548314775939498 0.0019915728104382955 -0.014553979061524705 0.00087828490996789109 -0.0051915559827044747 0.016879966203077353 0.009669703651387666 -0.0014171151542979258 0.0044611247121453795
leaf_weight=803.17187149822712 443.33679403364658 1190.5844616740942 3009.2576554864645 198.61114391684532 449.4533663392067 291.92531868815422 644.59933659434319 1828.755166426301 230.80921679735184 1305.8478876203299 144.18390512466431 186.8403984606266 668.29638050496578 115.48529103398323
leaf_count=3545 1782 4894 12898 809 1857 1228 2581 7700 945 5271 591 752 2676 463
internal_value=1.75366e-06 -0.00882384 0.0132588 -0.00351345 -0.01458 0.00493008 -0.00495247 -0.0167187 -0.00624054 -0.00666749 0.010026 0.00250569 0.00126188 -0.00439297
internal_weight=11511.2 6911.5 4599.66 3599.31 3312.19 1590.4 3256.52 2631.93 680.263 2611.92 342.795 1298.47 1111.63 1421.33
internal_count=47992 28656 19336 14609 14047 6438 13209 11245 2802 10628 1400 5210 4458 5734
is_linear=0
shrinkage=0.02


Tree=26
num_leaves=15
num_cat=0
split_feature=4 21 4 6 21 6 0 6 4 10 8 21 0 10
split_gain=3246.49 491.32 406.703 188.183 103.461 98.0367 96.5874 87.0025 40.9104 35.8346 28.7852 27.9211 27.1736 26.635
threshold=128.50000000000003 1.3744461626429836 138.50000000000003 2.5000000000000004 1.0306474256436637 2.5000000000000004 59.377138945927449 2.5000000000000004 119.50000000000001 1.0000000180025095e-35 1.0000000180025095e-35 1.8986993202210674 52.031485284052032 1.0000000180025095e-35
decision_type=2 2 2 2 2 2 2 2 2 2 2 2 2 2
left_child=1 4 5 6 -1 10 9 8 -6 -3 -2 -11 -10 -8
right_child=2 3 -4 -5 7 -7 13 -9 12 11 -12 -13 -14 -15
leaf_value=-0.020152431156574512 0.0034872096536104832 -0.0015792281004599756 0.017373034733902538 0.011764466680571984 -0.01624576299402402 0.015231355012052899 0.0068734149096868003 0.0033090711778869524 -0.012925557405754939 -0.0093443006277895597 -0.0060463352058116341 7.294069366495782e-05 -0.0079232473903310102 -0.0011298898396813622
leaf_weight=775.93287447094917 1160.7488969713449 376.56257201731205 2995.3587649315596 310.11359134316444 885.31245549023151 290.90912280976772 206.19055464863777 141.71088923513889 1123.7642038762569 1390.3149287551641 137.40998011827469 137.88099980354309 771.03109422326088 777.83785592019558
leaf_count=3373 4659 1538 12898 1269 3784 1228 827 574 4743 5720 551 559 3141 3128
internal_value=1.89773e-06 -0.00866673 0.0130384 -0.00291962 -0.0136273 0.00483747 -0.00451426 -0.0118623 -0.0126409 -0.00713723 0.00245722 -0.00849586 -0.0109173 0.000571348
internal_weight=11481.1 6896.65 4584.43 3198.9 3697.75 1589.07 2888.79 2921.82 2780.11 1904.76 1298.16 1528.2 1894.8 984.028
internal_count=47992 28656 19336 13041 15615 6438 11772 12242 11668 7817 5210 6279 7884 3955
is_linear=0
shrinkage=0.02


Tree=27
num_leaves=15
num_cat=0
split_feature=4 20 4 6 6 0 6 20 10 13 20 21 3 20
split_gain=3127.46 496.373 394.747 162.743 131.523 90.894 89.4753 67.507 46.429 40.4518 35.436 29.1256 28.9912 27.8384
threshold=128.50000000000003 6.104503764544833 134.50000000000003 2.5000000000000004 1.5000000000000002 60.703627652292958 2.5000000000000004 5.2327036276522945 1.0000000180025095e-35 93.166666666666671 6.5183025325119788 1.6476028853507123 102.50000000000001 7.7373169062286111
decision_type=2 2 2 2 2 2 2 2 2 2 2 2 2 2
left_child=1 4 6 5 7 8 13 -1 -3 -6 -10 -5 -9 -2
right_child=2 3 -4 11 9 -7 -8 12 10 -11 -12 -13 -14 -15
leaf_value=-0.019487062079090442 0.00045207484563308803 -0.0010651576953270214 0.0170146756276374 0.0045008876327129171 -0.0093471676728026174 0.0019613130347087481 0.014704794296947774 -0.013420336251673846 -0.0109120412628258 0.0020464145366868559 -0.0055514012552278884 0.016398730892623864 0.0057909176519458797 0.0071068230467598945
leaf_weight=1187.846702426672 921.91283340752125 523.01747547090054 3026.2718765586615 198.27298754453659 299.20768803358078 644.56881693005562 279.50713242590427 1564.217833891511 843.92538705468178 208.17889314889908 1239.9319130927324 143.53594040870667 29.313442900776863 341.52462689578533
leaf_count=5269 3697 2118 13081 809 1237 2581 1184 6569 3491 852 5019 591 120 1374
internal_value=1.75361e-06 -0.00851245 0.0128213 -0.00336561 -0.0141215 -0.00474906 0.00456692 -0.0158291 -0.00640959 -0.00469417 -0.00774425 0.00966731 -0.0130487 0.00227345
internal_weight=11451.2 6882.02 4569.22 3593.25 3288.76 3251.44 1542.94 2781.38 2606.87 507.387 2083.86 341.809 1593.53 1263.44
internal_count=47992 28656 19336 14609 14047 13209 6255 11958 10628 2089 8510 1400 6689 5071
is_linear=0
shrinkage=0.02


Tree=28
num_leaves=15
num_cat=0
split_feature=4 20 4 6 22 6 20 20 10 11 21 8 10 3
split_gain=3012.97 480.191 383.322 156.62 137.768 91.6993 88.3388 62.4111 42.2068 41.6214 28.1622 27.6471 24.974 24.4639
threshold=128.50000000000003 6.104503764544833 138.50000000000003 2.5000000000000004 1.5000000000000002 2.5000000000000004 6.8638603696098572 4.9948802190280635 1.0000000180025095e-35 27.921094397215462 1.6476028853507123 1.0000000180025095e-35 1.0000000180025095e-35 59.100000000000009
decision_type=2 2 2 2 2 2 2 2 2 2 2 2 2 2
left_child=1 4 5 6 7 11 12 -1 -8 -6 -5 -2 -3 -9
right_child=2 3 -4 10 9 -7 8 13 -10 -11 -12 -13 -14 -15
leaf_value=-0.020757911371511076 0.0033656955844857729 -0.0028402511486013359 0.016847607263440926 0.0044155953651619107 -0.0094396179175322593 0.01474552155884074 0.0057204233930934125 -0.019592237158835586 -0.002695061877434359 0.00087848435482264361 0.016125139983629706 -0.0059773773514497294 -0.0087599936840626075 -0.012789911404685404
leaf_weight=788.37375983595848 1160.397919267416 363.60959303379059 2967.224020704627 198.15855146944523 436.97012294828892 288.85550902783871 296.16317893564701 269.84981194138527 1138.8783414363861 240.25452983379364 143.14067856967449 137.40099930763245 1450.3176014870405 1541.062539473176
leaf_count=3545 4659 1479 12898 809 1816 1228 1187 1158 4586 986 591 551 5957 6542
internal_value=1.84826e-06 -0.00836144 0.0126086 -0.00330092 -0.0138925 0.00465192 -0.00465818 -0.0159858 -0.000943058 -0.00579659 0.00949426 0.00235584 -0.00758552 -0.0138558
internal_weight=11420.7 6866.78 4553.88 3590.27 3276.51 1586.65 3248.97 2599.29 1435.04 677.225 341.299 1297.8 1813.93 1810.91
internal_count=47992 28656 19336 14609 14047 6438 13209 11245 5773 2802 1400 5210 7436 7700
is_linear=0
shrinkage=0.02


Tree=29
num_leaves=15
num_cat=0
split_feature=4 20 4 6 22 6 0 20 10 11 20 14 21 21
split_gain=2902.75 464.669 372.084 150.719 133.845 88.6404 85.9567 61.3708 42.9716 40.132 33.5092 27.391 27.2354 26.6867
threshold=128.50000000000003 6.104503764544833 138.50000000000003 2.5000000000000004 1.5000000000000002 2.5000000000000004 60.703627652292958 4.9948802190280635 1.0000000180025095e-35 28.140628386340087 6.5183025325119788 1.4740215924426454 1.6476028853507123 1.441600939906577
decision_type=2 2 2 2 2 2 2 2 2 2 2 2 2 2
left_child=1 4 5 6 7 11 8 -1 -3 -6 -10 -2 -5 -13
right_child=2 3 -4 12 9 -7 -8 -9 10 -11 -12 13 -14 -15
leaf_value=-0.020488670252525924 0.005892040012000002 -0.0010443127675399506 0.016591713695383318 0.0043319141917790519 -0.0091557843695191307 0.014507900480863459 0.0019558465509912602 -0.013626615704679677 -0.010559523692205751 0.00107582033290676 -0.0053405180259039464 -0.0043713097323142235 0.015857386275565592 0.0030525172765799307
leaf_weight=782.88027495145798 510.58228069543839 522.89366196095943 2952.949167817831 198.04445284605026 446.24694883823395 287.80736391246319 644.52266179025173 1804.8297267258167 840.87800711393356 230.31180784106255 1238.4186582267284 326.82213509082794 142.73499450087547 460.24774754047394
leaf_count=3545 2055 2118 12898 809 1857 1228 2581 7700 3491 945 5019 1309 591 1846
internal_value=1.65955e-06 -0.00821322 0.0123997 -0.00323709 -0.0136681 0.00456317 -0.00456851 -0.0157389 -0.00618591 -0.0056875 -0.00747234 0.00230876 0.00932462 -3.57551e-05
internal_weight=11390.2 6851.76 4538.41 3587.49 3264.27 1585.46 3246.71 2587.71 2602.19 676.559 2079.3 1297.65 340.779 787.07
internal_count=47992 28656 19336 14609 14047 6438 13209 11245 10628 2802 8510 5210 1400 3155
is_linear=0
shrinkage=0.02


Tree=30
num_leaves=15
num_cat=0
split_feature=4 20 4 6 22 20 6 20 10 6 7 20 21 11
split_gain=2796.72 449.572 361.259 145.054 130.029 82.8254 80.6996 60.3822 40.4681 39.8165 30.7487 26.5237 26.3434 26.0107
threshold=128.50000000000003 6.104503764544833 134.50000000000003 2.5000000000000004 1.5000000000000002 6.8913347022587272 2.5000000000000004 4.9948802190280635 1.0000000180025095e-35 2.5000000000000004 2.5000000000000004 7.7373169062286111 1.6476028853507123 28.35422236142027
decision_type=2 2 2 2 2 2 2 2 2 2 2 2 2 2
left_child=1 4 6 5 7 -3 11 -1 -7 13 -11 -2 -5 -6
right_child=2 3 -4 12 9 8 -8 -9 -10 10 -12 -13 -14 -15
leaf_value=-0.020224879726116668 0.0003587237860758892 -0.0072569052029444183 0.016251398436120799 0.0042498136127618437 -0.011004524738067607 0.0057575863777679856 0.013993744869406258 -0.013400504116971896 -0.0025537353009922291 0.014147913394059894 -0.0047176781879152488 0.0068565231747830194 0.015595245110660157 -0.0017172960281096796
leaf_weight=777.35049711167812 921.65277986228466 1845.8688005656004 2983.3769620805979 197.93075595796108 362.86006379127502 291.94110134243965 276.49672111868858 1798.7238420397043 1106.3993951976299 60.336889281868935 69.25847016274929 341.16912883520126 142.3197865486145 183.43517096340656
leaf_count=3545 3697 7582 13081 809 1524 1170 1184 7700 4457 246 278 1374 591 754
internal_value=1.65198e-06 -0.00806786 0.0121953 -0.00317491 -0.0134473 -0.00448113 0.00430554 -0.0154958 -0.000802767 -0.00558044 0.00425017 0.00213589 0.00915829 -0.00793354
internal_weight=11359.1 6836.42 4522.7 3584.46 3251.96 3244.21 1539.32 2576.07 1398.34 675.891 129.595 1262.82 340.251 546.295
internal_count=47992 28656 19336 14609 14047 13209 6255 11245 5627 2802 524 5071 1400 2278
is_linear=0
shrinkage=0.02


Tree=31
num_leaves=15
num_cat=0
split_feature=4 20 4 6 6 20 6 18 22 10 21 7 8 21
split_gain=2694.56 435.869 350.839 148.59 103.963 88.5939 82.9294 55.944 34.8666 30.0732 26.9374 26.8002 26.4688 23.9315
threshold=128.50000000000003 6.3825188227241627 138.50000000000003 2.5000000000000004 2.5000000000000004 5.023545516769337 2.5000000000000004 36.849304176440519 1.5000000000000002 1.0000000180025095e-35 1.9739676898930802 2.5000000000000004 1.0000000180025095e-35 1.6425403476496736
decision_type=2 2 2 2 2 2 2 2 2 2 2 2 2 2
left_child=1 3 6 5 7 -1 12 9 13 -3 -11 -5 -2 -7
right_child=2 4 -4 11 -6 8 -8 -9 -10 10 -12 -13 -14 -15
leaf_value=-0.018194857661655132 0.0032030372434749049 -5.0041735103720148e-05 0.016095415875571027 0.013152934342837756 0.0093256922087417652 -0.012879450657237111 0.014048994993123592 0.0018871813308421557 -0.0060854840621134823 -0.0068272035628807468 0.0038967816086084434 -0.0018150658266114872 -0.0059392377316754572 -0.0052334088860519759
leaf_weight=1024.3327432274818 1159.7604339718819 402.84153679013252 2924.2275810837746 83.307585582137108 284.14648401737213 2049.7331548780203 285.70356369018555 627.43481230735779 459.74168129265308 1501.9920175671577 96.536564499139786 101.71851685643196 137.3655960559845 189.13609145581722
leaf_count=4629 4659 1622 12898 342 1174 8762 1228 2511 1912 6123 388 408 551 785
internal_value=1.80153e-06 -0.00792509 0.0119942 -0.012286 -0.00206284 -0.0131554 0.00438921 -0.00330995 -0.0112117 -0.00494091 -0.00616819 0.00508247 0.00221425 -0.0122475
internal_weight=11328 6820.92 4507.06 3907.97 2912.95 3722.94 1582.83 2628.8 2698.61 2001.37 1598.53 185.026 1297.13 2238.87
internal_count=47992 28656 19336 16838 11818 16088 6438 10644 11459 8133 6511 750 5210 9547
is_linear=0
shrinkage=0.02


Tree=32
num_leaves=15
num_cat=0
split_feature=4 20 4 6 6 6 0 20 10 20 6 7 3 12
split_gain=2596.15 422.235 340.644 134.331 115.545 80.175 78.1898 63.6555 39.5779 31.2931 30.5522 28.849 27.5369 26.3516
threshold=128.50000000000003 6.104503764544833 138.50000000000003 2.5000000000000004 1.5000000000000002 2.5000000000000004 60.703627652292958 5.2327036276522945 1.0000000180025095e-35 6.5183025325119788 2.5000000000000004 2.5000000000000004 102.50000000000001 43.500000000000007
decision_type=2 2 2 2 2 2 2 2 2 2 2 2 2 2
left_child=1 4 5 6 7 13 8 -1 -3 -10 -6 -12 -9 -2
right_child=2 3 -4 -5 10 -7 -8 12 9 -11 11 -13 -14 -15
leaf_value=-0.018265613113505538 0.0056809635239344338 -0.00091527666780872219 0.015853292795569896 0.0088409685972918629 -0.0070467475573153032 0.013824153796311103 0.0019170512912282508 -0.012319840897457088 -0.010080606351770289 -0.0050289961692300857 0.013693624420612477 -0.0045973736054167524 0.0063751712490983589 -0.00013264915873539306
leaf_weight=1152.5669019669294 511.13747073709965 522.32501168549061 2909.733688980341 339.18426735699177 375.13008224964142 284.63547432422638 644.43508964776993 1540.664103269577 836.41951312124729 1236.0180610865355 60.103180631995201 69.23372919857502 29.15467457473278 785.83324506878853
leaf_count=5269 2059 2118 12898 1400 1565 1228 2581 6569 3491 5019 246 278 120 3151
internal_value=1.84059e-06 -0.00778513 0.0117966 -0.00304679 -0.0130262 0.00430555 -0.00430391 -0.0146544 -0.00585044 -0.0070881 -0.00417782 0.00408092 -0.0119522 0.00216998
internal_weight=11296.6 6805.23 4491.34 3578.38 3226.85 1581.61 3239.2 2722.39 2594.76 2072.44 504.467 129.337 1569.82 1296.97
internal_count=47992 28656 19336 14609 14047 6438 13209 11958 10628 8510 2089 524 6689 5210
is_linear=0
shrinkage=0.02


Tree=33
num_leaves=15
num_cat=0
split_feature=4 21 4 6 21 0 6 6 4 21 4 0 14 10
split_gain=2501.51 411.013 330.921 145.613 92.2305 75.8703 72.816 69.4669 35.5088 31.1695 26.1229 25.8217 27.0729 25.0041
threshold=128.50000000000003 1.3744461626429836 134.50000000000003 2.5000000000000004 1.0306474256436637 59.579739904175234 2.5000000000000004 2.5000000000000004 119.50000000000001 1.8884694760881056 149.50000000000003 61.553730321697479 1.4740215924426454 1.0000000180025095e-35
decision_type=2 2 2 2 2 2 2 2 2 2 2 2 2 2
left_child=1 4 6 5 -1 9 11 8 -6 -3 -4 12 -2 -7
right_child=2 3 10 -5 7 13 -8 -9 -10 -11 -12 -13 -14 -15
leaf_value=-0.018535814588807441 0.0045716580819943091 -0.0069013632800414351 0.013620363790957594 0.010600255411345513 -0.014702066254683555 0.0070968913119856796 0.013320909818778511 0.0029854776670717228 -0.0096863948579542034 0.0015241052707831544 0.01761256206994739 0.008475787225594179 -0.001900217245218286 -0.00082793348853134417
leaf_weight=747.91864982247353 431.53300310671329 1738.6499239802361 1554.1810629367828 306.60719868540764 860.65032570064068 197.64076593518257 273.43013024330139 141.22225661575794 1864.684555336833 193.07301916182041 1385.6395754814148 201.64107768237591 629.06689731776714 738.92094074189663
leaf_count=3373 1738 7219 6904 1269 3784 793 1184 574 7884 785 6177 814 2519 2975
internal_value=1.90018e-06 -0.00764797 0.0116029 -0.00239076 -0.0122556 -0.00379617 0.00405875 -0.0105869 -0.0112951 -0.00605646 0.0155294 0.00200614 0.000740254 0.000871109
internal_weight=11264.9 6789.37 4475.49 3174.89 3614.48 2868.28 1535.67 2866.56 2725.33 1931.72 2939.82 1262.24 1060.6 936.562
internal_count=47992 28656 19336 13041 15615 11772 6255 12242 11668 8004 13081 5071 4257 3768
is_linear=0
shrinkage=0.02


Tree=34
num_leaves=15
num_cat=0
split_feature=4 20 4 6 6 6 20 20 13 3 21 21 8 4
split_gain=2410.35 398.799 321.236 123.792 110.977 75.0254 73.2641 61.8329 37.7477 26.253 25.5923 25.4562 25.4485 23.5441
threshold=128.50000000000003 6.104503764544833 138.50000000000003 2.5000000000000004 1.5000000000000002 2.5000000000000004 6.8638603696098572 5.2327036276522945 93.166666666666671 102.50000000000001 1.4048954050530635 1.6476028853507123 1.0000000180025095e-35 149.50000000000003
decision_type=2 2 2 2 2 2 2 2 2 2 2 2 2 2
left_child=1 4 5 6 7 12 -3 -1 -6 -9 -8 -5 -2 -4
right_child=2 3 13 11 8 -7 10 9 -10 -11 -12 -13 -14 -15
leaf_value=-0.017820702680125297 0.0030528465852906251 -0.0067969050366719656 0.013516817411768051 0.0037061298922183364 -0.008478802376686188 0.013390708924042181 -0.0057475712556085395 -0.011934305278403891 0.0025635936821244384 0.0063063207302954264 0.00068046849767997074 0.014873698664402711 -0.0059122809625716342 0.017361129380044561
leaf_weight=1138.917071133852 1159.0372561067343 1800.8289704024792 1502.9588861763477 197.07354095578194 295.93113489449024 282.50900469720364 312.6885022521019 1531.7042372375727 206.87406314909458 29.172597482800484 1120.2377875894308 141.07046966254711 137.32225739955902 1377.7452674508095
leaf_count=5269 4659 7436 6721 809 1237 1228 1264 6569 852 120 4509 591 551 6177
internal_value=2.17078e-06 -0.00751214 0.0114132 -0.00291 -0.0126318 0.0041431 -0.00411711 -0.0142375 -0.00395108 -0.0115731 -0.000735955 0.0085198 0.00208257 0.015383
internal_weight=11234.1 6774.5 4459.57 3571.9 3202.6 1578.87 3233.76 2699.79 502.805 1560.88 1432.93 338.144 1296.36 2880.7
internal_count=47992 28656 19336 14609 14047 6438 13209 11958 2089 6689 5773 1400 5210 12898
is_linear=0
shrinkage=0.02


Tree=35
num_leaves=15
num_cat=0
split_feature=4 21 4 6 20 20 6 6 20 10 3 4 0 14
split_gain=2322.47 387.351 312.124 135.381 108.291 81.8842 67.9995 58.6584 29.6916 28.4204 25.2758 24.8872 24.8487 26.0284
threshold=128.50000000000003 1.3744461626429836 134.50000000000003 2.5000000000000004 5.023545516769337 6.8913347022587272 2.5000000000000004 2.5000000000000004 6.2411498973305966 1.0000000180025095e-35 59.100000000000009 149.50000000000003 61.553730321697479 1.4740215924426454
decision_type=2 2 2 2 2 2 2 2 2 2 2 2 2 2
left_child=1 4 6 5 -1 -3 12 8 10 -7 -6 -4 13 -2
right_child=2 3 11 -5 7 9 -8 -9 -10 -11 -12 -13 -14 -15
leaf_value=-0.017739656189127883 0.0044426733821954743 -0.0064387307764303958 0.013200009762789091 0.010272361678655891 -0.017073921470848592 0.0064310239474008801 0.012893330720808296 0.0028889149283744392 -0.0073600023074823859 -0.0011716609232030873 -0.010721071806175207 0.017114219717574819 0.0082757601304521214 -0.0019042064661342355
leaf_weight=935.4186454564333 431.2816076874733 1692.242859467864 1540.8193848282099 305.53558270633221 332.98212487995625 244.2817699611187 271.37642687559128 136.50088031589985 857.5765892714262 926.71865186095238 1327.9245760589838 1369.8220497071743 201.42558158934116 629.04213769733906
leaf_count=4323 1738 7058 6904 1269 1455 979 1184 555 3528 3735 5754 6177 814 2519
internal_value=2.34348e-06 -0.0073792 0.0112261 -0.00227636 -0.0118728 -0.0036317 0.00390388 -0.00977556 -0.0104671 0.00043323 -0.0120433 0.015069 0.00192559 0.000684214
internal_weight=11202.9 6759.18 4443.77 3168.78 3590.4 2863.24 1533.13 2654.98 2518.48 1171 1660.91 2910.64 1261.75 1060.32
internal_count=47992 28656 19336 13041 15615 11772 6255 11292 10737 4714 7209 13081 5071 4257
is_linear=0
shrinkage=0.02


Tree=36
num_leaves=15
num_cat=0
split_feature=4 20 4 6 6 6 18 20 10 13 20 3 21 18
split_gain=2237.99 374.711 303.072 114.344 106.818 70.2269 69.7124 59.8907 37.5337 36.0288 28.5167 25.2203 24.4977 24.47
threshold=128.50000000000003 6.104503764544833 138.50000000000003 2.5000000000000004 1.5000000000000002 2.5000000000000004 36.849304176440519 5.2327036276522945 1.0000000180025095e-35 93.166666666666671 6.5183025325119788 102.50000000000001 1.6476028853507123 38.192569218105611
decision_type=2 2 2 2 2 2 2 2 2 2 2 2 2 2
left_child=1 4 5 6 7 13 8 -1 -3 -6 -10 -9 -5 -2
right_child=2 3 -4 12 9 -7 -8 11 10 -11 -12 -13 -14 -15
leaf_value=-0.017375531534354553 0.00085438772221794676 -0.00060966723469959346 0.014929094037057524 0.003495008348119691 -0.0081510752710398614 0.012972206616590536 0.0019204694842726419 -0.011556592533618338 -0.0094938794001583893 0.0026475327290776292 -0.004660947452135039 0.0063093373994520087 0.014464448459525634 0.0086156171878661279
leaf_weight=1124.7711983174086 1109.9703268557787 521.20542022585869 2851.6184802949429 196.72761957347393 294.79014138877392 280.37441143393517 644.29027305543423 1522.6084823459387 830.60067102313042 206.6053386926651 1232.9100339859724 29.171745926141739 140.31145358085632 185.84701262414455
leaf_count=5269 4458 2118 12898 809 1237 1228 2581 6569 3491 852 5019 120 591 752
internal_value=2.46375e-06 -0.00724879 0.011043 -0.00279131 -0.0122377 0.00398612 -0.00395138 -0.0138236 -0.00541671 -0.00371524 -0.0066255 -0.0112003 0.00821219 0.00199788
internal_weight=11171.8 6743.99 4427.81 3566.05 3177.95 1576.19 3229.01 2676.55 2584.72 501.395 2063.51 1551.78 337.039 1295.82
internal_count=47992 28656 19336 14609 14047 6438 13209 11958 10628 2089 8510 6689 1400 5210
is_linear=0
shrinkage=0.02


Tree=37
num_leaves=15
num_cat=0
split_feature=17 20 12 20 6 6 20 11 22 5 14 8 11 7
split_gain=2047.16 494.058 173.572 148.346 130.364 116.634 51.9176 40.8602 39.0242 31.2649 29.8278 28.2124 26.5329 25.6411
threshold=1.0000000180025095e-35 6.5844900752908968 44.500000000000007 5.2477891854893919 2.5000000000000004 2.5000000000000004 7.4416153319644094 26.937247506745582 1.5000000000000002 96.500000000000014 1.4171940928270044 1.0000000180025095e-35 31.219392869189488 2.5000000000000004
decision_type=2 2 2 2 2 2 2 2 2 2 2 2 2 2
left_child=1 3 9 8 6 7 12 11 -1 10 -2 -5 -3 -7
right_child=2 4 -4 5 -6 13 -8 -9 -10 -11 -12 -13 -14 -15
leaf_value=-0.017443432496552669 -0.0027955674052264558 -0.0039817229891851531 0.014812127859696376 -0.0097482872396752948 0.011449850439592473 0.014291042714201726 0.0035543986588038937 -0.0056583610635774929 -0.0087327537582115519 0.011862709095441449 0.0056576318650514244 -0.018490110992154998 0.002439607597523341 0.00023105526454980814
leaf_weight=1075.0160261541605 231.67266367375851 1554.7588620334864 2688.1962687671185 1729.6151432693005 368.45442289113998 91.201290935277939 668.23444390296936 1096.99388243258 275.62443292140961 208.57417263090611 568.16871802508831 165.81307771801949 304.34003248810768 113.62652106583118
leaf_count=5080 969 6293 12216 7396 1573 382 2682 4585 1169 928 2327 707 1224 461
internal_value=2.58558e-06 -0.00603837 0.0121592 -0.0101463 0.00041888 -0.00777614 -0.00120794 -0.00877666 -0.0157061 0.005047 0.00320454 -0.0105607 -0.00292574 0.00669228
internal_weight=11140.3 7443.68 3696.61 4547.89 2895.79 3197.25 2527.33 2992.42 1350.64 1008.42 799.841 1895.43 1859.1 204.828
internal_count=47992 31552 16440 19780 11772 13531 10199 12688 6249 4224 3296 8103 7517 843
is_linear=0
shrinkage=0.02


Tree=38
num_leaves=15
num_cat=0
split_feature=4 21 4 6 20 20 6 6 9 10 4 10 8 13
split_gain=2081.22 356.138 284.769 121.112 101.721 73.9932 61.9307 52.8168 28.6277 26.9315 24.6582 23.8403 23.4292 23.1096
threshold=128.50000000000003 1.3744461626429836 134.50000000000003 2.5000000000000004 5.023545516769337 6.8913347022587272 2.5000000000000004 2.5000000000000004 1.0000000180025095e-35 1.0000000180025095e-35 149.50000000000003 1.0000000180025095e-35 1.0000000180025095e-35 92.500000000000014
decision_type=2 2 2 2 2 2 2 2 2 2 2 2 2 2
left_child=1 4 6 5 -1 11 12 8 13 -7 -4 -3 -2 -6
right_child=2 3 10 -5 7 9 -8 -9 -10 -11 -12 -13 -14 -15
leaf_value=-0.017085400780723691 0.0027640071872065386 -0.0012554933194250965 0.012542376705851684 0.0097940565064689403 -0.012465967152198665 0.0063093425833030204 0.012335519090337668 0.0027153138107298526 -0.019539728889962374 -0.0010924090626299387 0.016452422194482511 -0.0072483590652950751 -0.0059892163279820221 -0.0080895529100397344
leaf_weight=918.33762007951736 1128.5243048816919 334.18590787053108 1519.0889111459255 303.84196551144123 727.07111528515816 244.24565280973911 268.58007058501244 136.31052951514721 118.87158632278442 926.1616190969944 1347.7868818640709 1350.7320439368486 132.26308161020279 1653.30133202672
leaf_count=4323 4540 1386 6904 1269 3168 979 1184 555 513 3735 6177 5672 531 7056
internal_value=2.55047e-06 -0.00700079 0.0106929 -0.00210877 -0.0113398 -0.00339098 0.00370558 -0.0093085 -0.0099692 0.000470787 0.0144067 -0.00606815 0.00182414 -0.00945047
internal_weight=11109.3 6713.06 4396.24 3159.17 3553.89 2855.33 1529.37 2635.55 2499.24 1170.41 2866.88 1684.92 1260.79 2380.37
internal_count=47992 28656 19336 13041 15615 11772 6255 11292 10737 4714 13081 7058 5071 10224
is_linear=0
shrinkage=0.02


Tree=39
num_leaves=15
num_cat=0
split_feature=4 21 4 6 20 20 6 6 9 8 6 13 4 24
split_gain=2005.45 344.259 276.683 116.543 99.4295 71.211 64.1697 50.9457 27.8566 23.3724 23.3288 22.4277 22.3183 21.408
threshold=128.50000000000003 1.3744461626429836 138.50000000000003 2.5000000000000004 5.023545516769337 6.8913347022587272 2.5000000000000004 2.5000000000000004 1.0000000180025095e-35 1.0000000180025095e-35 1.5000000000000002 92.500000000000014 149.50000000000003 1.0000000180025095e-35
decision_type=2 2 2 2 2 2 2 2 2 2 2 2 2 2
left_child=1 4 6 5 10 13 9 8 11 -2 -1 -6 -4 -3
right_child=2 3 12 -5 7 -7 -8 -9 -10 -11 -12 -13 -14 -15
leaf_value=-0.018176258844358577 0.0028200727201559829 -0.0079611022527292952 0.012449375345756885 0.0096194504610127903 -0.01226088047060323 0.0004618045283885964 0.012424288260424467 0.0026634885726192089 -0.01925938893698605 -0.0057738505533022405 -0.0084776995189141061 -0.0079435460658434185 0.016221059209385179 -0.0033796459981438021
leaf_weight=782.83816501498222 1157.7515846639872 939.54704751074314 1468.265707552433 303.26654933393002 724.55723479390144 1170.3468882739544 277.4632984995842 136.28114606440067 118.26871173083782 137.22322319447994 129.5707665681839 1650.1401720792055 1339.8223538100719 743.29879312217236
leaf_count=3773 4659 3970 6721 1269 3168 4714 1228 555 513 551 550 7056 6177 3088
internal_value=2.45341e-06 -0.00687707 0.010518 -0.00206819 -0.0111534 -0.00332582 0.00378289 -0.00914587 -0.00979628 0.00188917 -0.0168549 -0.00928467 0.0142753 -0.0059547
internal_weight=11078.6 6698.12 4380.53 3156.46 3541.66 2853.19 1572.44 2629.25 2492.97 1294.97 912.409 2374.7 2808.09 1682.85
internal_count=47992 28656 19336 13041 15615 11772 6438 11292 10737 5210 4323 10224 12898 7058
is_linear=0
shrinkage=0.02


Tree=40
num_leaves=15
num_cat=0
split_feature=4 21 4 6 0 21 6 6 10 10 21 4 0 14
split_gain=1932.54 333.091 268.777 120.324 74.7407 65.1012 57.854 52.1034 36.9193 25.1631 24.4389 23.5315 22.6354 23.6681
threshold=128.50000000000003 1.3087745763434191 134.50000000000003 2.5000000000000004 54.202600958247778 1.0306474256436637 2.5000000000000004 2.5000000000000004 1.0000000180025095e-35 1.0000000180025095e-35 1.7223968718610347 149.50000000000003 61.553730321697479 1.4740215924426454
decision_type=2 2 2 2 2 2 2 2 2 2 2 2 2 2
left_child=1 5 6 4 9 -1 12 -7 -6 -3 -10 -4 13 -2
right_child=2 3 11 -5 8 7 -8 -9 10 -11 -12 -13 -14 -15
leaf_value=-0.017094140367440506 0.0041534809199878708 -0.0020753805518957018 0.012156144586224311 0.0084014398219956453 0.0033712071361768361 -0.010761902443785332 0.011940832508666881 0.0037135896228277609 -0.0044593928347024829 -0.0093157310476922814 0.00086685293027605735 0.01599346156610593 0.0078189849365758613 -0.0019014434954874951
leaf_weight=719.38819120824337 430.67750178277493 243.14925980567932 1505.9357864409685 341.74596986174583 444.45938286185265 2083.0165821313858 266.52700920403004 101.89500731229782 1295.4465035349131 987.93277563154697 466.04717534780502 1331.8627523034811 200.88656218349934 628.90423841774464
leaf_count=3373 1738 1030 6904 1429 1796 9177 1184 414 5305 4246 1886 6177 814 2519
internal_value=2.19839e-06 -0.00675594 0.0103462 -0.00283457 -0.00396293 -0.0118437 0.00356289 -0.010079 -0.00175112 -0.0079015 -0.0030506 0.0139828 0.0017496 0.000565711
internal_weight=11047.9 6683.08 4364.79 3778.78 3437.04 2904.3 1527 2184.91 2205.95 1231.08 1761.49 2837.8 1260.47 1059.58
internal_count=47992 28656 19336 15692 14263 12964 6255 9591 8987 5276 7191 13081 5071 4257
is_linear=0
shrinkage=0.02


Tree=41
num_leaves=15
num_cat=0
split_feature=4 21 4 21 0 15 15 22 0 15 21 13 8 4
split_gain=1862.23 323.172 261.103 88.3974 70.8341 55.7335 54.1228 45.1158 42.1835 25.4984 24.8307 23.3773 22.8462 21.3068
threshold=128.50000000000003 1.3986120722727871 138.50000000000003 1.0306474256436637 59.377138945927449 1.0000000180025095e-35 1.0000000180025095e-35 1.5000000000000002 52.031485284052032 1.0000000180025095e-35 1.8797152584178818 92.500000000000014 1.0000000180025095e-35 149.50000000000003
decision_type=2 2 2 2 2 2 2 2 2 2 2 2 2 2
left_child=1 3 5 11 7 -2 8 10 -5 -6 -3 -1 -10 -4
right_child=2 4 13 6 9 -7 -8 -9 12 -11 -12 -13 -14 -15
leaf_value=-0.02028205453806313 0.0010179559693767385 -0.0068952821379633794 0.01206727279092301 -0.012300072185170157 0.00077094932805500779 0.0090555950665141636 -0.0026036836792591978 0.00094680507567074593 -0.0061760065096229345 0.0081572353354847811 0.0020532348586892869 -0.012521178860060531 -0.017549459651688987 0.015769498706210205
leaf_weight=389.28873054683208 1061.9848944544792 1190.3049813807011 1455.3021967560053 1501.7012129426003 837.79645340144634 507.7604061961174 455.2450475692749 523.31569482386112 999.55609084665775 236.41937460005283 135.79448190331459 325.53122401237488 73.449055343866348 1323.9140823185444
leaf_count=1862 4273 5008 6721 6792 3376 2165 1901 2168 4192 979 556 1511 311 6177
internal_value=2.42156e-06 -0.00663604 0.0101778 -0.0105226 -0.00164773 0.00363963 -0.00900105 -0.00401672 -0.0101242 0.00242868 -0.00597317 -0.016862 -0.00703418 0.0138567
internal_weight=11017.4 6668.4 4348.96 3744.77 2923.63 1569.75 3029.95 1849.42 2574.71 1074.22 1326.1 714.82 1073.01 2779.22
internal_count=47992 28656 19336 16569 12087 6438 13196 7732 11295 4355 5564 3373 4503 12898
is_linear=0
shrinkage=0.02


Tree=42
num_leaves=15
num_cat=0
split_feature=13 20 20 12 6 6 20 10 6 13 3 21 21 7
split_gain=1724.16 426.274 136.261 136.056 101.484 99.4703 49.5906 41.723 35.6459 31.5755 30.4227 24.0243 23.125 22.9568
threshold=98.166666666666671 6.5844900752908968 5.2477891854893919 49.500000000000007 2.5000000000000004 2.5000000000000004 7.4416153319644094 1.0000000180025095e-35 1.5000000000000002 102.50000000000001 59.100000000000009 1.6331776299528482 2.177862571216179 2.5000000000000004
decision_type=2 2 2 2 2 2 2 2 2 2 2 2 2 2
left_child=1 2 8 9 7 6 12 -4 -1 -2 -9 -7 -3 -6
right_child=3 5 4 -5 13 11 -8 10 -10 -11 -12 -13 -14 -15
leaf_value=-0.016120645344301174 -0.0018092247355869161 -0.0030341255175366584 -0.0032032115509756944 0.013865640447588144 0.01361756968273516 0.0045970557214924873 0.0036596525324626102 -0.01497267772656311 -0.0067843042945130837 0.0069347802371803992 -0.0082582967677508005 0.015062040701385219 0.0090903226553380664 0.0003061508328604181
leaf_weight=1124.381677210331 204.83836364746094 1798.0697028934956 589.67934033274651 2559.8932086676359 91.118792876601219 172.39400272071362 685.29471029341221 318.76641523838043 204.36842021346092 804.82712203264236 2070.474482178688 189.67006421089172 60.372610703110695 113.65083989500999
leaf_count=5445 855 7291 2497 11940 385 737 2772 1395 867 3402 8873 829 242 462
internal_value=2.14884e-06 -0.00549283 -0.0093367 0.0114141 -0.00707099 0.00048144 -0.000920551 -0.0080084 -0.014717 0.00515867 -0.00918434 0.0102152 -0.00261585 0.00642242
internal_weight=10987.8 7418.24 4512.44 3569.56 3183.69 2905.8 2543.74 2978.92 1328.75 1009.67 2389.24 362.064 1858.44 204.77
internal_count=47992 31795 19924 16197 13612 11871 10305 12765 6312 4257 10268 1566 7533 847
is_linear=0
shrinkage=0.02


Tree=43
num_leaves=15
num_cat=0
split_feature=13 20 20 12 6 6 20 10 22 13 3 21 21 7
split_gain=1661.86 411.4 132.811 132.431 97.7773 95.8845 47.6418 40.2975 36.9206 30.3905 29.5531 23.3041 22.5456 22.1916
threshold=98.166666666666671 6.5844900752908968 5.2477891854893919 49.500000000000007 2.5000000000000004 2.5000000000000004 7.4416153319644094 1.0000000180025095e-35 1.5000000000000002 102.50000000000001 59.100000000000009 1.6331776299528482 1.9739676898930802 2.5000000000000004
decision_type=2 2 2 2 2 2 2 2 2 2 2 2 2 2
left_child=1 2 8 9 7 6 12 -4 -1 -2 -9 -7 -3 -6
right_child=3 5 4 -5 13 11 -8 10 -10 -11 -12 -13 -14 -15
leaf_value=-0.016237007563222612 -0.0017742678478742063 -0.0032282457736550591 -0.0031418709071170366 0.013661116595615563 0.013398562740923768 0.0045126896346159087 0.0035877833772840514 -0.014740317656258987 -0.0077648111065395358 0.006805790864056244 -0.0081102407355881576 0.014832514899036213 0.0046640331170107055 0.00030029001448750916
leaf_weight=1045.8514581471682 204.79558436572552 1704.3312709927559 589.26997436583042 2546.4646314233541 90.840559437870979 172.20008753240108 685.14354401826859 317.40805907547474 275.11988839507103 803.78467126190662 2066.2407792806625 188.83880488574505 153.61339612305164 113.64911608397961
leaf_count=5128 855 6917 2497 11940 385 737 2772 1395 1184 3402 8873 829 616 462
internal_value=2.25727e-06 -0.0053947 -0.00917972 0.0112325 -0.0069438 0.000473162 -0.000901962 -0.00786515 -0.0145099 0.00506145 -0.00902295 0.0100447 -0.00256388 0.0063094
internal_weight=10957.6 7402.51 4498.38 3555.04 3177.41 2904.13 2543.09 2972.92 1320.97 1008.58 2383.65 361.039 1857.94 204.49
internal_count=47992 31795 19924 16197 13612 11871 10305 12765 6312 4257 10268 1566 7533 847
is_linear=0
shrinkage=0.02


Tree=44
num_leaves=15
num_cat=0
split_feature=4 20 4 6 6 6 0 20 13 10 3 21 21 0
split_gain=1671.24 300.472 239.381 92.5362 83.4392 56.2544 55.3384 52.3601 33.3069 32.8302 26.2779 23.1108 22.1589 21.5685
threshold=128.50000000000003 6.104503764544833 138.50000000000003 1.5000000000000002 2.5000000000000004 2.5000000000000004 60.703627652292958 4.9948802190280635 93.166666666666671 1.0000000180025095e-35 59.100000000000009 1.8797152584178818 1.6476028853507123 61.800136892539363
decision_type=2 2 2 2 2 2 2 2 2 2 2 2 2 2
left_child=1 3 5 7 6 13 9 -1 -5 -3 -9 -11 -6 -2
right_child=2 4 -4 8 12 -7 -8 10 -10 11 -12 -13 -14 -15
leaf_value=-0.01683100311868637 0.00061155573592929706 -0.00012766940851527769 0.013264361068174984 -0.0072068558830821281 0.0026751823899615157 0.011614370115124164 0.0019180669058579528 -0.016368374179630673 0.0032233072537029106 -0.0063941656199760786 -0.0094309598027103453 0.0013425831919233555 0.013155212144150137 0.0079111771534823572
leaf_weight=759.40981334447861 1108.1309650242329 519.24001288414001 2737.1691424548626 290.59523551166058 195.1618078649044 272.93080459535122 643.87674427032471 265.414390578866 204.90095961093903 1878.4150755852461 1563.5487626194954 166.06640563905239 137.52311334013939 185.00772276520729
leaf_count=3780 4458 2118 12898 1237 809 1228 2581 1217 852 7837 6961 673 591 752
internal_value=2.30578e-06 -0.00630003 0.00970026 -0.0108592 -0.00231833 0.00344728 -0.00330995 -0.0123734 -0.0029006 -0.00462492 -0.0104807 -0.00576302 0.00714391 0.00168389
internal_weight=10927.4 6624.15 4303.24 3083.87 3540.28 1566.07 3207.6 2588.37 495.496 2563.72 1828.96 2044.48 332.685 1293.14
internal_count=47992 28656 19336 14047 14609 6438 13209 11958 2089 10628 8178 8510 1400 5210
is_linear=0
shrinkage=0.02


Tree=45
num_leaves=15
num_cat=0
split_feature=4 21 4 20 6 20 6 6 20 9 22 8 10 4
split_gain=1610.42 291.301 232.44 98.3634 91.3575 54.5526 54.3802 45.6967 31.0855 24.985 22.7744 22.366 21.9347 21.1757
threshold=128.50000000000003 1.3986120722727871 138.50000000000003 5.023545516769337 2.5000000000000004 6.8913347022587272 2.5000000000000004 2.5000000000000004 6.3245722108145115 1.0000000180025095e-35 1.5000000000000002 1.0000000180025095e-35 1.0000000180025095e-35 149.50000000000003
decision_type=2 2 2 2 2 2 2 2 2 2 2 2 2 2
left_child=1 3 6 10 5 -3 11 8 9 -5 -1 -2 -7 -4
right_child=2 4 13 7 -6 12 -8 -9 -10 -11 -12 -13 -14 -15
leaf_value=-0.017342463916729948 0.0025634556730445446 -0.0050677458849067566 0.011278711087520819 -0.0095617029674866776 0.0093099115060473314 0.0061702346321989314 0.01143037203980837 0.0023846394577464619 -0.0054531124950927979 -0.020359647374070006 -0.0089010407083793194 -0.0058467202601887036 -0.00069272565779326153 0.014987220896193674
leaf_weight=711.48911061882973 1155.8522023409605 1521.4915181100368 1427.6980074346066 1711.7211073189974 279.83393737673759 230.9390535056591 271.86902095377445 156.2692933678627 848.55414558947086 90.510830953717232 178.280362829566 137.07595111429691 879.98362049460411 1295.2994863092899
leaf_count=3594 4659 6424 6721 7644 1185 926 1228 639 3506 408 778 551 3552 6177
internal_value=2.2909e-06 -0.00618888 0.00954173 -0.00991197 -0.0014532 -0.00261359 0.00338249 -0.00804796 -0.00866707 -0.0101599 -0.0157125 0.00165118 0.000753411 0.0130678
internal_weight=10896.9 6609.07 4287.79 3696.82 2912.25 2632.41 1564.8 2807.06 2650.79 1802.23 889.769 1292.93 1110.92 2723
internal_count=47992 28656 19336 16569 12087 10902 6438 12197 11558 8052 4372 5210 4478 12898
is_linear=0
shrinkage=0.02


Tree=46
num_leaves=15
num_cat=0
split_feature=4 20 4 22 6 6 0 20 19 10 3 8 20 4
split_gain=1551.86 282.262 225.765 99.8843 77.0228 52.5794 52.0039 48.3267 32.1418 31.2804 22.2187 21.5049 21.3671 20.705
threshold=128.50000000000003 6.104503764544833 138.50000000000003 1.5000000000000002 2.5000000000000004 2.5000000000000004 60.703627652292958 4.9948802190280635 7.9189501458515332 1.0000000180025095e-35 59.100000000000009 1.0000000180025095e-35 6.5183025325119788 149.50000000000003
decision_type=2 2 2 2 2 2 2 2 2 2 2 2 2 2
left_child=1 3 5 7 6 11 9 -1 -5 -3 -9 -2 -11 -4
right_child=2 4 13 8 -6 -7 -8 10 -10 12 -12 -13 -14 -15
leaf_value=-0.016896118288253572 0.0025127830049627665 -6.3228277101392178e-05 0.011102965001762914 -0.006750653294121515 0.0068833123097827506 0.011249262885833064 0.0018907794557497344 -0.016131827426330566 0.0024964925697796214 -0.0080783379441662657 -0.0095201298760493932 -0.0057339309555474319 -0.0038674751203725548 0.014778532535495581
leaf_weight=696.59398227930069 1155.6804310679436 518.88945057988167 1421.4335280656815 430.54940769076347 331.55332903563976 270.81230175495148 643.79631571471691 249.71389320492744 225.96096554398537 814.88363441824913 1456.9752190858126 137.07521614432335 1225.1758937984705 1287.4685438424349
leaf_count=3545 4659 2118 6721 1857 1400 1228 2581 1158 945 3491 6542 551 5019 6177
internal_value=2.13213e-06 -0.0060799 0.00938569 -0.0105224 -0.00222382 0.00331804 -0.00317649 -0.0124094 -0.00357009 -0.00445332 -0.010533 0.00161809 -0.00556608 0.0128746
internal_weight=10866.6 6594.09 4272.47 3059.79 3534.3 1563.57 3202.75 2403.28 656.51 2558.95 1706.69 1292.76 2040.06 2708.9
internal_count=47992 28656 19336 14047 14609 6438 13209 11245 2802 10628 7700 5210 8510 12898
is_linear=0
shrinkage=0.02


Tree=47
num_leaves=15
num_cat=0
split_feature=4 20 4 22 6 18 20 6 13 11 4 3 20 3
split_gain=1495.43 273.136 219.364 97.0279 74.0914 50.015 47.5554 47.0554 31.4351 27.4165 21.7143 21.6976 20.5385 19.7201
threshold=128.50000000000003 6.104503764544833 134.50000000000003 1.5000000000000002 2.5000000000000004 36.849304176440519 4.9948802190280635 2.5000000000000004 93.166666666666671 31.168137204609966 149.50000000000003 59.100000000000009 7.7373169062286111 70.90000000000002
decision_type=2 2 2 2 2 2 2 2 2 2 2 2 2 2
left_child=1 3 7 6 5 9 -1 12 13 -3 -4 -8 -2 -5
right_child=2 4 10 8 -6 -7 11 -9 -10 -11 -12 -13 -14 -15
leaf_value=-0.016691781495427813 -5.9221718142921352e-05 -0.0052223873737696934 0.010840963904671779 -0.011138058540661182 0.0067577250455993915 0.0018532768732837138 -0.015909469761272322 0.010780227891113728 0.0016513671248629869 0.00063553847355846181 0.014572861038543163 -0.0093595943413225576 0.0056674209132223504 -0.0019468240903555926
leaf_weight=691.13549268245697 919.47316297888756 2184.2252363115549 1459.0070391744375 213.87453128397465 331.05864638090134 643.78882001340389 248.22487442195415 260.15375630557537 273.76354579627514 372.32264304161072 1279.675644621253 1452.4575169235468 338.92700901627541 168.28437186777592
leaf_count=3545 3697 9107 6904 934 1400 2581 1158 1184 1153 1521 6177 6542 1374 715
internal_value=1.957e-06 -0.00597288 0.00923212 -0.0103548 -0.00218126 -0.00311568 -0.0122219 0.00311958 -0.00350245 -0.00436891 0.0126088 -0.0103606 0.00149789 -0.00717326
internal_weight=10836.4 6579.14 4257.24 3047.74 3531.4 3200.34 2391.82 1518.55 655.922 2556.55 2738.68 1700.68 1258.4 382.159
internal_count=47992 28656 19336 14047 14609 13209 11245 6255 2802 10628 13081 7700 5071 1649
is_linear=0
shrinkage=0.02


Tree=48
num_leaves=15
num_cat=0
split_feature=4 21 4 6 20 20 6 6 10 10 8 8 3 4
split_gain=1441.05 268.641 213.037 90.6459 67.7272 65.4388 49.2294 35.9495 28.6555 26.1331 23.3786 20.6549 19.893 19.7836
threshold=128.50000000000003 1.3087745763434191 138.50000000000003 2.5000000000000004 6.8638603696098572 5.023545516769337 2.5000000000000004 2.5000000000000004 1.0000000180025095e-35 1.0000000180025095e-35 1.0000000180025095e-35 1.0000000180025095e-35 91.500000000000014 149.50000000000003
decision_type=2 2 2 2 2 2 2 2 2 2 2 2 2 2
left_child=1 5 6 4 9 -1 11 10 -6 -3 -7 -2 -11 -4
right_child=2 3 13 -5 8 7 -8 -9 -10 12 -12 -13 -14 -15
leaf_value=-0.015301122738097661 0.0024287239384349988 -0.0010196397929634836 0.010760502944824127 0.0074612566796905064 0.005942187107821917 -0.0083998249264089775 0.010900025048599538 0.0030725360277125981 -0.0012872675559512559 -0.0075008336649082987 -0.016250483371394321 -0.0056537003711012853 -0.0010285256323039986 0.014370117008801434
leaf_weight=820.03894582390785 1155.2661351561546 411.5770777463913 1409.1069818139076 337.55277261137962 272.66605846583843 1729.7179910540581 268.74344871938229 98.919707521796227 1038.20171636343 1464.6886965036392 170.14889238774776 137.0583970695734 220.97787728905678 1271.9246724396944
leaf_count=4119 4659 1732 6721 1429 1094 7678 1228 403 4200 6289 764 551 948 6177
internal_value=1.87194e-06 -0.00586749 0.00908118 -0.00235162 -0.00333362 -0.0105263 0.00319183 -0.00853299 0.000231835 -0.00555838 -0.00914478 0.00155151 -0.0066591 0.0124973
internal_weight=10806.6 6564.49 4242.1 3745.66 3408.11 2818.83 1561.07 1998.79 1310.87 2097.24 1899.87 1292.32 1685.67 2681.03
internal_count=47992 28656 19336 15692 14263 12964 6438 8845 5294 8969 8442 5210 7237 12898
is_linear=0
shrinkage=0.02


Tree=49
num_leaves=15
num_cat=0
split_feature=4 21 4 20 6 20 6 6 8 20 22 4 20 2
split_gain=1388.53 260.448 206.953 89.9853 79.8287 47.8317 43.9321 39.508 29.0583 28.7617 21.5201 20.7482 19.7305 19.3075
threshold=128.50000000000003 1.3986120722727871 134.50000000000003 5.023545516769337 2.5000000000000004 6.8913347022587272 2.5000000000000004 2.5000000000000004 1.0000000180025095e-35 6.2411498973305966 1.5000000000000002 149.50000000000003 7.7373169062286111 176.50000000000003
decision_type=2 2 2 2 2 2 2 2 2 2 2 2 2 2
left_child=1 3 6 10 5 -3 12 8 9 -5 -1 -4 13 -2
right_child=2 4 11 7 -6 -7 -8 -9 -10 -11 -12 -13 -14 -15
leaf_value=-0.016567256342883398 0.00073348311406144838 -0.004679108036747719 0.010505244870372146 -0.0091595746248792197 0.0088083178703743589 0.00077820742052565884 0.010434389477392754 0.002170493964090474 -0.015071372280226987 -0.0046000960756266513 -0.0083263751867853827 0.014170214677607342 0.005526207318352184 -0.010180758260360238
leaf_weight=690.18317304551601 854.26340048015118 1513.7806235402822 1446.6595029979944 1495.4976769536734 277.96225067973137 1110.2217431366444 258.17229078710079 155.96966627240181 220.60817351937294 909.38391272723675 176.59685586392879 1264.2192323058844 338.63400720059872 65.121543914079666
leaf_count=3594 3435 6424 6904 6777 1185 4478 1184 639 984 3797 778 6177 1374 262
internal_value=1.85184e-06 -0.00576345 0.0089324 -0.00931675 -0.00128734 -0.00237226 0.00299989 -0.00753753 -0.00811803 -0.0074494 -0.0149479 0.0122381 0.00143732 -8.83131e-05
internal_weight=10777.3 6550.2 4227.07 3648.24 2901.96 2624 1516.19 2781.46 2625.49 2404.88 866.78 2710.88 1258.02 919.385
internal_count=47992 28656 19336 16569 12087 10902 6255 12197 11558 10574 4372 13081 5071 3697
is_linear=0
shrinkage=0.02


Tree=50
num_leaves=15
num_cat=0
split_feature=4 21 4 6 13 0 6 6 21 0 24 11 8 4
split_gain=1337.98 252.042 201.017 83.7345 60.4021 56.2736 46.0981 41.0662 28.6253 26.265 20.8401 20.1197 19.7585 18.9083
threshold=128.50000000000003 1.3087745763434191 138.50000000000003 2.5000000000000004 86.833333333333357 54.202600958247778 2.5000000000000004 1.5000000000000002 1.1309119749760661 62.090349075975361 1.0000000180025095e-35 33.597459368151938 1.0000000180025095e-35 149.50000000000003
decision_type=2 2 2 2 2 2 2 2 2 2 2 2 2 2
left_child=1 4 6 5 8 10 12 -6 -1 11 -3 -7 -2 -4
right_child=2 3 13 -5 7 9 -8 -9 -10 -11 -12 -13 -14 -15
leaf_value=-0.017255622602139836 0.0023452375595258111 -0.0089878762144534694 0.01042783066575512 0.0071892200553264262 -0.0091498986385796094 -0.0030220340852007222 0.010561474440768515 -0.00027293739067541081 -0.010181998663250695 0.0032769853591204214 -0.0036377618655529594 0.0041075303750330947 -0.0055603220428557237 0.013973074048095706
leaf_weight=551.59707666933537 1154.8448246270418 676.47505389153957 1396.9943093210459 336.41090841591358 1555.6694108396769 1618.4793468862772 266.70086844265461 241.49229373037815 448.44673421978951 405.70902918279171 530.53434818983078 170.86574849486351 137.03630729019642 1256.5626568049192
leaf_count=2742 4659 3005 6721 1429 7128 6669 1228 1014 2080 1627 2271 691 551 6177
internal_value=1.69967e-06 -0.00566169 0.00878595 -0.0022585 -0.0101972 -0.0032025 0.00306981 -0.00796224 -0.014152 -0.00128813 -0.00666262 -0.00233056 0.00148691 0.0121305
internal_weight=10747.8 6535.68 4212.14 3738.47 2797.21 3402.06 1558.58 1797.16 1000.04 2195.05 1207.01 1789.35 1291.88 2653.56
internal_count=47992 28656 19336 15692 12964 14263 6438 8142 4822 8987 5276 7360 5210 12898
is_linear=0
shrinkage=0.02


Tree=51
num_leaves=15
num_cat=0
split_feature=4 20 4 21 6 20 6 6 3 6 10 0 7 13
split_gain=1289.2 244.677 195.232 96.3331 62.5354 44.0557 41.8235 40.689 26.6477 24.8977 24.2391 21.2314 21.1685 19.8479
threshold=128.50000000000003 5.6864750171115679 134.50000000000003 1.6425403476496736 1.5000000000000002 6.9539493497604381 1.5000000000000002 2.5000000000000004 61.750000000000007 2.5000000000000004 1.0000000180025095e-35 42.410677618069819 2.5000000000000004 91.500000000000014
decision_type=2 2 2 2 2 2 2 2 2 2 2 2 2 2
left_child=1 4 6 5 8 9 11 -5 -1 -3 -7 -2 -11 -6
right_child=2 3 -4 7 13 10 -8 -9 -10 12 -12 -13 -14 -15
leaf_value=-0.017220832053565182 -0.0099263154135195621 -0.0064286564404731775 0.011877664647179029 0.00062532026838693221 -0.0067591020759203051 0.0059372215629154889 0.0077292731932730313 0.011783870800101744 -0.011302672148639375 0.0099760852059435096 -0.0023745055775298875 0.0013770346433586403 -0.0040739451904355205 0.003541482981349175
leaf_weight=442.91351011395454 66.341547936201096 2421.4057391434908 2683.4907441288233 956.232132345438 210.45280253887177 173.76017558574677 480.14083598554134 146.62818148732185 1241.5244699716568 65.341836556792259 647.86133751273155 967.36166994273663 105.07236488163471 110.48206563293934
leaf_count=2236 267 10443 13081 3904 910 701 2089 638 6020 275 2637 3899 429 463
internal_value=1.63589e-06 -0.00556119 0.00864177 -0.0029731 -0.0113669 -0.00463197 0.00288417 0.00215717 -0.0129064 -0.00590924 -0.000589005 0.000605387 0.00143265 -0.00320705
internal_weight=10719 6521.67 4197.33 4516.3 2005.37 3413.44 1513.84 1102.86 1684.44 2591.82 821.622 1033.7 170.414 320.935
internal_count=47992 28656 19336 19027 9629 14485 6255 4542 8256 11147 3338 4166 704 1373
is_linear=0
shrinkage=0.02


Tree=52
num_leaves=15
num_cat=0
split_feature=4 0 4 22 4 6 0 13 11 0 6 0 12 4
split_gain=1241.99 225.555 189.729 95.2632 56.9611 43.649 43.2736 34.4853 28.507 26.0492 22.6368 19.6605 20.4578 18.6898
threshold=128.50000000000003 54.355920602327181 138.50000000000003 1.5000000000000002 118.50000000000001 2.5000000000000004 60.703627652292958 93.166666666666671 30.859491188280789 44.034223134839159 2.5000000000000004 61.800136892539363 41.500000000000007 149.50000000000003
decision_type=2 2 2 2 2 2 2 2 2 2 2 2 2 2
left_child=1 3 5 4 -1 11 8 -5 -3 -6 -8 12 -2 -4
right_child=2 6 13 7 9 -7 10 -9 -10 -11 -12 -13 -14 -15
leaf_value=-0.014336183571148194 0.0037196243254529284 -0.0036999640811691669 0.010077886540013915 -0.0071608981564363341 -0.012692337691475144 0.010268553764374164 0.0016613074438137938 0.0012013358517036742 0.0026210636698014824 -0.0070859098141859761 0.012211445081181705 0.0073720230394605981 -0.0018089495163184654 0.013613246465744808
leaf_weight=958.71694914996624 439.77399554848671 1686.4723393023014 1384.1216829270124 346.92333868145943 435.56872513890266 264.90575520694256 650.7557285130024 445.40675497055054 339.18717627227306 1556.0840948820114 88.535506471991539 184.25904485583305 667.41183377802372 1242.45300796628
leaf_count=4770 1781 7025 6721 1515 2210 1228 2613 1880 1395 6864 384 752 2677 6177
internal_value=1.5791e-06 -0.00546217 0.00849874 -0.00865933 -0.0103113 0.00295052 -0.00112588 -0.00247952 -0.00263671 -0.00834173 0.003001 0.00141406 0.000392051 0.0117737
internal_weight=10690.6 6507.65 4182.93 3742.7 2950.37 1556.35 2764.95 792.33 2025.66 1991.65 739.291 1291.44 1107.19 2626.57
internal_count=47992 28656 19336 17239 13844 6438 11417 3395 8420 9074 2997 5210 4458 12898
is_linear=0
shrinkage=0.02


Tree=53
num_leaves=15
num_cat=0
split_feature=4 21 4 6 20 20 6 6 10 10 14 21 3 23
split_gain=1196.71 232.482 184.156 76.1747 60.7398 57.1897 42.1834 32.0693 26.8336 24.9254 18.9952 20.3128 18.9319 18.5309
threshold=128.50000000000003 1.3087745763434191 138.50000000000003 2.5000000000000004 5.023545516769337 6.8638603696098572 2.5000000000000004 1.5000000000000002 1.0000000180025095e-35 1.0000000180025095e-35 1.4740215924426454 1.441600939906577 91.500000000000014 1.5000000000000002
decision_type=2 2 2 2 2 2 2 2 2 2 2 2 2 2
left_child=1 4 6 5 -1 9 10 13 -7 -3 -2 -12 -11 -6
right_child=2 3 -4 -5 7 8 -8 -9 -10 12 11 -13 -14 -15
leaf_value=-0.014432119149121824 0.004386529288189802 -0.00061947361044975427 0.011598653349556272 0.0069301422049545605 -0.008374887766638129 0.005799524210403386 0.010105225362100416 -0.0014273082494155199 -0.0011978371108145411 -0.0069613957299076348 -0.0043429653916939037 0.0021423750724110504 -0.00063725079693741906 -0.019023256191705119
leaf_weight=794.91988633573055 506.46402345597744 409.60868936777115 2613.20478951931 335.09965774416924 1632.3713169395924 272.57244150340557 263.89466874301434 272.76731738448143 1037.3514338582754 1452.6492784768343 326.26650252938271 458.34839415550232 219.64788155257702 67.175130993127823
leaf_count=4119 2055 1732 12898 1429 7381 1094 1228 1153 4200 6289 1309 1846 948 311
internal_value=1.73562e-06 -0.00536468 0.00835968 -0.00209841 -0.00975127 -0.00299987 0.00289542 -0.00783197 0.000273188 -0.00505594 0.00138691 -0.000562316 -0.00613632 -0.00885151
internal_weight=10662.3 6494.16 4168.18 3726.93 2767.23 3391.83 1554.97 1972.31 1309.92 2081.91 1291.08 784.615 1672.3 1699.55
internal_count=47992 28656 19336 15692 12964 14263 6438 8845 5294 8969 5210 3155 7237 7692
is_linear=0
shrinkage=0.02


Tree=54
num_leaves=15
num_cat=0
split_feature=4 21 4 20 6 20 6 6 8 20 21 22 4 0
split_gain=1153.03 225.699 178.839 82.5592 67.8378 40.4127 38.4303 34.1741 28.3399 25.7077 25.1624 20.7781 19.8181 19.7091
threshold=128.50000000000003 1.3986120722727871 133.50000000000003 5.023545516769337 2.5000000000000004 7.1108008213552365 1.5000000000000002 2.5000000000000004 1.0000000180025095e-35 6.2411498973305966 1.9290060024828339 1.5000000000000002 149.50000000000003 42.410677618069819
decision_type=2 2 2 2 2 2 2 2 2 2 2 2 2 2
left_child=1 3 6 11 5 10 13 8 9 -5 -3 -1 -4 -2
right_child=2 4 12 7 -6 -7 -8 -9 -10 -11 -12 -13 -14 -15
leaf_value=-0.015728826776287102 -0.0096413730681387186 -0.0044774437221423375 0.0096510944279714593 -0.0084320812092277438 0.0082415824330018747 0.0017442502967595038 0.0073782959328870861 0.0021146717872101164 -0.014369041738883545 -0.0041046878440107641 0.0032745718338775057 -0.007597614870545266 0.013261894064703348 0.0012701653383680003
leaf_weight=666.54793865978718 66.058785453438759 1664.945990383625 1418.211009785533 1472.6316264420748 275.65914876759052 767.02660638093948 475.78315843641758 155.7966522872448 217.10995231568813 904.26265782117844 182.26193526387215 174.27695445716381 1228.5265151709318 965.04536719620228
leaf_count=3594 266 7068 6918 6777 1185 3088 2083 639 984 3797 746 778 6177 3892
internal_value=1.56496e-06 -0.0052693 0.00822214 -0.00861435 -0.00110477 -0.00210492 0.00270812 -0.00691347 -0.00745949 -0.00679869 -0.00370471 -0.0141007 0.0113497 0.000526022
internal_weight=10634.1 6480.52 4153.62 3590.63 2889.89 2614.23 1506.89 2749.8 2594 2376.89 1847.21 840.825 2646.74 1031.1
internal_count=47992 28656 19336 16569 12087 10902 6241 12197 11558 10574 7814 4372 13095 4158
is_linear=0
shrinkage=0.02


Tree=55
num_leaves=15
num_cat=0
split_feature=4 20 4 21 22 6 20 6 6 20 21 20 8 4
split_gain=1110.9 219.483 173.664 86.1354 59.5396 39.9308 38.2222 36.4223 26.874 23.8705 20.7541 20.443 18.9252 18.0431
threshold=128.50000000000003 5.6864750171115679 138.50000000000003 1.6425403476496736 1.5000000000000002 2.5000000000000004 6.704257357973991 2.5000000000000004 2.5000000000000004 7.6647227926078036 1.1886192659923152 4.5121971252566739 1.0000000180025095e-35 149.50000000000003
decision_type=2 2 2 2 2 2 2 2 2 2 2 2 2 2
left_child=1 4 5 6 11 12 8 -5 -3 -8 -6 -1 -2 -4
right_child=2 3 13 7 10 -7 9 -9 -10 -11 -12 -13 -14 -15
leaf_value=-0.018329385674127171 0.0021611613902548042 -0.0065273264031097357 0.0095843323462479688 0.00067723829240020825 -0.008441621122001669 0.0098254352401835245 -0.0023047197041525225 0.011275996981586194 0.0027593296275520507 0.0083842654708677113 0.00032859100498196231 -0.011518924203567584 -0.0055777784359951786 0.013076834688183278
leaf_weight=222.65980476140976 1153.5486351698637 1988.0906831771135 1365.7703634649515 955.34025071561337 209.65025933086872 262.14604978263378 1192.9278557300568 145.31042177975178 129.97937370836735 84.896696388721466 215.51308549940586 1322.095177128911 136.94742864370346 1221.1395471990108
leaf_count=1215 4659 8728 6721 3904 933 1228 4880 638 535 342 922 6559 551 6177
internal_value=1.38778e-06 -0.00517597 0.008086 -0.00273084 -0.0107352 0.00278426 -0.00430542 0.00212298 -0.00595133 -0.00156309 -0.00403925 -0.0125578 0.00132 0.0112558
internal_weight=10606 6466.46 4139.55 4496.55 1969.92 1552.64 3395.89 1100.65 2118.07 1277.82 425.163 1544.75 1290.5 2586.91
internal_count=47992 28656 19336 19027 9629 6438 14485 4542 9263 5222 1855 7774 5210 12898
is_linear=0
shrinkage=0.02


Tree=56
num_leaves=15
num_cat=0
split_feature=4 20 4 21 22 20 22 22 10 0 20 3 24 4
split_gain=1070.29 212.786 168.673 87.6499 57.1797 40.3402 26.9059 26.1326 24.9107 22.2275 21.3132 19.9274 19.1578 18.9267
threshold=128.50000000000003 5.5860095824777565 133.50000000000003 1.6576371670616685 1.5000000000000002 6.704257357973991 2.5000000000000004 1.5000000000000002 1.0000000180025095e-35 42.254620123203289 7.6647227926078036 61.750000000000007 1.0000000180025095e-35 149.50000000000003
decision_type=2 2 2 2 2 2 2 2 2 2 2 2 2 2
left_child=1 4 7 5 11 6 8 9 -3 -2 -7 -1 -5 -4
right_child=2 3 13 12 -6 10 -8 -9 -10 -11 -12 -13 -14 -15
leaf_value=-0.01655435256702973 -0.010942753534556688 -0.0020911634542283104 0.0093491744402545412 -0.00058235808215928865 -0.0039976031885585323 -0.0021633057287799157 0.00035588270760959241 0.0059888951593615484 -0.0077852886763339285 0.0013643995237529818 0.0077917580300294522 -0.01105379562344895 0.0048094927355503336 0.012894155240084556
leaf_weight=392.92407634854317 57.846513345837593 387.73804508149624 1406.7218021005392 489.82248817384243 402.45988790690899 1220.8170332759619 243.3931327611208 563.47085338830948 1586.3347612917423 883.53608927130699 87.573522418737411 1079.9743147492409 561.79347455501556 1213.816515699029
leaf_count=2064 233 1674 6918 2010 1760 4995 1022 2444 7026 3564 353 5421 2331 6177
internal_value=1.44325e-06 -0.00508373 0.00795255 -0.00275279 -0.0107497 -0.0042631 -0.0059042 0.00260232 -0.00667599 0.000552213 -0.00146834 -0.0125736 0.00230531 0.0110134
internal_weight=10578.2 6452.83 4125.39 4577.47 1875.36 3525.86 2217.47 1504.85 1974.07 941.383 1308.39 1472.9 1051.62 2620.54
internal_count=47992 28656 19336 19411 9245 15070 9722 6241 8700 3797 5348 7485 4341 13095
is_linear=0
shrinkage=0.02


Tree=57
num_leaves=15
num_cat=0
split_feature=4 21 4 6 20 10 20 6 6 8 20 0 14 7
split_gain=1031.06 206.553 163.803 66.8197 56.6324 49.9437 39.0015 38.0219 29.3373 26.7813 18.7284 18.6379 19.1711 18.4547
threshold=128.50000000000003 1.3087745763434191 138.50000000000003 2.5000000000000004 5.023545516769337 1.0000000180025095e-35 6.5183025325119788 2.5000000000000004 1.5000000000000002 1.0000000180025095e-35 6.9613004791238877 61.800136892539363 1.4740215924426454 2.5000000000000004
decision_type=2 2 2 2 2 2 2 2 2 2 2 2 2 2
left_child=1 4 7 5 -1 10 -7 11 9 -6 -3 12 -2 -5
right_child=2 3 -4 13 8 6 -8 -9 -10 -11 -12 -13 -14 -15
leaf_value=-0.013752803105783735 0.0034801950954892703 -0.00031777370967165833 0.010922586230450672 0.011268887768782716 -0.0074775158120624864 -0.0066576874444852982 -0.0018149799107510759 0.0095711281857923432 -0.0011864534216486046 -0.016511750676369157 0.0066362231518182569 0.0070592266508891586 -0.0018740892142508911 0.0018448827679554084
leaf_weight=774.96013593673706 439.32344016432762 450.39216504991055 2561.0944735407829 163.10363629460335 1536.2046964615583 1203.252718642354 1495.3428093343973 260.53973235189915 271.83797660470009 144.00101916491985 230.39695085585117 183.79016502201557 666.94199796020985 170.23234322667122
leaf_count=4119 1782 1901 12898 709 7017 5338 6099 1228 1153 675 925 752 2676 720
internal_value=1.29997e-06 -0.00499291 0.00782028 -0.0019179 -0.00916754 -0.00276323 -0.00398331 0.00267633 -0.00731568 -0.00829967 0.00206395 0.00125073 0.000256512 0.00656041
internal_weight=10551.4 6439.72 4111.69 3712.72 2727 3379.38 2698.6 1550.6 1952.04 1680.21 680.789 1290.06 1106.27 333.336
internal_count=47992 28656 19336 15692 12964 14263 11437 6438 8845 7692 2826 5210 4458 1429
is_linear=0
shrinkage=0.02


Tree=58
num_leaves=15
num_cat=0
split_feature=17 21 20 12 20 22 8 24 22 22 10 7 20 5
split_gain=978.159 261.839 87.5379 84.9663 76.698 39.9994 29.3638 27.6061 21.5662 19.283 19.9181 16.2136 15.3912 17.3673
threshold=1.0000000180025095e-35 1.3986120722727871 5.2477891854893919 44.500000000000007 6.9467761806981532 1.5000000000000002 1.0000000180025095e-35 1.0000000180025095e-35 1.5000000000000002 2.5000000000000004 1.0000000180025095e-35 1.5000000000000002 7.2547159479808352 98.500000000000014
decision_type=2 2 2 2 2 2 2 2 2 2 2 2 2 2
left_child=1 2 8 12 5 -3 7 -4 -1 10 -6 -11 13 -2
right_child=3 4 6 -5 9 -7 -8 -9 -10 11 -12 -13 -14 -15
leaf_value=-0.014077048698662456 0.00025541466828569239 -0.0048908895198144673 -0.0067793666682058511 0.010852452935246584 0.0067550376071737204 0.0016063522827811532 -0.012715881139548486 -0.0023209587508205586 -0.0068074291593279495 0.013522096240742375 0.00057767004374432703 0.0040704006342284276 0.0067954369259658788 0.010124897873689644
leaf_weight=860.02401718497276 493.30837504565716 1269.8074778616428 1583.3374166488647 2413.3600342273712 261.36452066898346 535.91068907082081 226.92064338922501 868.0603881329298 221.03964094817638 108.57777619361877 975.45243781805038 223.57565332949162 404.8191582262516 78.522617936134338
leaf_count=4668 2083 5442 7015 12216 1051 2257 1006 3726 988 498 3940 961 1773 368
internal_value=1.30483e-06 -0.00420128 -0.00782786 0.00883914 -0.000155093 -0.00296239 -0.0058686 -0.00520936 -0.0126307 0.00307368 0.00190663 0.00732071 0.00383215 0.00169015
internal_weight=10524.1 7134.07 3759.38 3390.01 3374.69 1805.72 2678.32 2451.4 1081.06 1568.97 1236.82 332.153 976.65 571.831
internal_count=47992 31552 17403 16440 14149 7699 11747 10741 5656 6450 4991 1459 4224 2451
is_linear=0
shrinkage=0.02


Tree=59
num_leaves=15
num_cat=0
split_feature=4 20 4 21 22 6 20 6 10 6 20 11 20 4
split_gain=959.815 195.937 153.302 76.4455 55.049 33.645 33.3541 33.104 27.6717 35.821 20.3124 20.1254 18.896 18.746
threshold=128.50000000000003 5.6864750171115679 133.50000000000003 1.6425403476496736 1.5000000000000002 1.5000000000000002 7.6647227926078036 2.5000000000000004 1.0000000180025095e-35 2.5000000000000004 4.5121971252566739 21.792900166602593 6.5183025325119788 149.50000000000003
decision_type=2 2 2 2 2 2 2 2 2 2 2 2 2 2
left_child=1 4 5 6 10 -2 8 -5 -3 12 -1 -6 -10 -4
right_child=2 3 13 7 11 -7 -8 -9 9 -11 -12 -13 -14 -15
leaf_value=-0.017734972115444832 0.00044357636084921411 -0.00066266139660782128 0.0088655013700413652 0.00068116155527505066 -0.014678879702633802 0.0068745508771979706 0.008054500802141467 0.01082277460052717 -0.0074646300206578434 0.0032822582048076983 -0.010878462469038881 -0.0019397330814610266 -0.0038970128834176078 0.012409260706344119
leaf_weight=215.94034294784069 1030.215744420886 661.19028662145138 1388.1083507537842 954.763323828578 52.839289367198944 471.67575241625309 84.779536411166191 144.06820942461491 1355.1101416945457 180.04994514584541 1296.8625817149878 369.94101168215275 1098.5691975057125 1194.2517769038677
leaf_count=1215 4158 2782 6918 3904 240 2083 342 638 6084 751 6559 1615 4526 6177
internal_value=1.37299e-06 -0.00482281 0.00757463 -0.00251882 -0.0101325 0.00248069 -0.00400753 0.00205564 -0.00433023 -0.00524721 -0.0119137 -0.00368951 -0.00587931 0.010526
internal_weight=10498.4 6414.11 4084.25 4478.53 1935.58 1501.89 3379.7 1098.83 3294.92 2633.73 1512.8 422.78 2453.68 2582.36
internal_count=47992 28656 19336 19027 9629 6241 14485 4542 14143 11361 7774 1855 10610 13095
is_linear=0
shrinkage=0.02


Tree=60
num_leaves=15
num_cat=0
split_feature=4 20 4 21 22 20 6 6 8 22 3 24 8 11
split_gain=924.675 189.991 148.777 78.4125 52.9699 37.2988 35.2802 27.3698 23.1621 21.9409 19.8241 18.9543 17.9491 17.3791
threshold=128.50000000000003 5.5860095824777565 138.50000000000003 1.6844353090140844 1.5000000000000002 6.9539493497604381 2.5000000000000004 2.5000000000000004 1.0000000180025095e-35 1.5000000000000002 61.750000000000007 1.0000000180025095e-35 1.0000000180025095e-35 21.792900166602593
decision_type=2 2 2 2 2 2 2 2 2 2 2 2 2 2
left_child=1 4 6 5 10 9 12 -5 11 -3 -1 -7 -2 -6
right_child=2 3 -4 7 13 8 -8 -9 -10 -11 -12 -13 -14 -15
leaf_value=-0.015943191682099057 0.0020034767808889881 -0.00597258154243292 0.010438808359021601 0.0011781662865021825 -0.014102018576163571 -0.0018349961525306955 0.0092263863281817401 0.010924691696208499 -0.011992267032280375 -0.0015653103090475103 -0.010414951006405692 0.0043419887963532001 -0.0055359612588692922 -0.0019655422964662298
leaf_weight=382.84836199879646 1152.2526031434536 2146.4448869377375 2523.4964372366667 820.85601453483105 50.155127689242363 503.44962747395039 258.33293229341507 129.54683366417885 58.066848784685135 579.12523128092289 1059.0684957802296 321.13985897600651 136.83024841547012 350.05736863613129
leaf_count=2064 4659 9432 12898 3351 229 2047 1228 576 237 2457 5421 1311 551 1531
internal_value=1.30397e-06 -0.00473696 0.00744851 -0.0025406 -0.0101495 -0.00388607 0.00255278 0.002559 -0.000307802 -0.00504144 -0.0119342 0.000579916 0.00118336 -0.00364668
internal_weight=10471.7 6400.76 4070.91 4558.63 1842.13 3608.23 1547.42 950.403 882.656 2725.57 1441.92 824.589 1289.08 400.212
internal_count=47992 28656 19336 19411 9245 15484 6438 3927 3595 11889 7485 3358 5210 1760
is_linear=0
shrinkage=0.02


Tree=61
num_leaves=15
num_cat=0
split_feature=4 21 4 6 13 10 0 6 6 21 4 0 7 8
split_gain=890.793 183.947 144.454 58.5523 54.4852 46.0153 34.6563 32.0042 31.6624 27.4597 18.4552 17.7863 17.6056 16.1536
threshold=128.50000000000003 1.3087745763434191 133.50000000000003 2.5000000000000004 86.833333333333357 1.0000000180025095e-35 54.202600958247778 1.5000000000000002 1.5000000000000002 1.0242139001846218 149.50000000000003 42.410677618069819 2.5000000000000004 1.0000000180025095e-35
decision_type=2 2 2 2 2 2 2 2 2 2 2 2 2 2
left_child=1 4 8 5 9 -3 -7 13 11 -1 -4 -2 -5 -6
right_child=2 3 10 12 7 6 -8 -9 -10 -11 -12 -13 -14 -15
leaf_value=-0.017719196095812156 -0.0092524481931940596 0.0020902767137672201 0.0085601253732768782 0.010827590349428208 -0.0068909510797311837 -0.0067956638931131108 -0.0020359055147194031 0.00028020535318460131 0.0066568625815417283 -0.010097600457107449 0.01208810477122938 0.001118035041501497 0.001604572918117939 -0.014393528328084894
leaf_weight=287.63652986288071 65.990751713514328 679.57559806108475 1376.3129629641771 161.74933385848999 1373.7695701271296 945.39549444615841 1742.47296269238 239.8286309838295 469.90711285173893 660.99013835191727 1181.2138918489218 964.07254895567894 169.65570072829723 126.92471526563168
leaf_count=1569 266 2826 6918 709 6506 4246 7191 1014 2083 3253 6177 3892 720 622
internal_value=9.8137e-07 -0.00465244 0.00732439 -0.00175373 -0.00862813 -0.00254572 -0.00372029 -0.00649163 0.00238411 -0.0124915 0.0102107 0.000410235 0.00620603 -0.00757252
internal_weight=10445.5 6388 4057.5 3698.85 2689.15 3367.44 2687.87 1740.52 1499.97 948.627 2557.53 1030.06 331.405 1500.69
internal_count=47992 28656 19336 15692 12964 14263 11437 8142 6241 4822 13095 4158 1429 7128
is_linear=0
shrinkage=0.02


Tree=62
num_leaves=15
num_cat=0
split_feature=4 20 4 21 22 20 6 6 8 22 3 24 9 4
split_gain=858.103 179.953 140.187 74.0998 51.1619 35.0128 33.3951 25.6238 22.2752 20.4843 19.2818 17.7933 17.7211 16.8923
threshold=128.50000000000003 5.5860095824777565 138.50000000000003 1.6844353090140844 1.5000000000000002 6.9539493497604381 2.5000000000000004 2.5000000000000004 1.0000000180025095e-35 1.5000000000000002 61.750000000000007 1.0000000180025095e-35 1.0000000180025095e-35 149.50000000000003
decision_type=2 2 2 2 2 2 2 2 2 2 2 2 2 2
left_child=1 4 6 5 10 9 12 -5 11 -3 -1 -7 -2 -4
right_child=2 3 13 7 -6 8 -8 -9 -10 -11 -12 -13 -14 -15
leaf_value=-0.015613129970491826 0.0017558321911284116 -0.0057687530738470116 0.0084980547716065682 0.001190723892710389 -0.0034702111632888798 -0.0017480485088633357 0.0089705492913566675 0.010644169198806393 -0.011743511398742046 -0.0015067142880910032 -0.010131673407532999 0.0042381585412872118 -0.0074924305681352953 0.011917744559521675
leaf_weight=377.42329113185406 1204.6536239385605 2139.1341909915209 1324.7863175719976 820.69395363330841 398.95111133158207 503.21905745565891 256.68378752470016 128.82004007697105 57.995191007852554 578.45443567633629 1049.9079324603081 320.98473876714706 83.996528089046478 1174.2787107378244
leaf_count=2064 4871 9432 6721 3351 1760 2047 1228 576 237 2457 5421 1311 339 6177
internal_value=7.50874e-07 -0.00456913 0.00720194 -0.00243442 -0.00986446 -0.00374465 0.00245405 0.0025244 -0.000277955 -0.00486672 -0.011632 0.000592356 0.00112484 0.0101263
internal_weight=10420 6375.58 4044.4 4549.3 1826.28 3599.79 1545.33 949.514 882.199 2717.59 1427.33 824.204 1288.65 2499.07
internal_count=47992 28656 19336 19411 9245 15484 6438 3927 3595 11889 7485 3358 5210 12898
is_linear=0
shrinkage=0.02


Tree=63
num_leaves=15
num_cat=0
split_feature=13 21 4 21 0 13 15 15 8 4 13 1 21 7
split_gain=828.408 230.169 78.5523 67.2464 57.0589 40.0204 35.2022 30.8955 25.3716 25.624 22.1198 19.2148 17.058 15.7755
threshold=98.166666666666671 1.3744461626429836 134.50000000000003 1.0306474256436637 60.703627652292958 92.500000000000014 1.0000000180025095e-35 1.0000000180025095e-35 1.0000000180025095e-35 117.50000000000001 92.500000000000014 1.5000000000000002 1.8797152584178818 2.5000000000000004
decision_type=2 2 2 2 2 2 2 2 2 2 2 2 2 2
left_child=1 3 -2 10 5 -3 12 8 9 -5 -1 -6 -7 -4
right_child=2 4 13 7 11 6 -8 -9 -10 -11 -12 -13 -14 -15
leaf_value=-0.016823074812492667 0.002876308501613239 -0.0053946676558085851 0.01061308372720126 -0.0099685510400573784 0.0066635485339688293 -0.0023672700364048504 0.0047413165000851874 -0.0013229613098743619 -0.013909973220599335 -0.0050542944149846855 -0.0091377291748429151 0.00035122694570010297 0.0039810981336686462 0.005085544456565335
leaf_weight=343.30861987173557 809.88611276447773 810.0253204703331 2226.1054868549109 589.95614433288574 514.13866969943047 1349.2144889980555 452.2855324447155 451.81223039329052 196.83244344592094 1598.3196462094784 310.31976495683193 308.96678440272808 188.6907811909914 244.5336307734251
leaf_count=1887 3407 3537 11524 2985 2124 5661 1945 1937 933 7180 1572 1267 767 1266
internal_value=6.50481e-07 -0.00383306 0.00830789 -0.00749446 -0.000299798 -0.00166167 -0.000131593 -0.00614103 -0.00704821 -0.00639979 -0.0132744 0.00431295 -0.00157669 0.0100782
internal_weight=10394.4 7113.87 3280.53 3490.55 3623.32 2800.22 1990.19 2836.92 2385.11 2188.28 653.628 823.105 1537.91 2470.64
internal_count=47992 31795 16197 16494 15301 11910 8373 13035 11098 10165 3459 3391 6428 12790
is_linear=0
shrinkage=0.02


Tree=64
num_leaves=15
num_cat=0
split_feature=4 20 4 21 6 20 6 6 3 10 6 0 14 4
split_gain=799.339 169.669 131 69.334 48.752 32.6699 31.8914 24.5666 22.8619 18.6938 17.8741 17.0998 17.072 16.6207
threshold=128.50000000000003 5.5860095824777565 138.50000000000003 1.6844353090140844 1.5000000000000002 6.9539493497604381 2.5000000000000004 2.5000000000000004 61.750000000000007 1.0000000180025095e-35 1.5000000000000002 61.800136892539363 1.4740215924426454 149.50000000000003
decision_type=2 2 2 2 2 2 2 2 2 2 2 2 2 2
left_child=1 4 6 5 8 10 11 -5 -1 -7 -3 12 -2 -4
right_child=2 3 13 7 -6 9 -8 -9 -10 -11 -12 -13 -14 -15
leaf_value=-0.015270084941211119 0.0031889280805117498 -0.0054277765525764391 0.0082057614167380024 0.0011486920496508164 -0.0021276318937162877 0.0053388055586402741 0.00877682197872744 0.010422364077764869 -0.0094925934865412714 -0.0017626021398227686 -0.001056513068346573 0.0066677463330631574 -0.0018674104534205929 0.011608933819722334
leaf_weight=391.82762695848942 438.46145236492157 2257.2542849183083 1313.6390948742628 820.61429139971733 297.19521246850491 182.82138887047768 255.42249612510204 128.23706831037998 1121.6305501013994 698.89676178991795 453.05473826825619 183.15702328085899 666.50213198363781 1161.6744365245104
leaf_count=2161 1782 9974 6721 3351 1293 739 1228 576 5791 2856 1915 752 2676 6177
internal_value=3.53769e-07 -0.00441516 0.00697608 -0.00234539 -0.00958399 -0.0036149 0.00239093 0.00245219 -0.011035 -0.000266091 -0.0047011 0.00109408 0.000142524 0.00982387
internal_weight=10370.4 6351.53 4018.86 4540.88 1810.65 3592.03 1543.54 948.851 1513.46 881.718 2710.31 1288.12 1104.96 2475.31
internal_count=47992 28656 19336 19411 9245 15484 6438 3927 7952 3595 11889 5210 4458 12898
is_linear=0
shrinkage=0.02


Tree=65
num_leaves=15
num_cat=0
split_feature=13 21 6 4 21 0 6 13 8 10 4 13 7 0
split_gain=770.077 216.449 82.0327 74.1312 64.6005 39.3777 28.8221 27.9075 24.7661 24.4255 24.4109 21.7835 15.4288 12.949
threshold=98.166666666666671 1.3744461626429836 2.5000000000000004 134.50000000000003 1.0306474256436637 62.090349075975361 1.5000000000000002 92.500000000000014 1.0000000180025095e-35 1.0000000180025095e-35 117.50000000000001 92.500000000000014 2.5000000000000004 54.202600958247778
decision_type=2 2 2 2 2 2 2 2 2 2 2 2 2 2
left_child=1 4 5 -2 11 7 8 -3 10 -9 -6 -1 -5 -11
right_child=3 2 -4 12 6 -7 -8 9 -10 13 -12 -13 -14 -15
leaf_value=-0.016511199656633245 0.0027704629420240716 -0.0053665667230405247 0.0082026256593061581 0.010309980581180123 -0.0096753261538380965 0.0039602861837523982 -0.0012824976360653558 0.0034013852108531828 -0.013618544944007082 -0.0046229711142944793 -0.0048626788696578402 -0.0088534034204775774 0.0048314647626930248 -0.00075772301661282404
leaf_weight=338.34745356440544 808.84407785534859 809.32988162338734 400.75193898379803 2204.4519212543964 584.91528721153736 473.09766407310963 451.53624768555164 403.31659537553787 195.32942661643028 527.97747324407101 1592.9018607735634 307.79816848039627 242.80749556422234 1003.7294891625643
leaf_count=1887 3407 3526 1808 11524 2985 1915 1937 1649 933 2289 7180 1572 1266 4114
internal_value=5.44296e-07 -0.00369716 -0.000272123 0.00804495 -0.00726152 -0.00133941 -0.00593615 -0.00225929 -0.00681619 -0.000948151 -0.00617537 -0.0129624 0.0097782 -0.00210208
internal_weight=10345.1 7089.03 3618.2 3256.1 3470.83 3217.45 2824.68 2744.35 2373.15 1935.02 2177.82 646.146 2447.26 1531.71
internal_count=47992 31795 15301 16197 16494 13493 13035 11578 11098 8052 10165 3459 12790 6403
is_linear=0
shrinkage=0.02


Tree=66
num_leaves=15
num_cat=0
split_feature=4 21 4 0 22 0 13 15 1 3 4 0 10 0
split_gain=744.69 160.952 122.287 60.2524 45.0125 41.2556 38.6453 29.4539 17.5342 16.5751 16.3463 15.9428 15.2879 14.8593
threshold=128.50000000000003 1.2001280318937066 138.50000000000003 60.703627652292958 1.5000000000000002 52.031485284052032 86.833333333333357 1.0000000180025095e-35 1.5000000000000002 90.850000000000009 149.50000000000003 42.410677618069819 1.0000000180025095e-35 41.882272416153327
decision_type=2 2 2 2 2 2 2 2 2 2 2 2 2 2
left_child=1 6 7 4 5 -3 -1 11 -5 -6 -4 -2 -7 -8
right_child=2 3 10 8 9 12 13 -9 -10 -11 -12 -13 -14 -15
leaf_value=-0.013303366605560536 -0.008580698439077385 -0.0079761830186471615 0.0079214740508953621 0.0054092485724867856 -0.00071092967383846507 0.00059416633438384801 -0.011454908077383591 0.0063885742139473669 -0.00094595444065173693 0.0064605645035129703 0.011307478563735696 0.0011105992788119441 -0.0037763333532205307 -0.0056412458316614424
leaf_weight=667.7950437515974 67.86637382209301 949.64457966387272 1302.772961512208 442.37491635978222 831.47916845977306 397.9250480234623 234.98945873975754 484.34522199630737 280.91289222240448 147.37860590219498 1149.3486074507236 989.14716076850891 1591.7434131503105 783.12356361746788
leaf_count=3579 274 4514 6721 1806 3534 1651 1300 2165 1140 622 6177 3999 6809 3701
internal_value=2.1929e-07 -0.0042665 0.0067579 -0.00233846 -0.00331749 -0.00455279 -0.00955078 0.00233133 0.0029487 0.000394136 0.00952914 0.00044901 -0.00290195 -0.00703447
internal_weight=10320.8 6327.37 3993.48 4641.46 3918.17 2939.31 1685.91 1541.36 723.288 978.858 2452.12 1057.01 1989.67 1018.11
internal_count=47992 28656 19336 20076 17130 12974 8580 6438 2946 4156 12898 4273 8460 5001
is_linear=0
shrinkage=0.02


Tree=67
num_leaves=15
num_cat=0
split_feature=13 21 6 21 13 0 22 8 13 13 0 5 10 2
split_gain=717.03 203.174 75.7798 66.1326 63.4442 32.7844 29.4171 24.116 21.2225 20.663 19.9388 19.5851 15.9123 15.4243
threshold=98.166666666666671 1.3986120722727871 2.5000000000000004 1.0306474256436637 105.83333333333336 59.377138945927449 1.5000000000000002 1.0000000180025095e-35 92.500000000000014 92.500000000000014 43.804243668720062 80.500000000000014 1.0000000180025095e-35 158.50000000000003
decision_type=2 2 2 2 2 2 2 2 2 2 2 2 2 2
left_child=1 3 5 8 11 9 7 10 -1 -3 -5 -2 -7 -12
right_child=4 2 -4 6 -6 12 -8 -9 -10 -11 13 -13 -14 -15
leaf_value=-0.016183129844747818 0.0075738706391261703 -0.0058653729117577767 0.0083844456472837933 -0.011251836991822027 0.0099908850042314899 0.0061581319705598016 -0.0017189877093415347 -0.013264599721952331 -0.0085907061107487019 -0.0013009517825124588 -0.0091732597389340576 0.0022899996340811292 0.00036744814581577751 -0.0044218255337994655
leaf_weight=333.26944689452648 436.76018673181534 568.28887233138084 376.11879834532738 250.99880599975586 2002.8839770853519 237.63962478935719 637.10734832286835 196.43411150574684 305.54319269955158 1307.160432934761 332.87811949849129 792.83030891418457 879.36031080782413 1639.5375798791647
leaf_count=1887 2267 2512 1709 1376 10576 963 2760 941 1572 5485 1560 3354 3577 7453
internal_value=8.79718e-08 -0.00356957 -1.51108e-05 -0.0068044 0.0077954 -0.00108374 -0.00556359 -0.00656936 -0.0126497 -0.00269702 -0.00594852 0.00419156 0.00162314 -0.00524589
internal_weight=10296.8 7064.34 3368.57 3695.77 3232.47 2992.45 3056.96 2419.85 638.813 1875.45 2223.41 1229.59 1117 1972.42
internal_count=47992 31795 14246 17549 16197 12537 14090 11330 3459 7997 10389 5621 4540 9013
is_linear=0
shrinkage=0.02


Tree=68
num_leaves=15
num_cat=0
split_feature=4 20 4 21 22 20 6 10 6 6 20 9 20 4
split_gain=693.958 151.454 114.001 62.4453 46.6405 29.2744 28.7553 23.1853 29.5066 21.9389 18.722 16.9649 16.2116 16.0118
threshold=128.50000000000003 5.5860095824777565 138.50000000000003 1.6844353090140844 1.5000000000000002 7.4416153319644094 2.5000000000000004 1.0000000180025095e-35 2.5000000000000004 2.5000000000000004 4.5121971252566739 1.0000000180025095e-35 6.5183025325119788 149.50000000000003
decision_type=2 2 2 2 2 2 2 2 2 2 2 2 2 2
left_child=1 4 6 5 10 7 11 -3 12 -5 -1 -2 -9 -4
right_child=2 3 13 9 -6 -7 -8 8 -10 -11 -12 -13 -14 -15
leaf_value=-0.016520083168771734 0.001666981688306054 -0.00051579977072735829 0.0076471021473259598 0.0011545222170158504 -0.0029419699170134361 0.0033495791675420771 0.0083759141717886596 -0.006663840582939692 0.0029517890751309967 0.009954841654461824 -0.009736276015035971 -0.0073873749844497408 -0.0033681143871517271 0.011009672411006024
leaf_weight=201.93140548467636 1202.9024546891451 665.39371746778488 1292.2709894925356 819.96316629648209 395.16773454844952 237.18161900341511 252.78686213493347 1426.4689146280289 184.45909820497036 127.00990998744965 1183.6509166359901 83.882146313786507 1063.1227165609598 1137.1655945181847
leaf_count=1215 4871 2826 6721 3351 1760 959 1228 6513 773 576 6270 339 4413 6177
internal_value=0 -0.00412344 0.00654638 -0.00217317 -0.00905661 -0.0033817 0.00227645 -0.00386467 -0.00469472 0.00238303 -0.0107822 0.00104889 -0.00526685 0.00924125
internal_weight=10273.4 6304.35 3969.01 4523.6 1780.75 3576.63 1539.57 3339.44 2674.05 946.973 1385.58 1286.78 2489.59 2429.44
internal_count=47992 28656 19336 19411 9245 15484 6438 14525 11699 3927 7485 5210 10926 12898
is_linear=0
shrinkage=0.02


Tree=69
num_leaves=15
num_cat=0
split_feature=4 20 4 6 22 10 20 6 7 3 1 20 20 4
split_gain=668.414 146.647 110.636 55.1641 45.3761 43.2023 35.1134 25.683 23.8096 21.8394 19.5901 19.1667 18.4722 16.5774
threshold=128.50000000000003 5.5860095824777565 133.50000000000003 2.5000000000000004 1.5000000000000002 1.0000000180025095e-35 6.5183025325119788 1.5000000000000002 2.5000000000000004 95.500000000000014 1.5000000000000002 7.1344558521560586 4.5121971252566739 149.50000000000003
decision_type=2 2 2 2 2 2 2 2 2 2 2 2 2 2
left_child=1 4 7 5 12 11 9 -2 -5 -7 -8 -3 -1 -4
right_child=2 3 13 8 -6 6 10 -9 -10 -11 -12 -13 -14 -15
leaf_value=-0.016351490669512778 0.00035512523645986663 -0.00037821099192703939 0.0074588540189050537 0.010474766314189515 -0.0028861898108619682 -0.0064484267658991316 -0.00026066596553695208 0.006006314974484229 0.00049425382750362947 0.0050243969540349331 -0.0047711726130702263 0.0068357650689056968 -0.0095876271442621574 0.010852197382526551
leaf_weight=200.00418086349964 1028.6249997466803 656.45203767716885 1333.3751708716154 172.87850442528725 394.84875930845737 1531.6398789286613 1114.020525842905 464.07972747087479 208.81893211603165 65.63772477209568 585.05124816298485 184.61615383625031 1178.0963693261147 1130.7312380671501
leaf_count=1215 4158 2788 6918 764 1760 6973 4577 2083 884 278 2404 743 6270 6177
internal_value=0 -0.00404939 0.00643605 -0.00213169 -0.00891659 -0.00280438 -0.00383568 0.00212759 0.00509679 -0.00596151 -0.00182441 0.00123395 -0.0106263 0.00903563
internal_weight=10248.9 6292.06 3956.81 4519.12 1772.95 4137.42 3296.35 1492.7 381.697 1597.28 1699.07 841.068 1378.1 2464.11
internal_count=47992 28656 19336 19411 9245 17763 14232 6241 1648 7251 6981 3531 7485 13095
is_linear=0
shrinkage=0.02


Tree=70
num_leaves=15
num_cat=0
split_feature=13 21 6 20 13 20 13 6 8 20 21 10 10 0
split_gain=645.083 186.806 70.2601 62.6142 58.2794 40.6579 25.2799 23.1802 19.1086 17.8292 17.1059 17.0271 14.5445 13.0697
threshold=98.166666666666671 1.3744461626429836 2.5000000000000004 5.023545516769337 105.83333333333336 7.0535112936344975 92.500000000000014 1.5000000000000002 1.0000000180025095e-35 7.2547159479808352 1.1397661412004145 1.0000000180025095e-35 1.0000000180025095e-35 49.728952772073931
decision_type=2 2 2 2 2 2 2 2 2 2 2 2 2 2
left_child=1 3 5 10 9 11 -5 8 -8 -2 -1 -3 -7 -9
right_child=4 2 -4 6 -6 12 7 13 -10 -11 -12 -13 -14 -15
leaf_value=-0.01362456027880044 0.0014147443766416264 0.00070901206402427771 0.0076789857381509702 -0.0083246024929347594 0.0095647561371945307 0.0060550097346874577 -0.004259456446180733 0.0070786607706816822 -0.0122205325041344 0.0062630806699855296 -0.0064272175348975514 -0.0038000323934320995 0.00061591399169444027 -0.0018517413191168769
leaf_weight=557.44753411412239 579.52021610736847 418.32167495787144 396.52682434022427 774.89318259060383 1974.7997115403414 246.98344244062901 1491.0303113758564 95.972988709807396 128.80556473135948 643.51653750240803 192.94760870933533 1634.7515307068825 907.25506024062634 182.18262568116188
leaf_count=3236 2557 1750 1808 3672 10576 1002 6751 410 601 3064 1053 7054 3687 771
internal_value=0 -0.00338859 -0.000208382 -0.00673077 0.00743996 -0.00119457 -0.00527865 -0.00401542 -0.00492939 0.0039825 -0.0118314 -0.00288083 0.00180259 0.00129307
internal_weight=10225 7027.12 3603.84 3423.28 3197.84 3207.31 2672.88 1897.99 1619.84 1223.04 750.395 2053.07 1154.24 278.156
internal_count=47992 31795 15301 16494 16197 13493 12205 8533 7352 5621 4289 8804 4689 1181
is_linear=0
shrinkage=0.02


Tree=71
num_leaves=15
num_cat=0
split_feature=4 21 4 6 20 13 6 7 3 22 20 9 4 18
split_gain=621.76 140.629 103.919 55.4926 45.5317 36.2833 26.6229 25.3559 17.7073 17.6261 17.4707 16.308 15.2343 14.8948
threshold=128.50000000000003 1.2001280318937066 138.50000000000003 2.5000000000000004 6.492156057494868 86.833333333333357 2.5000000000000004 2.5000000000000004 84.950000000000017 1.5000000000000002 7.5352361396303911 1.0000000180025095e-35 149.50000000000003 38.192569218105611
decision_type=2 2 2 2 2 2 2 2 2 2 2 2 2 2
left_child=1 5 6 4 9 -1 11 -5 10 -3 -6 13 -4 -2
right_child=2 3 12 7 8 -7 -8 -9 -10 -11 -12 -13 -14 -15
leaf_value=-0.01260013076993028 0.000653309102023385 -0.0058095831617488566 0.0072682471933069514 0.010539253562563231 -0.0021958915511758677 -0.0064638263977024281 0.0080538930616310019 0.00026568853736962919 0.0035403124723058579 -0.0012805496285050407 0.0039207726112101757 -0.0072929847485241339 0.010566647000473597 0.0069129356015055045
leaf_weight=649.81015332043171 1028.1943658441305 1654.8772718906403 1277.7803711295128 178.30398117005825 1608.303945556283 1002.6146300286055 250.65665827691555 203.40063141286373 325.75048099458218 439.20308230817318 206.41710548102856 83.852862536907196 1119.0610824972391 173.95473532378674
leaf_count=3579 4154 7737 6721 790 6631 5001 1228 863 1321 1905 829 339 6177 717
internal_value=0 -0.00391019 0.00622832 -0.00211274 -0.00277265 -0.00890884 0.00215685 0.00514412 -0.000717214 -0.00486595 -0.00149019 0.000979158 0.00882786 0.00158563
internal_weight=10202.2 6268.68 3933.5 4616.26 4234.55 1652.42 1536.66 381.705 2140.47 2094.08 1814.72 1286 2396.84 1202.15
internal_count=47992 28656 19336 20076 18423 8580 6438 1653 8781 9642 7460 5210 12898 4871
is_linear=0
shrinkage=0.02


Tree=72
num_leaves=15
num_cat=0
split_feature=13 21 20 13 20 24 22 7 9 15 11 3 15 1
split_gain=600.526 175.475 66.1535 55.0424 45.4993 29.2272 19.7648 24.6431 19.5126 18.2384 17.5356 16.9464 16.8515 18.0535
threshold=98.166666666666671 1.3986120722727871 5.2477891854893919 105.83333333333336 6.9467761806981532 1.0000000180025095e-35 2.5000000000000004 1.5000000000000002 1.0000000180025095e-35 1.0000000180025095e-35 31.247409342447526 54.175000000000004 1.0000000180025095e-35 1.5000000000000002
decision_type=2 2 2 2 2 2 2 2 2 2 2 2 2 2
left_child=1 2 9 -2 5 -3 8 -8 11 -1 -7 -4 13 -6
right_child=3 4 6 -5 12 10 7 -9 -10 -11 -12 -13 -14 -15
leaf_value=-0.011812543388277591 0.0038460941494182195 -0.0046165629511657766 -0.010005744224411608 0.0092858772061178187 0.0031682625325440013 -0.0018003442160431284 0.01096590857812979 -0.0027932450844816983 -0.013569460344435631 -0.004303490764876584 0.0039605928846916391 -0.0042038499273920164 0.0061326823280457654 -0.0019717801931190956
leaf_weight=852.28372809290886 1219.2222729474306 920.20804357528687 223.54487386345863 1956.4986452311277 754.39564561843872 529.06147062778473 62.370058864355087 224.16247990727425 103.63059267401695 162.4995878636837 344.69481441378593 2019.4677101671696 384.54476514458656 422.35130612552166
leaf_count=4982 5621 4034 1012 10576 3064 2253 274 955 479 729 1469 9118 1710 1716
internal_value=0 -0.00327098 -0.006304 0.00720739 3.05034e-05 -0.00213888 -0.00461558 0.000331582 -0.00521992 -0.0106391 0.00047966 -0.00480394 0.00252333 0.0013212
internal_weight=10178.9 7003.22 3647.96 3175.72 3355.26 1793.96 2633.18 286.533 2346.64 1014.78 873.756 2243.01 1561.29 1176.75
internal_count=47992 31795 17549 16197 14246 7756 11838 1229 10609 5711 3722 10130 6490 4780
is_linear=0
shrinkage=0.02


Tree=73
num_leaves=15
num_cat=0
split_feature=4 21 4 6 10 0 4 7 6 4 0 0 0 3
split_gain=578.498 132.349 97.7861 52.1187 44.2222 35.3111 32.7473 24.2327 23.0675 15.6946 15.6588 15.2959 14.6315 13.8313
threshold=128.50000000000003 1.2001280318937066 133.50000000000003 2.5000000000000004 1.0000000180025095e-35 54.295687885010274 118.50000000000001 2.5000000000000004 1.5000000000000002 149.50000000000003 44.034223134839159 42.410677618069819 60.286105407255313 84.950000000000017
decision_type=2 2 2 2 2 2 2 2 2 2 2 2 2 2
left_child=1 6 8 4 12 -6 -1 -5 11 -4 -8 -2 -3 -7
right_child=2 3 9 7 5 13 10 -9 -10 -11 -12 -13 -14 -15
leaf_value=-0.012187574391804228 -0.0086687618288042775 0.0001355009867160606 0.0069645514384387855 0.01029735299401607 -0.006012803843501089 -0.0025944234636992363 -0.0095367785058045572 0.0002413400981458828 0.0056739046623458279 0.010289490925702241 -0.0043091172818317744 0.00096330459311146869 0.0068545166916673238 0.0021931652603403256
leaf_weight=640.86927309632301 65.764436319470406 697.6449433863163 1314.0548628419638 177.51249377429485 1479.7315763384104 1615.3846464157104 377.41373297572136 203.27975128591061 461.15370467305183 1107.7520595788956 621.03089809417725 961.99499307572842 154.47371822595596 279.23589935898781
leaf_count=3601 266 3002 6918 790 6906 6751 2084 863 2083 6177 2895 3892 624 1140
internal_value=0 -0.00377572 0.00602782 -0.00203414 -0.00267417 -0.0037013 -0.00864811 0.005007 0.00198337 0.00850429 -0.00632485 0.000306045 0.00138875 -0.00188384
internal_weight=10157.3 6246.58 3910.72 4607.26 4226.47 3374.35 1639.31 380.792 1488.91 2421.81 998.445 1027.76 852.119 1894.62
internal_count=47992 28656 19336 20076 18423 14797 8580 1653 6241 13095 4979 4158 3626 7891
is_linear=0
shrinkage=0.02


Tree=74
num_leaves=15
num_cat=0
split_feature=13 20 21 4 22 0 8 24 24 3 7 13 15 13
split_gain=558.809 164.865 72.3132 55.781 43.5278 28.8445 27.6753 21.5715 18.8494 17.7833 15.6777 15.6559 15.5875 15.3982
threshold=98.166666666666671 5.5860095824777565 1.5226954287389152 134.50000000000003 1.5000000000000002 60.703627652292958 1.0000000180025095e-35 1.0000000180025095e-35 1.0000000180025095e-35 61.750000000000007 2.5000000000000004 92.500000000000014 1.0000000180025095e-35 91.500000000000014
decision_type=2 2 2 2 2 2 2 2 2 2 2 2 2 2
left_child=1 4 6 -2 9 8 7 -3 -4 -1 -5 -10 -8 -6
right_child=3 2 5 10 13 -7 12 -9 11 -11 -12 -13 -14 -15
leaf_value=-0.014105757726020659 0.002411252683016243 -0.004090848047781797 -0.002294827061409572 0.0090790407156703321 -0.0054157092242303985 0.0050855911555540102 -0.012104396250346079 -0.00051346623447493 -0.0028805039000579366 -0.0087065535512356428 0.0035054530718197779 0.0038154164746169558 0.00015178758202914194 0.0027698180700514723
leaf_weight=349.68789193034172 804.51163616776466 1777.3984597474337 736.57970996201038 2116.1907580196857 255.61388091742992 621.65694722533226 199.15162327885628 1089.242304995656 180.14358328282833 1012.0136370062828 233.83463624119759 569.40813590586185 51.543020829558372 137.80243192613125
leaf_count=2061 3407 7846 3086 11524 1169 2586 889 4675 767 5467 1266 2425 224 600
internal_value=0 -0.00315697 -0.00137177 0.00697936 -0.00845153 0.00148686 -0.00330455 -0.0027355 -2.9171e-05 -0.0101411 0.00853392 0.00219508 -0.009623 -0.00254476
internal_weight=10134.8 6980.24 5225.12 3154.54 1755.12 2107.79 3117.34 2866.64 1486.13 1361.7 2350.03 749.552 250.695 393.416
internal_count=47992 31795 22498 16197 9297 8864 13634 12521 6278 7528 12790 3192 1113 1769
is_linear=0
shrinkage=0.02


Tree=75
num_leaves=15
num_cat=0
split_feature=13 21 20 6 13 20 6 23 3 20 19 0 20 22
split_gain=538.328 160.025 62.3426 60.1974 51.1293 31.8587 21.7094 19.2394 17.2913 16.0089 15.4818 15.074 15.0625 14.2094
threshold=98.166666666666671 1.3986120722727871 5.023545516769337 2.5000000000000004 105.83333333333336 7.0736481861738545 1.5000000000000002 1.5000000000000002 54.175000000000004 7.2547159479808352 6.2674323229257221 49.553730321697479 6.2116906228610551 1.5000000000000002
decision_type=2 2 2 2 2 2 2 2 2 2 2 2 2 2
left_child=1 2 10 5 9 -3 7 8 12 -2 -1 -8 -4 -12
right_child=4 3 6 -5 -6 -7 11 -9 -10 -11 13 -13 -14 -15
leaf_value=-0.013691862289550188 0.0011896729238899818 -0.0024668684913684183 -0.01605676228100825 0.0076058562739590345 0.0088855112506594797 0.0018178322523515992 0.0050575703590835146 -0.014317981970927983 -0.004474696481811492 0.0057984660171170885 -0.010062492378202123 -0.0029162152557059107 -0.0051682234854744866 -0.00031207397744586297
leaf_weight=428.23784537613392 577.15787138044834 1887.9891497194767 98.437402322888374 369.93670827150345 1930.2733820974827 1091.1082617938519 127.64848311245441 90.125196442008018 2122.2834330946207 636.64019176363945 229.36873896420002 327.55910384654999 115.48539699614048 81.271599173545837
leaf_count=2578 2557 8100 507 1709 10576 4437 552 434 9821 3064 1389 1406 491 371
internal_value=-1.02611e-07 -0.00309932 -0.00601104 5.2027e-05 0.00686329 -0.00089649 -0.0046663 -0.005417 -0.00504292 0.00362251 -0.0111861 -0.000645219 -0.0104401 -0.00756322
internal_weight=10113.5 6969.45 3620.42 3349.03 3144.07 2979.1 2881.54 2426.33 2336.21 1213.8 738.878 455.208 213.923 310.64
internal_count=47992 31795 17549 14246 16197 12537 13211 11253 10819 5621 4338 1958 998 1760
is_linear=0
shrinkage=0.02


Tree=76
num_leaves=15
num_cat=0
split_feature=4 21 4 6 10 13 0 6 7 8 7 21 0 0
split_gain=520.142 121.284 88.2589 47.5241 41.8127 33.9164 32.6684 23.925 23.2931 15.4516 14.6308 14.4157 13.5714 13.4723
threshold=128.50000000000003 1.2001280318937066 138.50000000000003 2.5000000000000004 1.0000000180025095e-35 86.833333333333357 54.295687885010274 2.5000000000000004 2.5000000000000004 1.0000000180025095e-35 2.5000000000000004 1.0242139001846218 62.027378507871326 60.286105407255313
decision_type=2 2 2 2 2 2 2 2 2 2 2 2 2 2
left_child=1 5 7 4 13 11 -6 9 -5 -2 -4 -1 -10 -3
right_child=2 3 10 8 6 -7 -8 -9 12 -11 -12 -13 -14 -15
leaf_value=-0.015629254941580448 0.001648959621599181 0.0002135548716091297 0.0087057588251913988 0.010018736957259052 -0.0057665793260799339 -0.0059137514269510865 -0.0017879941475981433 0.0076247704491618227 -0.001894624475923081 -0.0053595076248676285 0.0033233854032533486 -0.0091539833198488376 0.012615608180353436 0.0066648937892984043
leaf_weight=258.58097489178181 1147.9302107542753 696.66779141128063 2111.8865035325289 176.50629319250584 1471.7225256711245 987.81881777942181 1892.0949097126722 247.79069589078426 177.95835760235786 136.25656752288342 233.8831228017807 373.78076334297657 25.009615778923035 154.34503935277462
leaf_count=1569 4659 3002 11623 790 6906 5001 7891 1228 751 551 1275 2010 112 624
internal_value=-4.97149e-07 -0.0035864 0.00574298 -0.00192232 -0.00253417 -0.00828352 -0.00353526 0.00199843 0.00481285 0.000885884 0.00817817 -0.0119068 0.000144023 0.00141804
internal_weight=10092.2 6214.49 3877.75 4594.3 4214.83 1620.18 3363.82 1531.98 379.474 1284.19 2345.77 632.362 202.968 851.013
internal_count=47992 28656 19336 20076 18423 8580 14797 6438 1653 5210 12898 3579 863 3626
is_linear=0
shrinkage=0.02


Tree=77
num_leaves=15
num_cat=0
split_feature=4 21 4 21 22 0 20 10 15 9 4 4 9 11
split_gain=500.853 117.348 85.5285 45.754 34.3792 43.3369 31.5522 24.0733 22.1356 17.0251 15.0733 14.6473 13.9482 13.4542
threshold=128.50000000000003 1.2001280318937066 138.50000000000003 1.8884694760881056 1.5000000000000002 52.031485284052032 5.023545516769337 1.0000000180025095e-35 1.0000000180025095e-35 1.0000000180025095e-35 118.50000000000001 149.50000000000003 1.0000000180025095e-35 21.91058135230989
decision_type=2 2 2 2 2 2 2 2 2 2 2 2 2 2
left_child=1 6 8 4 5 -3 -1 -7 12 10 13 -4 -2 -8
right_child=2 3 11 -5 -6 7 9 -9 -10 -11 -12 -13 -14 -15
leaf_value=-0.011779526048249197 0.00093606928534989116 -0.0072483959800507891 0.0065128910840980478 0.0042149265678592014 0.00067794847642964156 0.0020319392449669226 -0.0146126599935038 -0.0031065633370231287 0.0055144930265702222 -0.016827018320234866 -0.0038474038892478165 0.0097759365238147006 -0.008378589755197131 -0.004558532428481997
leaf_weight=603.298529535532 990.94083040952682 904.90028907358646 1248.8994978964329 439.75684404373169 1005.8444819301367 453.72232748568058 111.52131427824497 1785.8059640973806 476.31102521717548 50.568833753466606 736.85433329641819 1086.8733377754688 63.733449697494507 111.56024315953255
leaf_count=3635 4015 4422 6721 1829 4296 1882 568 7647 2165 260 3541 6177 258 576
internal_value=-4.13226e-07 -0.003521 0.00564476 -0.0018852 -0.00253634 -0.00356461 -0.00815218 -0.00206242 0.00196002 -0.00593725 -0.00527729 0.00804973 0.000334424 -0.00980364
internal_weight=10070.6 6203.83 3866.76 4590.03 4150.27 3144.43 1613.8 2239.53 1530.99 1010.5 959.936 2335.77 1054.67 223.082
internal_count=47992 28656 19336 20076 18247 13951 8580 9529 6438 4945 4685 12898 4273 1144
is_linear=0
shrinkage=0.02


Tree=78
num_leaves=15
num_cat=0
split_feature=13 20 6 13 6 20 11 7 8 3 10 11 20 12
split_gain=484.155 147.263 62.6822 46.9954 41.0601 37.96 33.978 26.1046 23.6839 21.3243 20.3912 14.922 14.6422 14.3805
threshold=98.166666666666671 5.5860095824777565 2.5000000000000004 105.83333333333336 1.5000000000000002 7.4416153319644094 31.219392869189488 2.5000000000000004 1.0000000180025095e-35 59.100000000000009 1.0000000180025095e-35 28.916236760409056 7.2547159479808352 39.500000000000007
decision_type=2 2 2 2 2 2 2 2 2 2 2 2 2 2
left_child=1 4 5 12 9 6 8 -4 10 -1 -3 -9 -2 -6
right_child=3 2 7 -5 13 -7 -8 11 -10 -11 -12 -13 -14 -15
leaf_value=-0.014535127065989669 0.0011085322979518374 0.00017430618213002977 0.010055941517602607 0.008501864020946109 -0.0070985430959798687 0.0023861895415763167 0.0015933495081054366 -0.0024140761984101458 -0.0091491597722108044 -0.0081444433811521891 -0.0038138899614139333 0.0074935998119084503 0.0055261302436512994 0.0020708742172936894
leaf_weight=266.43259018659592 575.59165017306805 643.20933000743389 243.08224482834339 1905.1606829464436 99.821523636579514 677.45604787766933 616.17782978713512 173.84960247576237 269.3333171159029 1169.9910523742437 2497.9547446221113 87.14512512087822 632.38661777973175 192.15604873001575
leaf_count=1615 2557 2724 1140 10576 449 2772 2551 749 1194 6386 10963 405 3064 847
internal_value=-8.15381e-07 -0.00294168 -0.00125935 0.00654551 -0.00799166 -0.00197928 -0.00271628 0.0054087 -0.00349669 -0.0093775 -0.00299762 0.000965215 0.00343608 -0.00112397
internal_weight=10049.7 6936.61 5208.21 3113.14 1728.4 4704.13 4026.68 504.077 3410.5 1436.42 3141.16 260.995 1207.98 291.978
internal_count=47992 31795 22498 16197 9297 20204 17432 2294 14881 8001 13687 1154 5621 1296
is_linear=0
shrinkage=0.02


Tree=79
num_leaves=15
num_cat=0
split_feature=13 21 21 6 4 13 10 22 13 4 7 0 0 9
split_gain=466.345 142.587 53.5572 53.1977 47.9953 26.9469 23.288 21.5665 19.4091 17.3153 15.0303 14.2926 11.6622 10.7608
threshold=98.166666666666671 1.3986120722727871 1.0306474256436637 2.5000000000000004 134.50000000000003 92.500000000000014 1.0000000180025095e-35 1.5000000000000002 92.500000000000014 117.50000000000001 2.5000000000000004 60.703627652292958 57.578370978781663 1.0000000180025095e-35
decision_type=2 2 2 2 2 2 2 2 2 2 2 2 2 2
left_child=1 2 8 5 -2 11 -7 9 -1 -4 -6 -3 -8 -14
right_child=4 3 7 -5 10 6 12 -9 -10 -11 -12 -13 13 -15
leaf_value=-0.014620351289842381 0.0022023735794921397 -0.0051257084948910158 -0.008356982609007732 0.0072197652507057742 0.0084429686203618941 0.0044280100682683827 -0.0024416068367355886 -0.0012408858958262309 -0.0071895687984552849 -0.0043918049953393717 0.002957929301757482 0.0011785901734095406 0.0013650785852769873 -0.0092854525968997341
leaf_weight=307.98729965090752 802.29944568872452 673.17686912417412 602.00817322731018 366.75340695679188 2070.8589203208685 447.97313737869263 789.54468193650246 630.13116076588631 292.2446007579565 1753.1635704487562 230.16915948688984 179.8670444637537 847.86695626378059 34.71644414961338
leaf_count=1887 3407 2984 3247 1709 11524 1833 3393 2760 1572 8083 1266 731 3455 141
internal_value=-8.44241e-07 -0.00288791 -0.00565471 8.57924e-05 0.00643562 -0.000804194 0.000404333 -0.00454348 -0.011095 -0.00542175 0.00790278 -0.00379497 -0.000682429 0.000893939
internal_weight=10028.8 6925.43 3585.53 3339.9 3103.33 2973.15 2120.1 2985.3 600.232 2355.17 2301.03 853.044 1672.13 882.583
internal_count=47992 31795 17549 14246 16197 12537 8822 14090 3459 11330 12790 3715 6989 3596
is_linear=0
shrinkage=0.02


Tree=80
num_leaves=15
num_cat=0
split_feature=4 21 4 21 13 6 13 6 0 10 8 4 21 20
split_gain=449.654 107.788 77.3274 42.0205 31.8845 34.3202 31.8602 21.6102 21.405 15.1996 14.4595 14.3407 13.8406 12.7671
threshold=128.50000000000003 1.2001280318937066 138.50000000000003 1.8884694760881056 92.500000000000014 1.5000000000000002 86.833333333333357 2.5000000000000004 57.969883641341553 1.0000000180025095e-35 1.0000000180025095e-35 149.50000000000003 1.0242139001846218 5.023545516769337
decision_type=2 2 2 2 2 2 2 2 2 2 2 2 2 2
left_child=1 6 7 4 -3 8 12 10 -6 -10 -2 -4 -1 -8
right_child=2 3 11 -5 5 -7 13 -9 9 -11 -12 -13 -14 -15
leaf_value=-0.015068964428770679 0.0015582643006843587 -0.0050081429905918327 0.0061569270594635577 0.0040715894624733292 -0.003542170994552118 0.0035505673374409651 -0.0094893072112159967 0.007251427486776145 0.0058438079857181992 -0.00095241842573858947 -0.005224707429670696 0.0093998601530698132 -0.0086655809518367839 -0.0041462177820205948
leaf_weight=250.91892555356026 1146.8985823094845 1288.1653573364019 1235.3187366724014 439.2822557091713 1590.4286566376686 493.98905500769615 241.48250456154346 245.27873539924622 163.03385615348816 602.25197556614876 136.1135855615139 1071.6692367941141 367.79081456363201 735.71236829459667
leaf_count=1569 4659 5928 6721 1829 7109 2097 1436 1228 657 2456 551 6177 2010 3565
internal_value=-1.07246e-06 -0.00334189 0.00537296 -0.00177677 -0.00240228 -0.00121693 -0.00780995 0.00187346 -0.00222292 0.000521364 0.000819624 0.00768131 -0.0113657 -0.00551021
internal_weight=10008.3 6173.06 3835.28 4577.15 4137.87 2849.7 1595.9 1528.29 2355.71 765.286 1283.01 2306.99 618.71 977.195
internal_count=47992 28656 19336 20076 18247 12319 8580 6438 10222 3113 5210 12898 3579 5001
is_linear=0
shrinkage=0.02


Tree=81
num_leaves=15
num_cat=0
split_feature=13 20 21 4 22 6 8 24 10 20 11 7 6 20
split_gain=433.831 134.702 59.4594 44.8752 39.5331 36.8116 25.5536 17.1855 17.0422 16.6125 14.9687 14.6522 14.0019 12.3576
threshold=98.166666666666671 5.5860095824777565 1.5226954287389152 134.50000000000003 1.5000000000000002 2.5000000000000004 1.0000000180025095e-35 1.0000000180025095e-35 1.0000000180025095e-35 4.4299657768651617 21.792900166602593 2.5000000000000004 1.5000000000000002 7.3604928131416845
decision_type=2 2 2 2 2 2 2 2 2 2 2 2 2 2
left_child=1 4 6 -2 9 8 7 -3 -4 -1 -6 -5 -8 -10
right_child=3 2 5 11 10 -7 12 -9 13 -11 -12 -13 -14 -15
leaf_value=-0.015388545869609723 0.0021381738542499747 -0.0036111548300876073 0.0040909360369387618 0.008194253909221615 -0.012042333944903822 0.0082338213922472561 -0.011422702989310987 -0.00040939901692230217 -0.0018135286636176814 -0.0083875069754551189 -0.00047977547319126866 0.0027681016312245529 0.00022442551116003552 0.0022201956344217221
leaf_weight=160.77427034080029 801.57221484184265 1762.8621624708176 386.00646951794624 2053.2183766663074 46.689260557293892 270.24310483038425 196.47397382557392 1085.0757943987846 1015.9973723739386 1159.191550463438 342.3410400301218 228.90252968668938 51.267545700073242 427.4081771671772
leaf_count=1065 3407 7846 1579 11524 229 1287 889 4675 4258 6463 1540 1266 224 1740
internal_value=-1.19232e-06 -0.00278689 -0.00118122 0.0062297 -0.00764926 0.00141415 -0.00294163 -0.00239483 0.000385958 -0.00929661 -0.00200773 0.00765811 -0.00904778 -0.000614177
internal_weight=9988.02 6904.33 5195.33 3083.69 1709 2099.66 3095.68 2847.94 1829.41 1319.97 389.03 2282.12 247.742 1443.41
internal_count=47992 31795 22498 16197 9297 8864 13634 12521 7577 7528 1769 12790 1113 5998
is_linear=0
shrinkage=0.02


Tree=82
num_leaves=15
num_cat=0
split_feature=4 21 4 0 20 22 0 6 6 9 1 9 3 4
split_gain=418.22 101.654 72.1146 39.7814 29.0137 28.2534 30.7185 20.4387 17.4405 17.6959 15.7031 14.4493 14.1745 14.0524
threshold=128.50000000000003 1.2001280318937066 138.50000000000003 60.703627652292958 5.023545516769337 1.5000000000000002 52.031485284052032 2.5000000000000004 2.5000000000000004 1.0000000180025095e-35 1.5000000000000002 1.0000000180025095e-35 90.850000000000009 149.50000000000003
decision_type=2 2 2 2 2 2 2 2 2 2 2 2 2 2
left_child=1 4 7 5 -1 6 -3 11 9 -6 -5 -2 -7 -4
right_child=2 3 13 10 8 12 -8 -9 -10 -11 -12 -13 -14 -15
leaf_value=-0.011122969980777518 0.0013695135454213478 -0.0065259267108754918 0.0059289497699783504 0.004932213123054187 -0.0053613377229614692 -0.00059172621733756645 -0.0020869862783497069 0.00706583999558033 0.0058234530525462557 -0.017413290769214825 -0.0010950133476056248 -0.006998759542089613 0.0060725806500693839 0.0091490285469265405
leaf_weight=585.88992112874985 1198.8696662336588 915.62525601685047 1226.662123799324 439.64000394940376 902.13358594477177 823.32304541766644 1965.017592728138 244.02385340631008 48.080207735300064 48.092190518975258 279.63504537940025 83.60890257358551 145.89601941406727 1061.5858925133944
leaf_count=3635 4871 4514 6721 1806 4495 3534 8460 1228 196 254 1140 339 622 6177
internal_value=-1.42895e-06 -0.00322637 0.00519741 -0.00170825 -0.00758453 -0.00251504 -0.00350748 0.00182052 -0.0054608 -0.00606135 0.00259484 0.000797344 0.000435413 0.0074404
internal_weight=9968.08 6153.33 3814.75 4569.14 1584.2 3849.86 2880.64 1526.5 998.306 950.226 719.275 1282.48 969.219 2288.25
internal_count=47992 28656 19336 20076 8580 17130 12974 6438 4945 4749 2946 5210 4156 12898
is_linear=0
shrinkage=0.02


Tree=83
num_leaves=15
num_cat=0
split_feature=13 21 6 4 0 13 7 0 21 13 21 7 21 13
split_gain=403.782 127.165 60.4769 41.8372 37.3748 30.7918 27.3713 18.6652 17.7098 15.7288 15.3148 14.2786 12.6559 11.7754
threshold=98.166666666666671 1.2001280318937066 2.5000000000000004 134.50000000000003 54.249144421629033 86.833333333333357 2.5000000000000004 62.525667351129371 1.5188598394622599 93.166666666666671 2.2619542563216517 2.5000000000000004 1.0242139001846218 92.500000000000014
decision_type=2 2 2 2 2 2 2 2 2 2 2 2 2 2
left_child=1 5 4 -2 9 12 -4 10 -8 -3 13 -5 -1 -6
right_child=3 2 6 11 7 -7 8 -9 -10 -11 -12 -13 -14 -15
leaf_value=-0.014646914699406042 0.0020822627999119068 -0.0064611464470607782 0.010176691068198221 0.0079518292833166519 -0.0035800814614690875 -0.0053713990018796152 -0.0044229180684983499 0.0036661013942638531 0.005972135287746913 -0.0026630902933517313 0.0089710309228064663 0.0025851895493049634 -0.0084745980777911865 -0.00037777690968352444
leaf_weight=246.59960532188416 800.81937466561794 657.34269127249718 243.30371984839439 2036.079596310854 632.76840822398663 1053.9074819087982 125.76413270831108 394.33348283171654 126.46468186378479 1328.9426816254854 54.936381950974464 227.68533498048782 366.19138917326927 1653.0059966593981
leaf_count=1573 3407 3217 1149 11524 2742 5335 534 1603 588 5993 222 1266 2022 6817
internal_value=-1.51192e-06 -0.00269009 -0.00115019 0.00603136 -0.0018496 -0.00749099 0.00546154 -0.000330626 0.000796045 -0.00393409 -0.00101118 0.00741983 -0.0110601 -0.00127102
internal_weight=9948.14 6883.56 5216.86 3064.58 4721.33 1666.7 495.533 2735.04 252.229 1986.29 2340.71 2263.76 612.791 2285.77
internal_count=47992 31795 22865 16197 20594 8930 2271 11384 1122 9210 9781 12790 3595 9559
is_linear=0
shrinkage=0.02


Tree=84
num_leaves=15
num_cat=0
split_feature=4 21 13 21 13 13 6 10 20 6 17 21 20 14
split_gain=389.047 94.887 69.173 38.0905 29.8627 29.34 31.1151 18.9524 18.7168 16.7122 15.1752 13.3828 11.9877 11.6392
threshold=128.50000000000003 1.2001280318937066 105.83333333333336 1.8884694760881056 86.833333333333357 92.500000000000014 1.5000000000000002 1.0000000180025095e-35 8.1857357973990439 2.5000000000000004 1.0000000180025095e-35 1.0242139001846218 5.023545516769337 1.6436507936507938
decision_type=2 2 2 2 2 2 2 2 2 2 2 2 2 2
left_child=1 4 8 5 11 -3 7 -7 9 10 -2 -1 -6 -4
right_child=2 3 13 -5 12 6 -8 -9 -10 -11 -12 -13 -14 -15
leaf_value=-0.014525391839946144 -0.0014700069589593399 -0.0047552968282324913 0.0066189841990220702 0.0039216269403198941 -0.0090084803195560146 0.001470155839276889 0.0034317752481098267 -0.0029767944465521981 0.0066183038630935357 0.0061788121943762292 0.0027481580186463467 -0.0081735284722233344 -0.0037961673024790566 0.010100142735780849
leaf_weight=243.56225721538067 696.77344094216824 1280.9096206277609 1241.6814483106136 438.57005231082439 236.99011772871017 477.85691672563553 493.26973748207092 1871.0197092741728 339.16477897763252 248.74894760549068 658.74878413975239 361.81033600866795 729.76868577301502 609.73789043724537
leaf_count=1569 2808 5928 6956 1829 1436 2017 2097 8205 1707 1274 3000 2010 3565 3591
internal_value=-1.51998e-06 -0.00311495 0.00502778 -0.00165025 -0.0073449 -0.00224745 -0.00111013 -0.00207005 0.00238146 0.00146671 0.000581008 -0.0108304 -0.00511574 0.00779065
internal_weight=9928.61 6133.76 3794.86 4561.63 1572.13 4123.06 2842.15 2348.88 1943.44 1604.27 1355.52 605.373 966.759 1851.42
internal_count=47992 28656 19336 20076 8580 18247 12319 10222 8789 7082 5808 3579 5001 10547
is_linear=0
shrinkage=0.02


Tree=85
num_leaves=15
num_cat=0
split_feature=4 20 13 21 6 20 3 0 10 6 6 2 13 8
split_gain=374.618 92.0258 67.0153 37.7293 36.9268 22.6968 21.157 19.4843 17.1039 17.6119 16.8893 15.0413 14.427 13.1571
threshold=128.50000000000003 5.6864750171115679 105.83333333333336 1.6425403476496736 1.5000000000000002 7.6647227926078036 61.750000000000007 61.909650924024653 1.0000000180025095e-35 2.5000000000000004 2.5000000000000004 176.50000000000003 91.500000000000014 1.0000000180025095e-35
decision_type=2 2 2 2 2 2 2 2 2 2 2 2 2 2
left_child=1 4 7 5 6 8 -1 11 -3 13 -5 -2 -6 -10
right_child=2 3 -4 10 12 -7 -8 -9 9 -11 -12 -13 -14 -15
leaf_value=-0.012500051042038685 0.0020233521647768588 4.5267346263144892e-05 0.0076684910571190599 0.00075574479573102679 -0.0037883950324054355 0.0073907358199789656 -0.0068096212235849631 0.0072238816015134967 -0.0035828284858421371 0.0024340586860703796 0.0081804395152434792 -0.0054483987500212805 0.0051167987460829937 -0.0090995107160614652
leaf_weight=359.41269762814045 1555.4119880497456 651.73242539167404 1843.5780858248472 949.70436166226864 198.91686429083347 84.303905814886093 1081.5499226301908 275.03945082426071 2190.8703001588583 177.53750661015511 136.1141153126955 110.87677818536758 108.1299923658371 186.4842517375946
leaf_count=2236 7014 2782 10547 3904 910 342 6020 1279 9756 751 638 496 463 854
internal_value=-1.5152e-06 -0.00305782 0.0049412 -0.0015044 -0.00693084 -0.00257038 -0.00826866 0.00233717 -0.00284398 -0.00358044 0.00172154 0.00151016 -0.000614184 -0.0040346
internal_weight=9909.66 6124.76 3784.91 4376.75 1748.01 3290.93 1440.96 1941.33 3206.62 2554.89 1085.82 1666.29 307.047 2377.35
internal_count=47992 28656 19336 19027 9629 14485 8256 8789 14143 11361 4542 7510 1373 10610
is_linear=0
shrinkage=0.02


Tree=86
num_leaves=15
num_cat=0
split_feature=4 20 20 22 11 20 22 7 8 4 11 6 10 4
split_gain=360.657 126.402 57.7043 45.009 44.8048 17.2396 16.4877 21.8188 16.4226 15.6491 15.6031 15.043 14.6918 14.1093
threshold=133.50000000000003 5.6294455852156071 7.4416153319644094 1.5000000000000002 30.840473245365903 4.5121971252566739 2.5000000000000004 1.5000000000000002 1.0000000180025095e-35 114.50000000000001 26.563422373081465 1.5000000000000002 1.0000000180025095e-35 149.50000000000003
decision_type=2 2 2 2 2 2 2 2 2 2 2 2 2 2
left_child=1 3 4 5 6 -1 8 -8 12 -5 -10 -4 -3 -2
right_child=13 2 11 9 -6 -7 7 -9 10 -11 -12 -13 -14 -15
leaf_value=-0.014374666778415729 0.0054569312606097689 9.7588727503618804e-05 0.0020678757767677693 -0.0042088679096637096 0.0024378326996524155 -0.0075851887577802635 0.0077637749916708914 -0.0015679737560586099 -0.011042473786145203 0.0035927843768075911 -0.00091884668743950806 0.0074457756107763028 -0.0032975890842517168 0.0086714097341198046
leaf_weight=177.4982442855835 1255.399835690856 639.74717900156975 721.00475043058395 242.34720720350742 893.817228987813 1182.091236114502 128.95156826078892 393.01341627538204 180.62039314210415 171.07577337324619 92.745223984122276 292.13796155154705 2478.0326515734196 1042.512583181262
leaf_count=1215 6918 2713 2923 1133 3778 6622 593 1683 821 753 398 1346 10919 6177
internal_value=-1.47908e-06 -0.00210316 -0.000676361 -0.00677054 -0.00159137 -0.00852246 -0.00251415 0.000785432 -0.00302302 -0.000971384 -0.0076932 0.0036495 -0.00260124 0.0069318
internal_weight=9891 7593.08 5820.07 1773.01 4806.93 1359.59 3913.11 521.965 3391.15 413.423 273.366 1013.14 3117.78 2297.91
internal_count=47992 34897 25174 9723 20905 7837 17127 2276 14851 1886 1219 4269 13632 13095
is_linear=0
shrinkage=0.02


Tree=87
num_leaves=15
num_cat=0
split_feature=13 21 20 13 13 22 15 1 3 20 3 21 20 0
split_gain=349.846 113.568 44.9334 36.8573 28.4799 24.6625 19.7494 18.6011 17.3294 16.3105 12.3775 12.2147 11.8644 11.8613
threshold=98.166666666666671 1.2001280318937066 6.8638603696098572 105.83333333333336 86.833333333333357 1.5000000000000002 1.0000000180025095e-35 1.5000000000000002 90.850000000000009 5.5860095824777565 82.700000000000017 1.0242139001846218 7.2547159479808352 49.780971937029442
decision_type=2 2 2 2 2 2 2 2 2 2 2 2 2 2
left_child=1 4 5 12 11 9 7 -4 -7 -3 -9 -1 13 -2
right_child=3 2 6 -5 -6 8 -8 10 -10 -11 -12 -13 -14 -15
leaf_value=-0.014128014389073454 0.0039006513132482578 -0.0071450675171585059 0.0017580524505468951 0.0074306844188510215 -0.0050395543853336659 -0.00089083313830355963 0.0047517235893200964 -0.0043235828953799944 0.0068442997784364957 -0.0028088479432506119 0.0025979669309011918 -0.0080125728557689773 0.0047983379487008268 -0.0018319752612338694
leaf_weight=239.56512992084026 261.59767644107342 426.89486382901669 1023.9756628572941 1835.6562629044056 1044.4213048517704 685.94292177259922 481.43761894106865 440.66818317770958 134.17272736132145 1875.8886778503656 130.46780225634575 360.5517430305481 621.09938016533852 309.90276482701302
leaf_count=1573 1218 2280 4187 10576 5335 2970 2162 1805 576 8353 532 2022 3064 1339
internal_value=-1.50022e-06 -0.00250598 -0.00105382 0.00565286 -0.00707886 -0.0025685 0.00122383 0.000146271 0.000406034 -0.00362731 -0.00273016 -0.0105537 0.00289516 0.000799671
internal_weight=9872.24 6843.99 5199.45 3028.26 1644.54 3122.9 2076.55 1595.11 820.116 2302.78 571.136 600.117 1192.6 571.5
internal_count=47992 31795 22865 16197 8930 14179 8686 6524 3546 10633 2337 3595 5621 2557
is_linear=0
shrinkage=0.02


Tree=88
num_leaves=15
num_cat=0
split_feature=13 21 6 20 13 20 9 13 6 21 0 10 20 0
split_gain=336.899 110.022 42.1888 41.995 35.7473 24.2412 22.1711 15.8917 15.6166 14.6808 13.4621 12.0947 11.4336 11.4061
threshold=98.166666666666671 1.3744461626429836 2.5000000000000004 5.023545516769337 105.83333333333336 7.0535112936344975 1.0000000180025095e-35 92.500000000000014 1.5000000000000002 1.1397661412004145 49.728952772073931 1.0000000180025095e-35 7.2547159479808352 49.780971937029442
decision_type=2 2 2 2 2 2 2 2 2 2 2 2 2 2
left_child=1 3 5 9 12 11 7 -5 -9 -1 -10 -3 13 -2
right_child=4 2 -4 6 -6 -7 -8 8 10 -11 -12 -13 -14 -15
leaf_value=-0.011283686540283258 0.0038267234910627917 0.00092702558167986893 0.0061961897386939033 -0.0060498302213950897 0.0073124420879240306 0.0015288777942761159 -0.012225840069792373 -0.0032599834028307012 0.0081045868145320291 -0.0044383203743696836 -0.0012843837224076231 -0.002883696080112979 0.0047115232609827185 -0.0017956170478459718
leaf_weight=500.15749543905258 261.41683872044086 416.2083258330822 383.56135815382004 701.35262970626354 1828.1886548697948 1150.2751193344593 118.69552935659885 1513.8909046798944 88.87705285847187 180.57682122290134 170.99073298275471 1610.2159610390663 619.99623124301434 309.95493188500404
leaf_count=3236 1218 1750 1808 3469 10576 4689 583 7043 382 1053 728 7054 3064 1339
internal_value=-1.59837e-06 -0.00245965 -2.45274e-05 -0.00510256 0.00555643 -0.000784815 -0.00392733 -0.00350471 -0.00248306 -0.00951635 0.00201155 -0.00209967 0.00284081 0.000784156
internal_weight=9854.36 6834.8 3560.26 3274.54 3019.56 3176.7 2593.81 2475.11 1773.76 680.734 259.868 2026.42 1191.37 571.372
internal_count=47992 31795 15301 16494 16197 13493 12205 11622 8153 4289 1110 8804 5621 2557
is_linear=0
shrinkage=0.02


Tree=89
num_leaves=15
num_cat=0
split_feature=13 20 6 6 4 10 20 7 3 3 7 1 0 12
split_gain=324.427 105.422 44.7016 35.0603 34.7897 30.4142 25.6475 23.5978 19.7952 14.7813 14.1803 13.4611 13.2652 13.2539
threshold=98.166666666666671 5.5860095824777565 2.5000000000000004 1.5000000000000002 134.50000000000003 1.0000000180025095e-35 6.5299247091033541 2.5000000000000004 59.100000000000009 95.500000000000014 2.5000000000000004 1.5000000000000002 61.244353182751546 39.500000000000007
decision_type=2 2 2 2 2 2 2 2 2 2 2 2 2 2
left_child=1 3 5 8 -2 -3 9 -4 -1 -7 -6 -8 -9 -5
right_child=4 2 7 13 10 6 11 12 -10 -11 -12 -13 -14 -15
leaf_value=-0.01324634474863071 0.0018638672073799482 0.001535365001437884 0.0091586674972176946 -0.0062333064849495459 0.0072876373255665048 -0.0047155285682549909 0.00022690300433362399 -0.0016568980405830683 -0.006926158800269794 0.0042383630989507029 0.0019080290097408029 -0.0031624327410358383 0.0098330846107664138 0.0026373467626967786
leaf_weight=248.88678413629532 798.30500814318657 969.9476912766695 237.52495081722736 97.930042341351509 1989.4691140651703 1564.0941102355719 1350.2900544553995 213.95864595472813 1123.376911893487 73.416717618703842 223.21529825031757 711.66471911966801 44.218636959791183 189.95412963628769
leaf_count=1615 3407 4086 1140 449 11524 7283 5578 944 6386 311 1266 2946 210 847
internal_value=-1.67752e-06 -0.00241428 -0.00100198 -0.00679088 0.00546145 -0.00160977 -0.00243588 0.0046782 -0.00811783 -0.00430119 0.00675137 -0.000946748 0.000452846 -0.000428268
internal_weight=9836.25 6825.26 5165.12 1660.15 3010.99 4669.41 3699.47 495.702 1372.26 1637.51 2212.68 2061.95 258.177 287.884
internal_count=47992 31795 22498 9297 16197 20204 16118 2294 8001 7594 12790 8524 1154 1296
is_linear=0
shrinkage=0.02


Tree=90
num_leaves=15
num_cat=0
split_feature=4 21 13 21 13 20 22 0 0 10 0 5 11 21
split_gain=312.738 79.9403 57.0472 32.9288 27.0829 26.4823 24.4846 28.7404 18.0039 15.295 14.1585 13.7332 13.4583 12.8709
threshold=128.50000000000003 1.2001280318937066 105.83333333333336 1.8884694760881056 86.833333333333357 7.6647227926078036 1.5000000000000002 52.031485284052032 61.909650924024653 1.0000000180025095e-35 49.553730321697479 69.500000000000014 21.675032416684108 1.0242139001846218
decision_type=2 2 2 2 2 2 2 2 2 2 2 2 2 2
left_child=1 4 8 5 13 6 7 -3 11 -9 -8 -2 -13 -1
right_child=2 3 -4 -5 -6 -7 10 9 -10 -11 -12 12 -14 -15
leaf_value=-0.013804096407486338 -0.011798197055295239 -0.0062310049690753365 0.0070966261202673898 0.0037238578088141989 -0.0046046368680810624 0.0067865149598135841 0.0057155042749033906 0.0014215590299961442 0.0068630927683476384 -0.0027865243947597278 -0.00064871056118556009 -0.005991793288842512 0.0020279990882890488 -0.0075009754482741157
leaf_weight=233.79331336915493 26.208398669958115 880.82532738149166 1807.1647049337626 437.67971868813038 952.5029511153698 127.4460517168045 163.80825231969357 429.88590849936008 272.88531713187695 1690.4809684604406 808.76532690227032 83.572848722338676 1549.6002358645201 353.63038457930088
leaf_count=1569 121 4422 10547 1829 5001 520 713 1790 1279 7332 3470 374 7015 2010
internal_value=-1.6033e-06 -0.0028007 0.00454574 -0.00146078 -0.00673129 -0.00201843 -0.00230949 -0.00320201 0.00214682 -0.00193109 0.000444904 0.00135174 0.00159935 -0.0101083
internal_weight=9818.25 6078.82 3739.43 4538.89 1539.93 4101.21 3973.77 3001.19 1932.27 2120.37 972.574 1659.38 1633.17 587.424
internal_count=47992 28656 19336 20076 8580 18247 17727 13544 8789 9122 4183 7510 7389 3579
is_linear=0
shrinkage=0.02


Tree=91
num_leaves=15
num_cat=0
split_feature=13 21 6 13 10 0 13 7 21 13 23 0 3 21
split_gain=301.706 100.741 48.221 32.6925 32.2464 27.1335 26.2933 25.211 16.0003 15.3808 13.0956 12.6667 12.0258 11.7519
threshold=98.166666666666671 1.2001280318937066 2.5000000000000004 105.83333333333336 1.0000000180025095e-35 54.295687885010274 86.833333333333357 2.5000000000000004 1.5188598394622599 93.166666666666671 1.0000000180025095e-35 64.099931553730343 84.950000000000017 1.0242139001846218
decision_type=2 2 2 2 2 2 2 2 2 2 2 2 2 2
left_child=1 6 4 -2 11 9 13 -4 -9 -6 12 -3 -7 -1
right_child=3 2 7 -5 5 10 -8 8 -10 -11 -12 -13 -14 -15
leaf_value=-0.013606242388233974 0.0026864866383159531 0.0012017669978905234 0.0095456283850879741 0.0069767030100694486 -0.0072212131119344563 -0.0011119666313377968 -0.0047097830222315642 -0.0044493429045162052 0.0054614813158997515 -0.0030042320716451043 -0.0056884211533462896 0.013337949759692769 0.0032643069181246182 -0.0075560393633649749
leaf_weight=232.69366158545017 1187.5262658447027 935.81087496876717 239.35174734890461 1806.943456351757 522.86968030035496 1650.7196278423071 1035.4304799288511 125.56569266319275 125.03764267265797 1055.4763618558645 206.87535363435745 30.853862136602402 291.02700079977512 355.11980539560318
leaf_count=1573 5621 3995 1149 10576 2621 6938 5335 534 588 4846 875 127 1192 2022
internal_value=-1.78317e-06 -0.00232927 -0.000964653 0.0052833 -0.0015896 -0.00243351 -0.00666939 0.0049737 0.000497907 -0.00442088 -0.000965823 0.00165783 -0.000448328 -0.010049
internal_weight=9801.3 6806.83 5183.59 2994.47 4693.63 3726.97 1623.24 489.955 250.603 1578.35 2148.62 966.665 1941.75 587.813
internal_count=47992 31795 22865 16197 20594 16472 8930 2271 1122 7467 9005 4122 8130 3595
is_linear=0
shrinkage=0.02


Tree=92
num_leaves=15
num_cat=0
split_feature=4 20 20 22 19 13 20 13 6 4 6 10 8 9
split_gain=291.034 105.017 48.6954 40.8917 39.5783 17.9685 16.539 16.0396 14.5388 13.6455 13.4095 12.5774 11.8905 11.3672
threshold=133.50000000000003 5.6294455852156071 7.4416153319644094 1.5000000000000002 9.5113480554312062 92.500000000000014 4.4299657768651617 91.500000000000014 1.5000000000000002 149.50000000000003 1.5000000000000002 1.0000000180025095e-35 1.0000000180025095e-35 1.0000000180025095e-35
decision_type=2 2 2 2 2 2 2 2 2 2 2 2 2 2
left_child=1 3 4 6 5 -3 -1 -5 12 -2 13 -6 -7 -4
right_child=9 2 10 7 11 8 -8 -9 -10 -11 -12 -13 -14 -15
leaf_value=-0.014187804330180936 0.0048467371232024997 -0.0047313240198447459 0.0024454947161319457 -0.0037876880389661749 0.0069163640074363974 -0.0017816413425024882 -0.0070381023796786558 0.0042175304376781469 0.001454974499366903 0.0080327853505614052 0.0069942728645856003 0.0011124696047960618 -0.0070233024870042194 -0.0093315532052161473
leaf_weight=148.77013728022575 1231.9172719269991 926.23136538267136 690.56912645697594 250.60439451038837 185.82830238342285 2256.9480814486742 1179.3508443236351 159.5611065030098 528.4745958596468 1017.3099499642849 289.35669788718224 706.00994524359703 183.85195229947567 29.486071243882179
leaf_count=1065 6918 4177 2804 1187 775 9842 6772 699 2288 6177 1346 3003 820 119
internal_value=-1.80034e-06 -0.00188708 -0.000591766 -0.00619138 -0.00143422 -0.00230434 -0.00789069 -0.000655421 -0.00153992 0.00630327 0.00338917 0.00235585 -0.00219084 0.00189944
internal_weight=9784.27 7535.04 5796.76 1738.29 4787.34 3895.51 1328.12 410.166 2969.27 2249.23 1009.41 891.838 2440.8 720.055
internal_count=47992 34897 25174 9723 20905 17127 7837 1886 12950 13095 4269 3778 10662 2923
is_linear=0
shrinkage=0.02


Tree=93
num_leaves=15
num_cat=0
split_feature=4 21 13 0 13 13 22 0 2 1 2 21 21 5
split_gain=280.586 72.7422 51.6401 30.6801 25.2711 22.9692 17.0618 17.0085 14.2475 14.1337 13.8588 13.4024 12.4742 12.117
threshold=128.50000000000003 1.2001280318937066 105.83333333333336 60.703627652292958 86.833333333333357 92.500000000000014 1.5000000000000002 61.909650924024653 176.50000000000003 1.5000000000000002 160.50000000000003 1.8797152584178818 1.0242139001846218 69.500000000000014
decision_type=2 2 2 2 2 2 2 2 2 2 2 2 2 2
left_child=1 4 7 5 12 10 11 8 13 -5 -3 -7 -1 -2
right_child=2 3 -4 9 -6 6 -8 -9 -10 -11 -12 -13 -14 -15
leaf_value=-0.013402563738633142 -0.011128932020363738 -0.0069755894574890067 0.0067684929317527124 0.0046255347874962814 -0.0043741303167382046 -0.0023864810193207544 0.001829272685346076 0.0066377009212930417 -0.0055155688254938107 -0.0011010787410106171 -0.0025479933942291855 0.0040522411754953446 -0.007154667292963289 0.0020092748920337738
leaf_weight=228.56121940910816 23.656697422266006 489.42645302414894 1786.4663652479649 437.86872388422489 946.55780354142189 1877.1301985532045 622.68937855958939 271.58643832802773 110.3626192510128 278.83901512622833 688.3669561445713 134.16351948678493 349.59596811234951 1521.9782467782497
leaf_count=1569 109 2331 10547 1806 5001 8349 2657 1279 496 1140 3246 547 2010 6905
internal_value=-1.883e-06 -0.00265669 0.00432216 -0.00138065 -0.00642837 -0.00209474 -0.00105174 0.00204224 0.00126966 0.0024026 -0.00441126 -0.00194701 -0.0097218 0.00177166
internal_weight=9767.25 6053.2 3714.05 4528.48 1524.71 3811.78 2633.98 1927.58 1656 716.708 1177.79 2011.29 578.157 1545.63
internal_count=47992 28656 19336 20076 8580 17130 11553 8789 7510 2946 5577 8896 3579 7014
is_linear=0
shrinkage=0.02


Tree=94
num_leaves=15
num_cat=0
split_feature=17 21 20 6 13 8 20 6 24 9 20 19 14 21
split_gain=271.039 91.5958 41.1901 40.0621 30.8257 23.6331 21.6177 20.7636 15.4062 14.8641 12.5546 11.8528 11.6358 13.1511
threshold=1.0000000180025095e-35 1.3986120722727871 4.9331143052703634 2.5000000000000004 105.50000000000001 1.0000000180025095e-35 6.9467761806981532 1.5000000000000002 1.0000000180025095e-35 1.0000000180025095e-35 5.7800958247775496 6.2674323229257221 1.6436507936507938 1.0242139001846218
decision_type=2 2 2 2 2 2 2 2 2 2 2 2 2 2
left_child=1 2 11 6 -2 8 -3 -7 10 -8 -4 -1 -6 -14
right_child=4 3 5 -5 12 7 9 -9 -10 -11 -12 -13 13 -15
leaf_value=-0.012038419531397924 0.0025196480235448768 -0.0021842883739992417 -0.0064037515860529397 0.0064245092263986881 0.0054830642188383443 -0.012093351952937724 0.0017006695516808526 0.0021379342326789241 -0.00093054176549690621 -0.0086112291564537785 -0.002786445389935555 -0.0058905966212957142 -0.0098422473808726461 0.0094352935295655867
leaf_weight=317.22083595395088 1225.0297335535288 1601.3426253795624 610.66673888266087 357.73630408942699 1203.3587152212858 203.71340592205524 1281.9996881186962 49.060028702020645 956.92239917814732 53.482797622680664 1070.2455997020006 237.11176997423172 10.547850355505942 572.82083867490292
leaf_count=2167 5863 7020 3321 1710 6985 1040 5202 217 4318 217 4876 1464 65 3527
internal_value=-2.15305e-06 -0.00223125 -0.00450891 0.000153002 0.00498072 -0.00353855 -0.000619875 -0.00933559 -0.00296568 0.00125563 -0.00411687 -0.00948847 0.00665525 0.00900266
internal_weight=9751.26 6739.5 3444.94 3294.56 3011.76 2890.61 2936.83 252.773 2637.83 1335.48 1680.91 554.333 1786.73 583.369
internal_count=47992 31552 17403 14149 16440 13772 12439 1257 12515 5419 8197 3631 10577 3592
is_linear=0
shrinkage=0.02


Tree=95
num_leaves=15
num_cat=0
split_feature=4 20 20 22 11 13 20 13 7 6 6 11 5 9
split_gain=261.687 95.1876 44.1309 39.1214 36.9699 16.6759 16.0456 14.8626 13.3674 13.1309 12.7614 11.9679 11.3407 11.1484
threshold=133.50000000000003 5.6294455852156071 7.4416153319644094 1.5000000000000002 30.840473245365903 92.500000000000014 4.4299657768651617 91.500000000000014 2.5000000000000004 1.5000000000000002 1.5000000000000002 20.786176581102236 68.500000000000014 1.0000000180025095e-35
decision_type=2 2 2 2 2 2 2 2 2 2 2 2 2 2
left_child=1 3 4 6 5 -3 -1 -5 11 -7 -4 -2 -13 -8
right_child=8 2 10 7 -6 9 13 -9 -10 -11 -12 12 -14 -15
leaf_value=-0.013852903739885621 -0.0034445293699331861 -0.0045456589820983767 0.0017838737029259913 -0.0035220136444367696 0.002303056456356329 -0.0020860891052815475 -0.0062285206016510003 0.0041935570829080629 0.0013351406382073286 0.0013803708834791535 0.0067617390010482302 -0.0089393671103802641 0.0068991956232195145 -0.014904603703357612
leaf_weight=145.53528872132301 43.935515806078911 923.10949537158012 719.49888376891613 249.14236521720886 891.12209917604923 2436.4375949800014 1106.324611350894 159.47662290930748 224.28941029310226 528.0278929322958 287.99082145094872 14.069134965538977 1944.3805051594973 61.347851678729057
leaf_count=1065 258 4177 2923 1187 3778 10662 6416 699 1293 2288 1346 73 11471 356
internal_value=-2.46628e-06 -0.00178893 -0.000558225 -0.00590997 -0.00136094 -0.00220321 -0.00758617 -0.000491638 0.00601085 -0.00146669 0.00323514 0.00652896 0.00676192 -0.00674766
internal_weight=9734.69 7508.01 5786.19 1721.83 4778.7 3887.57 1313.21 408.619 2226.67 2964.47 1007.49 2002.39 1958.45 1167.67
internal_count=47992 34897 25174 9723 20905 17127 7837 1886 13095 12950 4269 11802 11544 6772
is_linear=0
shrinkage=0.02


Tree=96
num_leaves=15
num_cat=0
split_feature=17 21 20 6 12 8 20 6 24 1 2 20 11 7
split_gain=251.963 85.9157 39.2656 37.9226 26.0669 22.8539 20.2713 19.9059 14.5213 13.6836 15.7258 11.7888 11.6625 11.3329
threshold=1.0000000180025095e-35 1.3986120722727871 4.9331143052703634 2.5000000000000004 44.500000000000007 1.0000000180025095e-35 6.9467761806981532 1.5000000000000002 1.0000000180025095e-35 1.5000000000000002 159.50000000000003 5.7800958247775496 25.034839853647565 2.5000000000000004
decision_type=2 2 2 2 2 2 2 2 2 2 2 2 2 2
left_child=1 2 12 6 -2 8 -3 -7 11 -8 -11 -4 -1 -6
right_child=4 3 5 -5 13 7 9 -9 -10 10 -12 -13 -14 -15
leaf_value=-0.011800769295329774 0.0020320013059056214 -0.002111638500900809 -0.0062008224145154115 0.0062696053688823172 0.0065727619033150424 -0.011854705724507799 0.0027080627634445626 0.0020880934910173406 -0.00088019687221124342 -0.014063757920912337 -0.00044811824004858209 -0.0026877956604054614 -0.0056819831224796018 0.0016110774794053425
leaf_weight=313.25468800961971 936.75937503576279 1599.4304664134979 606.97380807995796 356.4285823404789 1849.593374684453 202.21500779688358 865.21786817908287 49.06822769343853 955.97092446684837 31.85420486330986 438.11439415812492 1068.4200903326273 235.29411597549915 209.91315481066704
leaf_count=2167 4224 7020 3321 1710 11002 1040 3512 217 4318 129 1778 4876 1464 1214
internal_value=-2.75873e-06 -0.00215282 -0.00436479 0.000155873 0.00481587 -0.00341915 -0.0005954 -0.00913666 -0.0028561 0.00122052 -0.00151352 -0.00397637 -0.00925482 0.00607314
internal_weight=9718.51 6722.24 3431.2 3291.05 2996.27 2882.65 2934.62 251.283 2631.36 1335.19 469.969 1675.39 548.549 2059.51
internal_count=47992 31552 17403 14149 16440 13772 12439 1257 12515 5419 1907 8197 3631 12216
is_linear=0
shrinkage=0.02


Tree=97
num_leaves=15
num_cat=0
split_feature=4 20 20 22 11 13 20 13 4 6 10 6 9 8
split_gain=243.095 88.9312 41.4667 37.4577 35.0882 15.9097 15.7119 14.1214 12.9803 12.2399 12.1515 12.1183 10.9296 10.813
threshold=133.50000000000003 5.6294455852156071 7.4416153319644094 1.5000000000000002 30.840473245365903 92.500000000000014 4.4299657768651617 91.500000000000014 149.50000000000003 1.5000000000000002 1.0000000180025095e-35 1.5000000000000002 1.0000000180025095e-35 1.0000000180025095e-35
decision_type=2 2 2 2 2 2 2 2 2 2 2 2 2 2
left_child=1 3 4 6 5 -3 -1 -5 -2 13 -6 -4 -8 -7
right_child=8 2 11 7 10 9 12 -9 -10 -11 -12 -13 -14 -15
leaf_value=-0.013618564445473932 0.0043896893158414767 -0.004426718281296608 0.0017303134668767161 -0.0033819554618939045 0.006740089647416612 -0.0016253988782425474 -0.0060301626715790306 0.0041432864532068197 0.0075180147214135009 0.001332771164704554 0.0010327893687684833 0.0065874414144643512 -0.014658188151818394 -0.006640371980234502
leaf_weight=143.31717257201672 1214.5204133838415 921.1804987937212 719.25015857815742 248.35169062018394 185.60671249032021 2251.2549664378166 1099.0949351787567 159.4808693677187 997.31447617709637 527.71059785783291 705.14125771820545 286.96401515603065 60.623231619596481 182.48508216440678
leaf_count=1065 6918 4177 2923 1187 775 9842 6416 699 6177 2288 3003 1346 356 820
internal_value=-3.07957e-06 -0.00172406 -0.000536189 -0.00572246 -0.00131469 -0.00213607 -0.00737263 -0.000419862 0.00581493 -0.00141661 0.00225525 0.00314323 -0.00654389 -0.00201509
internal_weight=9702.3 7490.46 5779.59 1710.87 4773.38 3882.63 1303.04 407.833 2211.83 2961.45 890.748 1006.21 1159.72 2433.74
internal_count=47992 34897 25174 9723 20905 17127 7837 1886 13095 12950 3778 4269 6772 10662
is_linear=0
shrinkage=0.02


Tree=98
num_leaves=15
num_cat=0
split_feature=13 21 6 10 4 7 13 0 21 13 23 0 21 3
split_gain=234.433 82.6067 39.9532 29.8815 27.1259 24.2767 23.0426 22.9934 14.5686 13.2012 11.7407 11.701 11.1347 11.0615
threshold=98.166666666666671 1.2001280318937066 2.5000000000000004 1.0000000180025095e-35 149.50000000000003 2.5000000000000004 86.833333333333357 54.295687885010274 1.5188598394622599 93.166666666666671 1.0000000180025095e-35 64.099931553730343 1.0242139001846218 97.500000000000014
decision_type=2 2 2 2 2 2 2 2 2 2 2 2 2 2
left_child=1 6 3 11 -2 -4 12 9 -7 -5 13 -3 -1 -9
right_child=4 2 5 7 -6 8 -8 10 -10 -11 -12 -13 -14 -15
leaf_value=-0.012803517683387949 0.0033342883732353354 0.001294356086153499 0.0091224348015475909 -0.0066683902754429217 0.0074288276934126396 -0.0044990790929874012 -0.004201323002206804 -0.00067660868500203988 0.0049870836393449691 -0.0027384944271529117 -0.0053433487692088923 0.012982680989519655 -0.0068349459502196168 0.0070460721717082869
leaf_weight=222.21287750452757 1964.1902557015419 933.18854229152203 236.52852387726307 514.99858778715134 976.23835325241089 125.33191925287247 1020.83812700212 1864.691574037075 123.68525984883308 1049.393820732832 205.81450672447681 30.730043604969978 346.418262347579 72.239970445632935
leaf_count=1573 10112 3995 1149 2621 6085 534 5335 7837 588 4846 875 127 2022 293
internal_value=-3.1944e-06 -0.00205749 -0.00082597 -0.0013952 0.00470468 0.0046045 -0.00603645 -0.00221066 0.000210185 -0.00405062 -0.000860095 0.00173412 -0.00926213 -0.000370153
internal_weight=9686.5 6746.07 5156.6 4671.06 2940.43 485.546 1589.47 3707.14 249.017 1564.39 2142.75 963.919 568.631 1936.93
internal_count=47992 31795 22865 20594 16197 2271 8930 16472 1122 7467 9005 4122 3595 8130
is_linear=0
shrinkage=0.02


Tree=99
num_leaves=15
num_cat=0
split_feature=4 20 20 22 11 20 13 13 4 6 10 6 9 9
split_gain=226.611 83.139 38.9979 36.1923 33.1998 15.2861 15.0506 13.3431 12.1079 11.562 11.5196 11.4773 10.7713 10.5202
threshold=133.50000000000003 5.6294455852156071 7.4416153319644094 1.5000000000000002 30.840473245365903 4.4299657768651617 92.500000000000014 91.500000000000014 149.50000000000003 1.5000000000000002 1.0000000180025095e-35 1.5000000000000002 1.0000000180025095e-35 1.0000000180025095e-35
decision_type=2 2 2 2 2 2 2 2 2 2 2 2 2 2
left_child=1 3 4 5 6 -1 -3 -5 -2 -8 -6 13 -7 -4
right_child=8 2 11 7 10 12 9 -9 -10 -11 -12 -13 -14 -15
leaf_value=-0.013382107646651599 0.0042563032216112948 -0.004302984587523144 0.0022068848333912216 -0.0032186499572446998 0.0065682125103773206 -0.0058489771462358299 -0.0019543993940503612 0.004101915406374384 0.0072883716242375766 0.0013006425885793117 0.0010099689954258435 0.0064133474254018785 -0.014445751089836607 -0.0091210513695881585
leaf_weight=141.10860352218151 1209.5210197418928 919.05907544493675 689.49254731833935 247.39432735741138 185.54388938844204 1092.4986461549997 2431.3166323155165 159.46460968255997 988.51757901906967 527.31683838367462 704.68052643537521 285.882603302598 59.99929366260767 29.481108605861664
leaf_count=1065 6918 4177 2804 1187 775 6416 10662 699 6177 2288 3003 1346 356 119
internal_value=-3.11241e-06 -0.00166411 -0.000517053 -0.00554406 -0.00127241 -0.00717496 -0.00207212 -0.000329601 0.00563426 -0.00137236 0.00220089 0.0030536 -0.00635872 0.00167984
internal_weight=9671.28 7473.24 5772.77 1700.47 4767.92 1293.61 3877.69 406.859 2198.04 2958.63 890.224 1004.86 1152.5 718.974
internal_count=47992 34897 25174 9723 20905 7837 17127 1886 13095 12950 3778 4269 6772 2923
is_linear=0
shrinkage=0.02


Tree=100
num_leaves=15
num_cat=0
split_feature=4 21 6 10 13 7 18 23 21 9 13 7 13 13
split_gain=218.31 76.9674 40.8335 34.5949 27.9288 24.2697 23.6863 16.4231 15.6905 14.0389 13.7566 12.682 12.1664 11.9436
threshold=133.50000000000003 1.2001280318937066 2.5000000000000004 1.0000000180025095e-35 86.833333333333357 2.5000000000000004 29.617137071970717 1.0000000180025095e-35 1.5188598394622599 1.0000000180025095e-35 102.16666666666667 2.5000000000000004 93.166666666666671 99.833333333333357
decision_type=2 2 2 2 2 2 2 2 2 2 2 2 2 2
left_child=1 4 3 -3 -1 -4 12 10 -7 13 -8 -2 -5 -6
right_child=11 2 5 6 9 8 7 -9 -10 -11 -12 -13 -14 -15
leaf_value=-0.0090214804655170105 0.0060502135208764128 0.0020994325777185701 0.0083912704435863648 -0.0062260437831841639 -0.0036531240213856439 -0.0045075101068417179 -0.00051950088891525737 -0.0055941347367353799 0.0047517047258229753 -0.012941890539863344 0.0053478291918521159 0.00097193371473662711 -0.0025821935052282915 0.0036094056369411509
leaf_weight=562.38901709020138 1969.0381681621075 1068.9168544709682 298.77287240326405 520.20999662578106 965.94469012320042 137.7003071308136 1936.0517275482416 231.59306520223618 145.28931248188019 55.654196172952652 169.18137046694756 221.88961954414845 1277.6458787769079 95.644558191299438
leaf_count=3591 11802 4548 1466 2657 5054 594 8095 977 698 297 705 1293 5800 415
internal_value=-3.24866e-06 -0.0016331 -0.000536733 -0.00110007 -0.00539547 0.00446509 -0.00192924 -0.000598003 0.00023927 -0.00353639 -3.5487e-05 0.0055402 -0.00365199 -0.00298307
internal_weight=9655.92 7464.99 5785.36 5203.6 1679.63 581.762 4134.68 2336.83 282.99 1117.24 2105.23 2190.93 1797.86 1061.59
internal_count=47992 34897 25540 22782 9357 2758 18234 9777 1292 5766 8800 13095 8457 5469
is_linear=0
shrinkage=0.02


Tree=101
num_leaves=15
num_cat=0
split_feature=4 20 13 21 8 22 20 2 0 24 2 3 5 20
split_gain=210.701 58.0576 40.7505 30.786 23.3054 19.0757 18.9888 15.8319 15.3019 13.7735 13.3974 12.5452 11.3511 10.8308
threshold=128.50000000000003 5.2327036276522945 105.83333333333336 1.6844353090140844 1.0000000180025095e-35 1.5000000000000002 7.5352361396303911 164.50000000000003 61.909650924024653 1.0000000180025095e-35 176.50000000000003 68.750000000000014 69.500000000000014 6.704257357973991
decision_type=2 2 2 2 2 2 2 2 2 2 2 2 2 2
left_child=1 5 8 4 6 -1 7 13 10 -9 12 -6 -2 -3
right_child=2 3 -4 -5 11 -7 -8 9 -10 -11 -12 -13 -14 -15
leaf_value=-0.0083998052417833691 -0.010983302910452677 -0.0045782012486206966 0.0059944386079612624 0.0017493322637794815 -0.012661392294390854 -0.0018766271030059933 0.0052864240999649058 -0.0021526433009911657 0.0061424633909828675 0.0012543285254443429 -0.0055700224457213019 -0.0042023817226353446 0.0017462194406984381 -0.00090417646476310986
leaf_weight=725.58067692071199 23.582434490323067 1137.4716747403145 1737.9470135122538 970.51155430078506 112.79728558659554 243.31996759772301 141.98205088078976 1251.4242746829987 268.43166795372963 757.88073356449604 109.76451763510704 196.59094186127186 1510.9461197406054 452.3877090960741
leaf_count=4960 109 5395 10547 4087 550 1167 580 5813 1279 3308 496 913 6905 1883
internal_value=-3.32726e-06 -0.00231122 0.00378085 -0.00144227 -0.00220868 -0.00678174 -0.00176575 -0.00205145 0.0017581 -0.000866666 0.00102468 -0.00744506 0.00151426 -0.00354014
internal_weight=9640.62 5989.95 3650.67 5021.05 4050.53 968.901 3741.15 3599.16 1912.72 2009.31 1644.29 309.388 1534.53 1589.86
internal_count=47992 28656 19336 22529 18442 6127 16979 16399 8789 9121 7510 1463 7014 7278
is_linear=0
shrinkage=0.02


Tree=102
num_leaves=15
num_cat=0
split_feature=4 20 20 22 19 20 13 13 7 19 15 10 15 5
split_gain=203.109 75.4142 35.3889 34.3316 30.7634 14.867 14.0634 12.6086 12.3187 11.7146 10.8275 10.8028 10.787 10.6516
threshold=133.50000000000003 5.6294455852156071 7.4416153319644094 1.5000000000000002 9.5113480554312062 4.4299657768651617 92.500000000000014 91.500000000000014 2.5000000000000004 4.3206524823316563 1.0000000180025095e-35 1.0000000180025095e-35 1.0000000180025095e-35 68.500000000000014
decision_type=2 2 2 2 2 2 2 2 2 2 2 2 2 2
left_child=1 3 4 5 6 -1 -3 -5 9 -2 -4 -6 -8 -11
right_child=8 2 10 7 11 -7 12 -9 -10 13 -12 -13 -14 -15
leaf_value=-0.013070451054572964 -0.0040391181728906258 -0.004135872680719274 0.0015875154648489294 -0.0030288427475640366 0.00636958455168243 -0.0060870782370844234 -0.0018619875262057711 0.0040944342968042106 0.00085538087418705574 -0.0090910867555615144 0.0061927255872659438 0.00098541378824613707 0.0012835680385201245 0.0062382397971198289
leaf_weight=138.26599553227425 43.189628824591637 916.12895739078522 718.43905165791512 246.31647178530693 185.46046291291714 1141.6922711655498 2427.4781157523394 159.3925139605999 221.12577414512634 14.005577847361563 284.50595660507679 704.16172876954079 526.81944316625595 1899.246323287487
leaf_count=1065 258 4177 2923 1187 775 6772 10662 699 1293 73 1346 3003 2288 11471
internal_value=-3.5855e-06 -0.00157502 -0.000484573 -0.00528943 -0.00120467 -0.00689093 -0.0019756 -0.000209647 0.0053621 0.00586697 0.0029201 0.00213942 -0.00129917 0.00610158
internal_weight=9626.23 7448.66 5762.99 1685.67 4760.05 1279.96 3870.43 405.709 2177.57 1956.44 1002.95 889.622 2954.3 1913.25
internal_count=47992 34897 25174 9723 20905 7837 17127 1886 13095 11802 4269 3778 12950 11544
is_linear=0
shrinkage=0.02


Tree=103
num_leaves=15
num_cat=0
split_feature=17 21 21 6 4 0 8 9 13 13 24 20 0 6
split_gain=195.726 70.0689 34.0342 31.9438 25.2497 17.2054 15.974 14.8735 14.097 13.8363 11.6583 11.9091 11.173 10.503
threshold=1.0000000180025095e-35 1.3986120722727871 1.0306474256436637 2.5000000000000004 149.50000000000003 62.872005475701584 1.0000000180025095e-35 1.0000000180025095e-35 92.500000000000014 92.500000000000014 1.0000000180025095e-35 5.7800958247775496 48.491444216290219 1.5000000000000002
decision_type=2 2 2 2 2 2 2 2 2 2 2 2 2 2
left_child=1 2 9 5 -2 7 10 8 -3 -1 11 -4 -13 -8
right_child=4 3 6 -5 -6 -7 13 -9 -10 -11 -12 12 -14 -15
leaf_value=-0.011788476350354777 0.0029690267993748966 -0.0030821880409391839 -0.0057879931336848878 0.0058280634486024439 0.0069173649712579929 0.0037405684094904625 -0.010055248903701066 -0.0076919472546011867 0.00024940628581347573 -0.0051820067028343795 -0.00081656178600247637 0.0073211379844209303 -0.0027006469164752756 0.00025198895004207531
leaf_weight=264.29660392552614 1971.1022294014692 707.97671380639076 616.99886809289455 352.42958827316761 974.40795762836933 332.89628884196281 188.71607561409473 123.56190504133701 1761.8913113325834 269.16906639933586 962.20767498016357 41.749106556177139 995.19428005814552 48.913577422499657
leaf_count=1885 10263 3172 3591 1710 6177 1354 997 531 7382 1546 4415 190 4562 217
internal_value=-3.65225e-06 -0.00190094 -0.00391612 0.000183114 0.00428537 -0.00050483 -0.00303805 -0.00105669 -0.00070907 -0.00853786 -0.00257552 -0.00359207 -0.00226204 -0.0079639
internal_weight=9611.51 6666 3387.25 3278.76 2945.51 2926.33 2853.78 2593.43 2469.87 533.466 2616.15 1653.94 1036.94 237.63
internal_count=47992 31552 17403 14149 16440 12439 13972 11085 10554 3431 12758 8343 4752 1214
is_linear=0
shrinkage=0.02


Tree=104
num_leaves=15
num_cat=0
split_feature=13 20 6 9 7 10 13 3 22 20 0 0 0 14
split_gain=188.438 66.9964 40.8892 28.1972 24.8966 24.315 22.4492 19.7477 15.5023 15.4029 15.2493 14.2692 11.9942 10.5939
threshold=99.500000000000014 5.2477891854893919 2.5000000000000004 1.0000000180025095e-35 2.5000000000000004 1.0000000180025095e-35 105.83333333333336 59.100000000000009 1.5000000000000002 6.704257357973991 54.355920602327181 49.553730321697479 61.244353182751546 1.6436507936507938
decision_type=2 2 2 2 2 2 2 2 2 2 2 2 2 2
left_child=1 8 3 5 -4 -3 -2 9 -1 -7 11 -9 -6 -8
right_child=6 2 4 -5 12 7 13 10 -10 -11 -12 -13 -14 -15
leaf_value=-0.0080414207799310838 0.0020892956257269838 0.0015088959724348571 0.008835641276876029 -0.0082889978908057549 -0.0017747710437377524 -0.0086247522641462512 0.0045967121066155022 -0.00016127456689104299 -0.0021973642838495019 -0.0013471558757260748 -0.00014134626480188022 -0.0041282556078170779 0.00916424796704844 0.0080026752905990456
leaf_weight=747.89595723152161 1138.5460868775845 1036.2977183610201 248.21448981761932 231.18645131587982 227.67595127224922 285.95531232655048 1168.2843546718359 547.19680665433407 246.81347794830799 198.59535230696201 1837.7911620140076 1079.4173929393291 43.436167314648628 559.93054401874542
leaf_count=5131 5475 4454 1216 1055 1008 1449 6985 2658 1186 828 7709 5035 212 3591
internal_value=-3.80439e-06 -0.00183297 -0.000998867 -0.00153301 0.00432602 -0.00121131 0.00428567 -0.00192667 -0.0066116 -0.0056903 -0.00139225 -0.00279956 0.000104793 0.00572128
internal_weight=9597.24 6730.48 5735.77 5216.44 519.327 4985.25 2866.76 3948.96 994.709 484.551 3464.41 1626.61 271.112 1728.21
internal_count=47992 31941 25624 23188 2436 22133 16051 17679 6317 2277 15402 7693 1220 10576
is_linear=0
shrinkage=0.02


Tree=105
num_leaves=15
num_cat=0
split_feature=4 21 6 10 13 7 0 23 21 9 3 7 11 0
split_gain=182.646 66.3914 35.4418 31.5782 25.6183 22.74 20.6315 14.971 14.5435 13.5449 13.1301 11.9815 11.3575 10.844
threshold=133.50000000000003 1.2001280318937066 2.5000000000000004 1.0000000180025095e-35 86.833333333333357 2.5000000000000004 54.421629021218351 1.0000000180025095e-35 1.5188598394622599 1.0000000180025095e-35 97.500000000000014 2.5000000000000004 20.786176581102236 64.149212867898711
decision_type=2 2 2 2 2 2 2 2 2 2 2 2 2 2
left_child=1 4 3 13 -1 -4 -5 10 -7 -6 -8 12 -2 -3
right_child=11 2 5 6 9 8 7 -9 -10 -11 -12 -13 -14 -15
leaf_value=-0.0085291225084994943 -0.0041465382102699316 0.001687174657868894 0.0080246003976603558 -0.003410035033509506 -0.0026905180765701181 -0.0044521789837436232 -0.00035414353439976425 -0.0053332525485823489 0.0044770265698870389 -0.012533785195926185 0.0073803164978884653 0.00065791316221967041 0.0058436801441712066 0.013385327970617778
leaf_weight=550.70550291985273 43.052604004740715 1039.8676116615534 295.81674107909203 1787.4829557090998 1052.615169942379 137.64072997868061 2015.6379224359989 230.75160105526447 144.3465667963028 54.787717521190643 86.780947923660278 219.82534311711788 1895.6793948113918 27.915464714169502
leaf_count=3591 258 4433 1466 8457 5469 594 8447 977 698 297 353 1293 11544 115
internal_value=-3.75163e-06 -0.00149321 -0.000477023 -0.00100175 -0.00501385 0.00419953 -0.00179607 -0.000554085 0.000109993 -0.00323345 -1.71885e-05 0.00510993 0.00561071 0.00205583
internal_weight=9582.91 7424.35 5766.24 5188.44 1658.11 577.804 4120.65 2333.17 281.987 1107.4 2102.42 2158.56 1938.73 1067.78
internal_count=47992 34897 25540 22782 9357 2758 18234 9777 1292 5766 8800 13095 11802 4548
is_linear=0
shrinkage=0.02


Tree=106
num_leaves=15
num_cat=0
split_feature=4 20 13 21 9 22 2 0 2 10 20 11 5 21
split_gain=176.876 50.0506 34.6789 26.9012 22.3152 17.3224 17.2853 14.169 12.7601 12.5454 11.368 14.6127 10.6969 10.3662
threshold=128.50000000000003 5.2327036276522945 105.83333333333336 1.6844353090140844 1.0000000180025095e-35 1.5000000000000002 164.50000000000003 61.909650924024653 176.50000000000003 1.0000000180025095e-35 6.704257357973991 30.859491188280789 69.500000000000014 1.5887733683940131
decision_type=2 2 2 2 2 2 2 2 2 2 2 2 2 2
left_child=1 5 7 4 6 -1 10 8 12 -8 11 -3 -2 -10
right_child=2 3 -4 -5 -6 -7 9 -9 13 -11 -12 -13 -14 -15
leaf_value=-0.0078857739065902963 -0.010732407574948042 -0.0050350004197288042 0.0055468939444475755 0.0016658617474918666 -0.008910494995639626 -0.0016427170456081797 0.0023417370465735913 0.0058524045135560886 -0.008676063311133117 -0.0013320057789543288 -0.00078264099140174393 0.0030469626112702235 0.0016184281661251487 0.0053175693234891576
leaf_weight=709.15045473724604 23.608149334788322 1050.0061400830746 1710.4230959862471 969.03673022985458 175.9379189312458 241.97691868245602 468.62072272598743 266.59925109148026 85.808241844177246 1723.6508502215147 521.17578758299351 94.192489773035049 1505.2807959467173 23.711337298154831
leaf_count=4960 109 5035 10547 4087 840 1167 2048 1279 385 7921 2168 430 6905 111
internal_value=-3.67043e-06 -0.00212226 0.00348269 -0.00131892 -0.00203766 -0.00631646 -0.00171256 0.00161862 0.000912776 -0.000542253 -0.0032457 -0.00435758 0.00139205 -0.00552904
internal_weight=9569.18 5953.75 3615.43 5002.62 4033.58 951.127 3857.65 1905.01 1638.41 2192.27 1665.37 1144.2 1528.89 109.52
internal_count=47992 28656 19336 22529 18442 6127 17602 8789 7510 9969 7633 5465 7014 496
is_linear=0
shrinkage=0.02


Tree=107
num_leaves=15
num_cat=0
split_feature=4 21 13 6 20 7 2 13 18 10 2 18 14 21
split_gain=170.163 49.1407 33.5483 31.0429 28.8081 21.5167 16.4713 14.5655 13.6638 12.2782 12.2574 10.5299 10.3858 12.7294
threshold=128.50000000000003 1.0306474256436637 105.83333333333336 2.5000000000000004 6.492156057494868 2.5000000000000004 168.50000000000003 92.500000000000014 38.328048794085426 1.0000000180025095e-35 176.50000000000003 37.508707986475663 1.6436507936507938 1.0242139001846218
decision_type=2 2 2 2 2 2 2 2 2 2 2 2 2 2
left_child=1 7 8 4 6 -5 -3 -1 10 -6 -2 -7 -4 -14
right_child=2 3 12 5 9 11 -8 -9 -10 -11 -12 -13 13 -15
leaf_value=-0.011386127276774053 0.0013640260147234511 -0.0042683564530701257 0.0043334859502472244 0.0086360154893803161 0.0026894551728994243 -0.0022774893527766245 -0.00090476108896479161 -0.0044747738860763031 0.0057489528631517331 -0.00099763552977727562 -0.0054172183773302345 0.0092027920168511416 -0.010869776108736674 0.0081701636457500431
leaf_weight=253.2786228582263 1528.4051424115896 2003.4095840677619 1151.3356885164976 187.06714384257793 450.16372801363468 194.37619845569134 826.97487627714872 253.85424810647964 266.06415006518364 1745.0500289201736 109.59832255542278 33.04965703189373 10.185406222939489 543.3275244385004
leaf_count=1862 7014 10164 6956 867 1830 821 4164 1511 1279 7282 496 155 65 3526
internal_value=-3.81538e-06 -0.00208249 0.00341927 -0.0015229 -0.00195784 0.00370633 -0.00328962 -0.0080079 0.00158671 -0.000236236 0.000893973 -0.00043848 0.00545418 0.00772205
internal_weight=9556.14 5947.22 3608.92 5440.09 5025.6 414.493 2830.38 507.133 1904.07 2195.21 1638 227.426 1704.85 553.513
internal_count=47992 28656 19336 25283 23440 1843 14328 3373 8789 9112 7510 976 10547 3591
is_linear=0
shrinkage=0.02


Tree=108
num_leaves=15
num_cat=0
split_feature=17 21 21 6 4 0 8 13 13 2 6 6 10 0
split_gain=163.97 60.8139 30.5961 27.6806 22.3958 15.5973 15.594 12.8977 12.8233 11.7573 10.6636 10.3188 9.9365 9.00303
threshold=1.0000000180025095e-35 1.3986120722727871 1.0242139001846218 2.5000000000000004 149.50000000000003 62.872005475701584 1.0000000180025095e-35 92.500000000000014 92.500000000000014 164.50000000000003 1.5000000000000002 1.5000000000000002 1.0000000180025095e-35 49.115674195756334
decision_type=2 2 2 2 2 2 2 2 2 2 2 2 2 2
left_child=1 2 7 5 13 8 9 -1 -3 10 -4 -8 -10 -2
right_child=4 3 6 -5 -6 -7 11 -9 12 -11 -12 -13 -14 -15
leaf_value=-0.011447333754828733 0.0054395551610302816 -0.0031723564357033379 -0.0048216473950435943 0.0054790234477548995 0.0064520076515037928 0.0036045254674551813 -0.0097711700698184661 -0.0048334651852655324 0.0027554188972338882 -0.001183436493832969 6.497896387499623e-05 0.00039600892952492653 -0.00082796535981374461 0.0020220580230420134
leaf_weight=245.91201476752758 384.57908479869366 744.26388718187809 927.12263691425323 349.31916138529778 956.95554718375206 332.49392376840115 188.52061232924461 249.30411258339882 387.66440819203854 1478.7244961187243 219.81304474174976 49.360078617930412 1456.6115241348743 1571.8008540570736
leaf_count=1812 2014 3348 4784 1710 6177 1354 1009 1456 1584 7147 975 220 6153 8249
internal_value=-3.74339e-06 -0.00174188 -0.00363002 0.000199272 0.00394679 -0.00043972 -0.0028255 -0.00820334 -0.000965916 -0.00237038 -0.00388716 -0.00768853 -6.82477e-05 0.00270703
internal_weight=9542.45 6629.11 3358.76 3270.35 2913.34 2921.03 2863.54 495.216 2588.54 2625.66 1146.94 237.881 1844.28 1956.38
internal_count=47992 31552 17403 14149 16440 12439 14135 3268 11085 12906 5759 1229 7737 10263
is_linear=0
shrinkage=0.02


Tree=109
num_leaves=15
num_cat=0
split_feature=4 20 6 10 23 7 20 3 22 3 11 11 7 21
split_gain=158.522 61.2975 39.1793 29.5932 25.9668 22.0433 20.8325 17.4558 16.6563 12.1608 12.1604 12.0576 11.6881 11.6215
threshold=133.50000000000003 5.2327036276522945 2.5000000000000004 1.0000000180025095e-35 1.0000000180025095e-35 2.5000000000000004 7.4557700205338824 59.100000000000009 1.5000000000000002 97.500000000000014 26.488523975574783 29.735472374259896 2.5000000000000004 1.5188598394622599
decision_type=2 2 2 2 2 2 2 2 2 2 2 2 2 2
left_child=1 8 3 11 6 -4 7 -5 -1 -9 -6 -3 -2 -7
right_child=12 2 5 4 10 13 -8 9 -10 -11 -12 -13 -14 -15
leaf_value=-0.0075760867490692356 0.0052885265266324434 0.00049914684697440902 0.0078149589687915438 -0.0057373859802172704 -0.0091141308401456785 -0.0033106185576569909 0.002171428807812062 -0.0017116635325056001 -0.0015281735765521887 0.0040847322586270865 -0.0027791781177685703 0.0052461508814960868 0.00038302614353319533 0.0043730236290173878
leaf_weight=725.58757423609495 1916.6880704015493 917.98857152462006 309.61045370995998 425.02530898153782 264.76412613689899 164.00220608711243 562.79658709466457 2978.9141436070204 247.76449239253998 147.31073881685734 233.44468447566032 275.10851921141148 218.02837879955769 142.38215556740761
leaf_count=5064 11802 3978 1540 2039 1256 706 2300 13366 1196 613 1010 1136 1293 693
internal_value=-3.7773e-06 -0.00139037 -0.000678936 -0.00118904 -0.0019152 0.00409612 -0.00138809 -0.00195502 -0.00605433 -0.00143181 -0.00620686 0.00161272 0.00479051 0.000266564
internal_weight=9529.42 7394.7 6421.35 5805.35 4612.26 615.995 4114.05 3551.25 973.352 3126.22 498.209 1193.1 2134.72 306.384
internal_count=47992 34897 28637 25698 20584 2939 18318 16018 6260 13979 2266 5114 13095 1399
is_linear=0
shrinkage=0.02


Tree=110
num_leaves=15
num_cat=0
split_feature=13 21 4 0 13 22 13 0 7 11 11 11 0 20
split_gain=152.866 47.5196 33.6069 22.5491 19.923 15.6296 15.464 14.8962 11.7958 9.51913 9.49306 9.17293 9.1083 15.7772
threshold=96.166666666666671 1.2313146821000367 134.50000000000003 60.703627652292958 84.833333333333357 1.5000000000000002 92.500000000000014 42.410677618069819 2.5000000000000004 34.079559578546345 21.792900166602593 20.786176581102236 49.613963039014386 7.0535112936344975
decision_type=2 2 2 2 2 2 2 2 2 2 2 2 2 2
left_child=1 4 5 6 10 7 -3 -2 11 -8 -1 -4 -9 -14
right_child=2 3 8 -5 -6 -7 9 12 -10 -11 -12 -13 13 -15
leaf_value=-0.012085926359816543 -0.0094096901655602548 -0.0034191644196014583 -0.0035421685530713284 0.0023824331985359565 -0.0034196709167366468 0.0036479743283512438 -0.0010096466220156728 0.0043904640768969959 0.00040283976280106146 0.0032426428626675984 -0.0060297819799222585 0.0055887429998792504 -0.0042628567341896273 0.0015116743330860778
leaf_weight=169.70430821925402 64.795914798974991 1148.8340694457293 41.638273268938065 706.27969181537628 1188.3531609773636 563.41603952646255 2094.3751364648342 163.0788399130106 214.41816057264805 229.01081593334675 319.58266459405422 1825.7632441967726 304.6391654163599 481.7599778175354
leaf_count=1128 287 5477 253 2940 6431 2578 9262 688 1274 995 2121 11329 1258 1971
internal_value=-3.71858e-06 -0.00200727 0.00320029 -0.000862767 -0.00484566 0.000992379 -0.00152592 -0.000491466 0.00486619 -0.000583586 -0.00823535 0.00537516 0.000161155 -0.000735564
internal_weight=9515.65 5856.14 3659.51 4178.5 1677.64 1577.69 3472.22 1014.27 2081.82 2323.39 489.287 1867.4 949.478 786.399
internal_count=47992 28354 19638 18674 9680 6782 15734 4204 12856 10257 3249 11582 3917 3229
is_linear=0
shrinkage=0.02


Tree=111
num_leaves=15
num_cat=0
split_feature=4 21 4 6 20 7 2 0 2 0 20 4 21 0
split_gain=147.167 44.198 29.2594 27.7626 25.9411 20.0666 15.766 14.7166 11.7836 14.2577 14.8351 11.5873 11.0017 10.7243
threshold=128.50000000000003 1.0306474256436637 140.50000000000003 2.5000000000000004 6.492156057494868 2.5000000000000004 168.50000000000003 61.553730321697479 177.50000000000003 49.115674195756334 5.4955783709787829 111.50000000000001 2.177862571216179 51.987679671457911
decision_type=2 2 2 2 2 2 2 2 2 2 2 2 2 2
left_child=1 11 7 4 6 13 -3 8 9 10 -2 -1 -6 -5
right_child=2 3 -4 5 12 -7 -8 -9 -10 -11 -12 -13 -14 -15
leaf_value=-0.011109954278043311 -0.0033901143990471491 -0.0040526126587929721 0.0061198441473446661 0.016127910644091362 -0.00046866603490435937 -0.00045527545799601752 -0.00075583634454271388 0.0054391600043263589 -0.0043920246126051147 0.00088429407027841133 0.0065268768975296799 -0.0048108678077417198 0.0069959030109921303 0.0051369572922202863
leaf_weight=214.63914754241705 68.436993598937988 1991.9902746751904 986.133460983634 47.84109915792942 2115.8960819840431 227.06674273312092 823.89089111238718 428.48262877762318 127.490060120821 1603.7717688977718 368.4804650247097 284.00750149041414 77.022172465920448 137.89357693493366
leaf_count=1633 286 10164 6407 208 8802 976 4164 2182 628 7957 1876 1740 310 659
internal_value=-3.87792e-06 -0.00193978 0.00319271 -0.0014114 -0.00182331 0.00354379 -0.00309178 0.00207068 0.00139309 0.00176534 0.00494821 -0.00760962 -0.000190259 0.00832704
internal_weight=9503.04 5920.25 3582.8 5421.6 5008.8 412.801 2815.88 2596.66 2168.18 2040.69 436.917 498.647 2192.92 185.735
internal_count=47992 28656 19336 25283 23440 1843 14328 12929 10747 10119 2162 3373 9112 867
is_linear=0
shrinkage=0.02


Tree=112
num_leaves=15
num_cat=0
split_feature=17 21 6 10 4 22 13 0 21 9 0 0 19 13
split_gain=142.157 54.1322 30.5394 22.046 20.2717 20.2151 18.5376 14.8993 12.1152 10.055 10.6536 9.92443 9.8231 9.02049
threshold=1.0000000180025095e-35 1.2037433987608426 2.5000000000000004 1.0000000180025095e-35 149.50000000000003 7.5000000000000009 84.833333333333357 54.295687885010274 1.481081109475552 1.0000000180025095e-35 41.356605065023963 64.099931553730343 4.7493053873130391 93.166666666666671
decision_type=2 2 2 2 2 2 2 2 2 2 2 2 2 2
left_child=1 6 3 11 -2 -4 12 13 -7 10 -8 -3 -1 -5
right_child=4 2 5 7 -6 8 9 -9 -10 -11 -12 -13 -14 -15
leaf_value=-0.012317803106693259 0.0025129135375472375 0.0011783622251491674 0.008372147164424297 -0.0055560173712744442 0.006095253291104278 -0.004628149389067718 -0.0076963834907722442 -0.00074203461252447811 0.0041248176888197896 -0.011770237957282267 -0.0021408494090743623 0.012056525218754057 -0.005899534621010131 -0.0022471986479058259
leaf_weight=160.47916340082884 1945.4304416030645 918.899035140872 229.9442559927702 493.95578823983669 943.81984153389931 110.71412006020546 160.74771220982075 2115.6157534122467 134.48660615086555 51.373021602630615 893.51689424365759 29.982248738408089 279.11965761333704 1022.5346337258816
leaf_count=1092 10263 3935 1150 2581 6177 470 1063 8905 644 298 4620 124 1908 4762
internal_value=-3.61446e-06 -0.00162311 -0.000619545 -0.00112176 0.00369234 0.00417958 -0.00489299 -0.00183081 0.000151137 -0.00348158 -0.00302214 0.00158558 -0.00835925 -0.00334099
internal_weight=9490.62 6601.37 5056.13 4580.99 2889.25 475.145 1545.24 3632.11 245.201 1105.64 1054.26 948.881 439.599 1516.49
internal_count=47992 31552 22571 20307 16440 2264 8981 16248 1114 5981 5683 4059 3000 7343
is_linear=0
shrinkage=0.02


Tree=113
num_leaves=15
num_cat=0
split_feature=4 20 6 10 23 7 20 3 22 11 3 11 2 7
split_gain=137.351 54.4544 35.1005 27.6614 25.0797 20.1008 18.4723 16.2868 16.0714 11.5711 11.3687 11.2747 11.627 10.9458
threshold=133.50000000000003 5.2327036276522945 2.5000000000000004 1.0000000180025095e-35 1.0000000180025095e-35 2.5000000000000004 7.4557700205338824 59.100000000000009 1.5000000000000002 26.488523975574783 97.500000000000014 29.735472374259896 160.50000000000003 2.5000000000000004
decision_type=2 2 2 2 2 2 2 2 2 2 2 2 2 2
left_child=1 8 3 11 6 -4 7 -5 -1 -6 -9 12 -3 -2
right_child=13 2 5 4 9 -7 -8 10 -10 -11 -12 -13 -14 -15
leaf_value=-0.0072304840490360267 0.0049717400118256625 -0.0031877190742890184 0.0074797106333505713 -0.00549310992229287 -0.0088840389579200804 0.00025261609405097306 0.0020597147315015414 -0.0015943261894958303 -0.0012706029944540562 -0.0026938613019743571 0.0040107378739565715 0.0051160529316502 0.0018751112938127166 0.00021491209858747276
leaf_weight=714.87781875580549 1895.3437166959047 242.51927649974823 306.90849909186363 422.46763081848621 263.24851086735725 305.82935729622841 562.28069411218166 2971.995430290699 246.17722770571709 233.04344822466373 147.26666495203972 274.96889685094357 674.28220914304256 216.9316126704216
leaf_count=5064 11802 1053 1540 2039 1256 1399 2300 13366 1196 1010 613 1136 2925 1293
internal_value=-3.75701e-06 -0.00129365 -0.000625155 -0.00110791 -0.00181132 0.00390701 -0.00129308 -0.00182809 -0.00572039 -0.00603717 -0.00132306 0.00160185 0.000523657 0.00448582
internal_weight=9478.14 7365.87 6404.81 5792.07 4600.3 612.738 4104.01 3541.73 961.055 496.292 3119.26 1191.77 916.801 2112.28
internal_count=47992 34897 28637 25698 20584 2939 18318 16018 6260 2266 13979 5114 3978 13095
is_linear=0
shrinkage=0.02


Tree=114
num_leaves=15
num_cat=0
split_feature=13 0 13 13 6 11 6 8 3 0 11 0 0 0
split_gain=132.379 39.745 31.0581 28.7469 20.4546 16.9534 16.066 12.4077 11.9655 12.4745 12.8402 11.8473 11.6159 12.844
threshold=96.166666666666671 54.898015058179332 93.166666666666671 105.83333333333336 1.5000000000000002 21.080004259063152 1.5000000000000002 1.0000000180025095e-35 59.100000000000009 62.872005475701584 36.40760152399708 42.04928131416839 43.880903490759756 49.408624229979473
decision_type=2 2 2 2 2 2 2 2 2 2 2 2 2 2
left_child=1 2 5 6 7 -1 11 -4 -3 10 -10 -2 -7 -14
right_child=3 8 4 -5 -6 12 -8 -9 9 -11 -12 -13 13 -15
leaf_value=-0.012602009736680358 -0.0076823960144922271 -0.0035469686606634221 -0.0021062632305812929 0.0049064811618392571 0.0029117552846233585 -0.0085143676969640248 0.0040162420055883238 -0.0085219104568519128 -0.00043204922274513272 0.0043005122401619583 0.0071639371520283044 0.00055996685381488876 -0.00060752248007078791 -0.0055838736038502498
leaf_weight=126.52918829768896 68.757546439766884 326.45387242734432 1532.8569136410952 1678.5093343257904 313.51153089106083 275.65544579178095 609.08786371350288 127.11823174357414 1842.7466434389353 297.67202924191952 88.515483811497688 1278.4839639216661 327.59093249589205 571.77193789184093
leaf_count=892 319 1444 7768 10576 1354 1935 3044 702 7845 1249 373 5699 1923 2869
internal_value=-3.72762e-06 -0.00187095 -0.00332784 0.00298928 -0.00173749 -0.00572181 0.00133501 -0.00262288 -1.52392e-07 0.000525202 -6.52693e-05 0.000110982 -0.00492898 -0.00378684
internal_weight=9465.26 5830.42 3275.03 3634.84 1973.49 1301.55 1956.33 1659.98 2555.39 2228.93 1931.26 1347.24 1175.02 899.363
internal_count=47992 28354 17443 19638 9824 7619 9062 8470 10911 9467 8218 6018 6727 4792
is_linear=0
shrinkage=0.02


Tree=115
num_leaves=15
num_cat=0
split_feature=4 20 6 9 20 7 3 6 18 18 24 7 11 21
split_gain=127.635 51.0973 33.0534 27.7164 22.1509 19.3769 16.4963 15.0104 14.4997 17.6924 10.7134 10.6361 10.7041 10.5833
threshold=133.50000000000003 5.2327036276522945 2.5000000000000004 1.0000000180025095e-35 7.0736481861738545 2.5000000000000004 59.100000000000009 1.5000000000000002 24.123494535776413 27.072754627384789 1.0000000180025095e-35 2.5000000000000004 20.786176581102236 1.5188598394622599
decision_type=2 2 2 2 2 2 2 2 2 2 2 2 2 2
left_child=1 7 3 4 6 -4 -3 -1 10 -10 -8 12 -2 -7
right_child=11 2 5 -5 -6 13 8 -9 9 -11 -12 -13 -14 -15
leaf_value=-0.0067765863617075296 -0.0046852699192113162 -0.0050433269853035608 0.0073216561129243419 -0.0072402811301898098 0.0013245366578719735 -0.0031906440560234388 -0.00084608730010528647 -0.00042448852704853583 -0.0041783825444790604 -0.00069384596427400289 0.0040044856882968062 0.00012359025378072327 0.0050492289835557666 0.0041521780610833028
leaf_weight=768.92467321455479 42.38738289475441 467.0735130161047 305.58247949182987 272.30507655441761 1487.2093185782433 163.99071450531483 379.08746802806854 185.93408387899399 816.65013560652733 2021.3253570348024 342.15095628798008 216.34630006551743 1842.6904892772436 141.6108118891716
leaf_count=5382 258 2293 1540 1242 6080 706 1911 878 3839 8789 1544 1293 11544 693
internal_value=-3.95065e-06 -0.00124702 -0.000600516 -0.00106894 -0.000757502 0.00380332 -0.00152774 -0.00555042 -0.0010594 -0.00170284 0.00146397 0.00433661 0.00481747 0.000217529
internal_weight=9453.27 7351.84 6396.99 5785.8 5513.5 611.184 4026.29 954.859 3559.21 2837.98 721.238 2101.42 1885.08 305.602
internal_count=47992 34897 28637 25698 24456 2939 18376 6260 16083 12628 3455 13095 11802 1399
is_linear=0
shrinkage=0.02


Tree=116
num_leaves=15
num_cat=0
split_feature=13 21 4 0 13 6 2 7 20 0 20 13 9 3
split_gain=123.104 41.3497 27.892 24.2292 20.287 18.5575 14.2352 12.6124 12.3287 14.6539 16.2859 12.304 11.486 11.4003
threshold=96.166666666666671 1.0306474256436637 149.50000000000003 60.703627652292958 92.500000000000014 1.5000000000000002 168.50000000000003 1.5000000000000002 5.5186310746064349 49.728952772073931 7.017056810403834 92.500000000000014 1.0000000180025095e-35 90.850000000000009
decision_type=2 2 2 2 2 2 2 2 2 2 2 2 2 2
left_child=1 11 5 4 6 8 -3 -7 -2 -10 -11 -1 -12 -6
right_child=2 3 -4 -5 13 7 -8 -9 9 10 12 -13 -14 -15
leaf_value=-0.010490392525833322 -0.0062111809888766561 -0.0046926040748412161 0.0058755724605047055 0.0021064769601280282 -0.00123340134030277 0.006004077194093395 -0.00029455997723618874 0.0010981682097758231 0.0048658244443863016 -0.0037290437862330002 0.0018669744440604199 -0.0039734771700324955 -0.0072014814061841324 0.0031161595607310071
leaf_weight=246.72694909572601 93.46665820479393 1221.9021757394075 926.04485587775707 719.71441274881363 2745.6217223256826 563.99874068796635 389.52941032499075 337.80400261282921 323.08120709657669 323.54331959784031 1000.6127863079309 235.26420928537846 54.206550493836403 259.2021512389183
leaf_count=1887 428 6282 6143 3003 12617 3010 1982 1787 1620 1386 4996 1439 268 1144
internal_value=-4.00182e-06 -0.0018059 0.00288771 -0.00129495 -0.0018274 0.00185197 -0.00363491 0.00418478 0.000670432 0.00106673 0.000160425 -0.00738699 0.00136729 -0.000852982
internal_weight=9440.72 5817.96 3622.76 5335.97 4616.26 2696.71 1611.43 901.803 1794.91 1701.44 1378.36 481.991 1054.82 3004.82
internal_count=47992 28354 19638 25028 22025 13495 8264 4797 8698 8270 6650 3326 5264 13761
is_linear=0
shrinkage=0.02


Tree=117
num_leaves=15
num_cat=0
split_feature=13 21 6 10 7 13 13 0 21 8 11 0 14 21
split_gain=118.588 48.3009 24.1922 21.9885 18.4486 17.0084 15.5101 13.9661 10.2832 10.1931 9.51445 9.44907 9.3747 12.3168
threshold=99.500000000000014 1.2037433987608426 2.5000000000000004 1.0000000180025095e-35 2.5000000000000004 84.833333333333357 105.83333333333336 54.295687885010274 1.481081109475552 1.0000000180025095e-35 21.792900166602593 64.099931553730343 1.6436507936507938 1.0242139001846218
decision_type=2 2 2 2 2 2 2 2 2 2 2 2 2 2
left_child=1 5 3 11 -4 10 -2 -5 -6 -7 -1 -3 -8 -14
right_child=6 2 4 7 8 9 12 -9 -10 -11 -12 -13 13 -15
leaf_value=-0.011851695742551238 0.001625074534680081 0.0013321082191283075 0.0077735998113053718 -0.0031290232186728397 -0.0044225111297045887 -0.0025483036787512618 0.0036133003908335255 -0.00062116090176059311 0.0036110616689445968 -0.0088570787962561851 -0.0054889977472674578 0.011898918462254918 -0.011439968942830765 0.0073268256189366124
leaf_weight=156.58439538627863 1124.6997191756964 928.34895399212837 229.17376288771629 1520.9813805222511 112.37573640048504 1002.6343455389142 1130.3674884289503 2139.1366396397352 134.44193042814732 111.03963313996792 274.7583806887269 30.333684384822845 9.9878466278314573 524.44601835310459
leaf_count=1092 5475 3990 1161 7414 477 5441 6985 9045 647 637 1910 127 65 3526
internal_value=-4.0622e-06 -0.00145802 -0.000516515 -0.00096045 0.00375227 -0.00454974 0.00345248 -0.00166671 -5.38568e-05 -0.00321589 -0.00791268 0.00172853 0.00467728 0.00686961
internal_weight=9429.31 6639.81 5094.79 4618.8 475.991 1545.02 2789.5 3660.12 246.818 1113.67 431.343 958.683 1664.8 534.434
internal_count=47992 31941 22861 20576 2285 9080 16051 16459 1124 6078 3002 4117 10576 3591
is_linear=0
shrinkage=0.02


Tree=118
num_leaves=15
num_cat=0
split_feature=13 21 4 0 13 6 16 13 20 0 20 3 3 6
split_gain=114.335 39.1478 26.1577 22.7579 19.3422 17.68 12.1512 11.8345 11.7539 14.1371 15.6767 11.3006 10.8905 9.21525
threshold=96.166666666666671 1.0306474256436637 149.50000000000003 60.703627652292958 92.500000000000014 1.5000000000000002 1.0000000180025095e-35 92.500000000000014 5.5186310746064349 49.728952772073931 6.5299247091033541 61.750000000000007 90.850000000000009 2.5000000000000004
decision_type=2 2 2 2 2 2 2 2 2 2 2 2 2 2
left_child=1 7 5 4 11 8 -7 -1 -2 -10 -11 -3 -6 -14
right_child=2 3 -4 -5 12 6 -8 -9 9 10 -12 -13 13 -15
leaf_value=-0.010262074605010815 -0.006091715949509512 -0.0070070980782771857 0.0056935568472372298 0.0020515247998476008 -0.0011830745839320972 0.0058574557855569807 0.0010368284985933355 -0.0038482036161946761 0.00475580160144045 -0.0075472982867350281 0.00071941585128846479 -0.0027032782043481165 0.0016147095207723504 0.013016287369305355
leaf_weight=243.80599120259285 93.317781805992126 301.07625529915094 919.5006802380085 719.32716374099255 2742.8315469920635 561.75119259953499 337.25767129659653 234.34358228743076 322.34692995250225 93.789928421378136 1283.0399256497622 1306.1666880175471 231.3322379887104 27.801260963082314
leaf_count=1887 428 1623 6143 3003 12617 3010 1787 1439 1620 402 6248 6641 1009 135
internal_value=-4.09937e-06 -0.00174163 0.00278794 -0.00124561 -0.00176227 0.00178583 0.00406698 -0.0071951 0.000632498 0.00101975 0.000129567 -0.00352996 -0.000810894 0.00306875
internal_weight=9417.69 5806.68 3611 5328.54 4609.21 2691.5 899.009 478.15 1792.49 1699.18 1376.83 1607.24 3001.97 259.133
internal_count=47992 28354 19638 25028 22025 13495 4797 3326 8698 8270 6650 8264 13761 1144
is_linear=0
shrinkage=0.02


Tree=119
num_leaves=15
num_cat=0
split_feature=17 21 0 6 4 8 6 10 24 20 0 1 11 0
split_gain=110.302 44.3167 25.6157 20.6704 16.9686 16.1084 13.6721 12.4295 11.1061 11.3202 9.26583 14.259 8.99873 8.6464
threshold=1.0000000180025095e-35 1.3986120722727871 41.356605065023963 2.5000000000000004 149.50000000000003 1.0000000180025095e-35 1.5000000000000002 1.0000000180025095e-35 1.0000000180025095e-35 5.7161943874058876 53.457905544147856 1.5000000000000002 26.997375176023933 49.115674195756334
decision_type=2 2 2 2 2 2 2 2 2 2 2 2 2 2
left_child=1 2 -1 7 13 8 -7 -3 9 -4 11 -9 -10 -2
right_child=4 3 5 -5 -6 6 -8 10 12 -11 -12 -13 -14 -15
leaf_value=-0.0088148423520340944 0.0048971724363743238 0.0022010484702627573 -0.0051802113176317296 0.0048290683499094718 0.0055054494207643235 -0.0095935714038536176 0.0016120294329818314 -0.005278855073494221 -0.0010606593903916984 -0.001811452576435779 -0.00030742715429332295 0.0021673510201869655 0.0048927198123539664 0.0015256090102826346
leaf_weight=279.17771348357201 377.75630040466785 609.71715433895588 625.36596459150314 343.34132814407349 922.47394679486752 202.97373305261135 53.070368811488152 385.48723788559437 912.48828093707561 1120.8014729917049 1778.8383152633905 136.04941453039646 109.17025247216225 1549.7696121037006
leaf_count=1966 2014 2539 3966 1710 6177 1148 242 1815 4306 5254 7460 625 521 8249
internal_value=-4.05534e-06 -0.0014321 -0.00306219 0.000224391 0.00327725 -0.00251675 -0.00727693 -0.000325547 -0.00206335 -0.00303042 -0.000999413 -0.00333048 -0.000401827 0.00219836
internal_weight=9406.48 6556.48 3303.05 3253.43 2850 3023.87 256.044 2910.09 2767.83 1746.17 2300.37 521.537 1021.66 1927.53
internal_count=47992 31552 17403 14149 16440 15437 1390 12439 14047 9220 9900 2440 4827 10263
is_linear=0
shrinkage=0.02


Tree=120
num_leaves=15
num_cat=0
split_feature=4 20 6 9 10 7 22 3 20 0 0 7 11 20
split_gain=106.616 44.0329 29.0275 26.5293 23.8835 17.6647 14.8164 14.629 13.6581 10.6546 14.7914 10.1846 10.327 9.86929
threshold=133.50000000000003 5.2327036276522945 2.5000000000000004 1.0000000180025095e-35 1.0000000180025095e-35 2.5000000000000004 1.5000000000000002 59.100000000000009 6.704257357973991 54.421629021218351 49.613963039014386 2.5000000000000004 20.786176581102236 7.6841067761806991
decision_type=2 2 2 2 2 2 2 2 2 2 2 2 2 2
left_child=1 6 3 4 13 -4 -1 8 -6 10 -9 12 -2 -3
right_child=11 2 5 -5 7 -7 -8 9 -10 -11 -12 -13 -14 -15
leaf_value=-0.0066427772601269225 -0.0048782653563696193 0.0013092608282925431 0.0069805977910412861 -0.0070313201690218544 -0.0073243278215173605 0.0001774140479034673 -0.00089020472730799109 0.00038421086528539174 -0.00068638917017027753 8.0038102724484635e-05 -0.0033537512668312692 -0.00012371521339057988 0.0046952916132100972 0.0079220046847063869
leaf_weight=697.04748153686523 42.148150518536568 1050.9076403230429 302.58470483124256 271.08688377588987 290.75241655111313 304.87324568629265 243.85076296329498 654.71789999306202 216.65825508534908 2008.126542031765 1184.2730862945318 214.61116454005241 1819.3349018245935 94.409570470452309
leaf_count=5064 258 4526 1540 1242 1519 1399 1196 3173 904 8414 5526 1293 11544 394
internal_value=-4.03089e-06 -0.00113929 -0.000541316 -0.000980194 -0.000675456 0.00359878 -0.0051666 -0.00135158 -0.00452827 -0.000926744 -0.00202444 0.0039905 0.00446497 0.00188816
internal_weight=9395.38 7319.29 6378.39 5770.93 5499.85 607.458 940.898 4354.53 507.411 3847.12 1838.99 2076.09 1861.48 1145.32
internal_count=47992 34897 28637 25698 24456 2939 6260 19536 2423 17113 8699 13095 11802 4920
is_linear=0
shrinkage=0.02


Tree=121
num_leaves=15
num_cat=0
split_feature=13 21 4 0 3 13 6 13 7 2 20 0 20 21
split_gain=102.891 36.2035 23.8902 20.9928 18.2288 17.3558 16.619 11.6152 11.5471 11.3891 11.0274 13.3738 14.7678 8.65918
threshold=96.166666666666671 1.0306474256436637 149.50000000000003 60.703627652292958 91.500000000000014 92.500000000000014 1.5000000000000002 92.500000000000014 1.5000000000000002 168.50000000000003 5.5186310746064349 49.728952772073931 6.5299247091033541 1.5226954287389152
decision_type=2 2 2 2 2 2 2 2 2 2 2 2 2 2
left_child=1 7 6 4 5 9 10 -1 -8 -3 -2 -12 -13 -5
right_child=2 3 -4 13 -6 -7 8 -9 -10 -11 11 12 -14 -15
leaf_value=-0.0099921283972379902 -0.0059430339406107736 -0.0047254293978826415 0.0054441021093122365 -0.0011421489490086828 0.0026181138611349191 -0.0010991845595125001 0.0056638014036713945 -0.0036121230130729356 0.00095755926493456612 -0.00051871858631205537 0.0045934295987332657 -0.0073707375873040661 0.00065941807436353372 0.0035065050589792872
leaf_weight=240.29719547182322 93.122619077563286 1149.901972681284 910.62830109894276 234.59891429543495 359.78592801094055 2753.7384733706713 558.63889871537685 232.44281557947397 336.55246309936047 334.4084749892354 321.08280593156815 93.628413036465645 1280.8540709018707 484.15955236554146
leaf_count=1887 428 5985 6143 969 1622 12689 3010 1439 1787 1729 1620 402 6248 2034
internal_value=-4.05744e-06 -0.00165401 0.00265142 -0.00117844 -0.00167566 -0.0020433 0.00169477 -0.00692995 0.00391183 -0.00378394 0.000576267 0.000951913 8.62289e-05 0.00198904
internal_weight=9383.84 5789.33 3594.51 5316.59 4597.83 4238.05 2683.88 472.74 895.191 1484.31 1788.69 1695.57 1374.48 718.758
internal_count=47992 28354 19638 25028 22025 20403 13495 3326 4797 7714 8698 8270 6650 3003
is_linear=0
shrinkage=0.02


Tree=122
num_leaves=15
num_cat=0
split_feature=17 0 6 9 3 10 4 0 20 20 0 11 0 11
split_gain=99.0306 41.5887 34.3086 27.1777 24.324 17.442 15.5395 12.5863 13.1742 12.5204 12.4794 12.1417 8.86853 8.49475
threshold=1.0000000180025095e-35 41.356605065023963 2.5000000000000004 1.0000000180025095e-35 59.100000000000009 1.0000000180025095e-35 149.50000000000003 49.553730321697479 6.8638603696098572 6.0762217659137585 54.295687885010274 32.83508081121655 62.872005475701584 34.93322733432624
decision_type=2 2 2 2 2 2 2 2 2 2 2 2 2 2
left_child=1 -1 3 4 9 12 -2 -4 11 -3 -7 -9 -6 -5
right_child=6 2 7 13 5 10 -8 8 -10 -11 -12 -13 -14 -15
leaf_value=-0.0086693872925067937 0.0020825374180403473 -0.0077241112307445065 0.011672731139433463 -0.0087450769639004396 0.0011577669398418727 -0.0023857464949814575 0.0052591528362857277 -0.0031083735465374956 0.0056575332810355726 -0.0022786336778131437 -8.2648562866080336e-05 0.009455211566412141 0.008338976956849372 0.0049153795370569528
leaf_weight=292.21322643011808 1920.9629720449448 296.44307949393988 66.595891013741493 238.57512597739697 926.24817276000977 1935.0069531723857 913.72790050506592 181.38578103482723 250.45649954676628 401.59152269363403 1832.0090871751308 31.864097341895103 69.754081279039383 16.359488472342491
leaf_count=2051 10263 1921 295 1178 4147 9910 6177 789 1284 1761 7702 154 290 70
internal_value=-4.10079e-06 -0.00135785 -0.00100882 -0.00146139 -0.00115906 -0.000645268 0.00311464 0.00383367 0.00259108 -0.00463256 -0.00126781 -0.00104833 0.00170184 -0.00778309
internal_weight=9373.19 6538.5 6246.29 5715.99 5461.05 4763.02 2834.69 530.302 463.706 698.035 3767.02 213.25 996.002 254.935
internal_count=47992 31552 29501 26979 25731 22049 16440 2522 2227 3682 17612 943 4437 1248
is_linear=0
shrinkage=0.02


Tree=123
num_leaves=15
num_cat=0
split_feature=4 21 13 13 6 10 8 11 21 2 11 23 21 0
split_gain=95.6509 33.2109 22.2649 21.1163 19.2836 16.362 12.323 11.4853 11.1636 11.2451 10.6615 10.0361 9.49439 9.49271
threshold=128.50000000000003 0.97037627849649521 92.500000000000014 105.83333333333336 1.5000000000000002 1.0000000180025095e-35 1.0000000180025095e-35 20.576743343951694 1.1309119749760661 162.50000000000003 43.283037195056544 1.5000000000000002 2.2964526082413825 61.800136892539363
decision_type=2 2 2 2 2 2 2 2 2 2 2 2 2 2
left_child=1 -1 8 6 5 -4 7 -2 -3 -10 13 12 -7 -9
right_child=3 2 4 -5 -6 11 -8 10 9 -11 -12 -13 -14 -15
leaf_value=-0.0083694883987471113 -0.0084817373194401285 -0.0065994369930056839 0.0018039292807942083 0.0042627934497674307 0.0026990830394288045 -0.0016969986772234359 -0.0035956188704879158 0.0015175371722208784 -0.0041174109409683182 -0.00065440636179799007 -0.0092053507067266244 -0.0096854363203674066 0.0094954626681896942 0.0057269058719716512
leaf_weight=269.18674277514219 38.303840279579163 295.1866448149085 642.84825398027897 1633.3180964440107 671.38194745779037 2382.6588068902493 191.33436788618565 1370.9296929985285 731.49065712839365 772.1926347464323 28.628989204764366 57.689469262957573 25.754307493567467 251.41214287281036
leaf_count=1985 174 2005 2849 10547 2927 11079 884 6358 3631 3780 136 295 105 1237
internal_value=-3.85774e-06 -0.00157065 -0.00123506 0.00260178 -0.000361585 -0.00102645 0.00115065 0.00169843 -0.00306347 -0.00234843 0.00196073 -0.00176723 -0.00155706 0.00218668
internal_weight=9362.32 5848.39 5579.2 3513.93 3780.33 3108.95 1880.61 1689.27 1798.87 1503.68 1650.97 2466.1 2408.41 1622.34
internal_count=47992 28656 26671 19336 17255 14328 8789 7905 9416 7411 7731 11479 11184 7595
is_linear=0
shrinkage=0.02


Tree=124
num_leaves=15
num_cat=0
split_feature=4 20 6 9 10 7 6 3 20 7 11 14 0 0
split_gain=92.2625 38.8895 26.1418 24.5125 21.7956 16.7816 13.6197 13.247 12.7023 9.82144 9.91808 9.62686 9.61284 14.1158
threshold=133.50000000000003 5.2327036276522945 2.5000000000000004 1.0000000180025095e-35 1.0000000180025095e-35 2.5000000000000004 1.5000000000000002 59.100000000000009 6.704257357973991 2.5000000000000004 20.786176581102236 2.2875939849624065 54.421629021218351 49.613963039014386
decision_type=2 2 2 2 2 2 2 2 2 2 2 2 2 2
left_child=1 6 3 4 -3 -4 -1 8 -6 10 -2 -12 13 -9
right_child=9 2 5 -5 7 -7 -8 12 -10 -11 11 -13 -14 -15
leaf_value=-0.0060627691281527887 -0.00495718565385821 0.001826168483449268 0.006749121175454488 -0.0067477609606629053 -0.0070170937713010762 0.00010548451899367522 0 0.00044377396205942367 -0.00060304704676195249 -0.0003160494158947403 0.0045768961429975301 -0.0091278586620270972 8.9864751761422338e-05 -0.0032116995155785119
leaf_weight=746.19183064252138 42.043955102562904 1144.6519504189491 300.57336574792862 269.67091656476259 288.08567494899035 304.33242575824261 183.91403214633465 653.40976893901825 216.46326333284378 213.37135560810566 1785.7910070568323 16.176198601722717 2006.795023933053 1180.756421148777
leaf_count=5382 258 4920 1540 1242 1519 1399 878 3173 904 1293 11452 92 8414 5526
internal_value=-4.08608e-06 -0.00105961 -0.000499307 -0.0009158 -0.000623098 0.00343821 -0.00486846 -0.00127008 -0.00430216 0.003731 0.00419996 0.00442785 -0.000866186 -0.00191071
internal_weight=9352.23 7294.84 6364.74 5759.83 5490.16 604.906 930.106 4345.51 504.549 2057.38 1844.01 1801.97 3840.96 1834.17
internal_count=47992 34897 28637 25698 24456 2939 6260 19536 2423 13095 11802 11544 17113 8699
is_linear=0
shrinkage=0.02


Tree=125
num_leaves=15
num_cat=0
split_feature=13 21 4 18 3 13 6 13 7 2 9 21 13 11
split_gain=89.1418 32.4153 21.4253 19.2183 17.2158 15.7408 15.4613 11.2232 11.0074 10.8066 8.24877 8.1581 7.93632 7.718
threshold=96.166666666666671 1.0306474256436637 149.50000000000003 36.849304176440519 91.500000000000014 92.500000000000014 1.5000000000000002 92.500000000000014 1.5000000000000002 168.50000000000003 1.0000000180025095e-35 1.5226954287389152 103.16666666666667 20.786176581102236
decision_type=2 2 2 2 2 2 2 2 2 2 2 2 2 2
left_child=1 7 6 4 5 9 10 -1 -8 -3 12 -5 -2 -14
right_child=2 3 -4 11 -6 -7 8 -9 -10 -11 -12 -13 13 -15
leaf_value=-0.0096179633272050775 -0.00052723496268550077 -0.0045122546644254828 0.0051386492871240627 -0.0011018736392135664 0.0026043344557830244 -0.0010297509708466896 0.005433679717177212 -0.003310777006344814 0.00083009004470127536 -0.00040870116820040611 -0.0048290876498580416 0.0034121954307688635 -0.0091975286327208357 0.0025263813642971396
leaf_weight=235.56841965019703 844.56860087811947 1143.3104076236486 899.88334402441978 234.43616795539856 359.28888322412968 2748.4203298985958 554.85676272213459 230.01755937933922 335.40469533205032 333.39036977291107 104.4342824369669 483.52074806392193 18.211895674467087 816.17053538560867
leaf_count=1887 3804 5985 6143 969 1622 12689 3010 1439 1787 1729 501 2034 94 4299
internal_value=-4.27015e-06 -0.00154187 0.00247566 -0.00109381 -0.00157065 -0.00192881 0.0015707 -0.0065745 0.00371584 -0.00359166 0.000491341 0.00193801 0.000836827 0.00221484
internal_weight=9341.48 5767.95 3573.53 5302.37 4584.41 4225.12 2673.65 465.586 890.261 1476.7 1783.39 717.957 1678.95 834.382
internal_count=47992 28354 19638 25028 22025 20403 13495 3326 4797 7714 8698 3003 8197 4393
is_linear=0
shrinkage=0.02


Tree=126
num_leaves=15
num_cat=0
split_feature=4 21 22 0 4 8 0 9 11 2 0 20 0 0
split_gain=85.7184 30.8582 20.6677 27.1376 19.0644 16.1574 13.0978 12.4342 11.2953 11.2484 13.7235 11.122 10.1567 11.4586
threshold=128.50000000000003 0.97037627849649521 1.5000000000000002 52.031485284052032 140.50000000000003 1.0000000180025095e-35 61.553730321697479 1.0000000180025095e-35 23.904146550979281 177.50000000000003 49.115674195756334 5.5428747433264896 49.82203969883642 43.804243668720062
decision_type=2 2 2 2 2 2 2 2 2 2 2 2 2 2
left_child=1 -1 3 7 6 -5 9 12 -7 10 11 -2 13 -3
right_child=4 2 -4 5 -6 8 -8 -9 -10 -11 -12 -13 -14 -15
leaf_value=-0.00808644628474736 -0.0021712445783939531 -0.0055876708699935723 0.0009670033319158027 -0.00016546718220484708 0.0048976145997177761 -0.014060693047759039 0.0047726143772850666 -0.011845981676696741 -0.0029104714376983728 -0.0047582190284189523 0.00042550392937367311 0.0059685319289322957 -0.0058360902595061652 -0.00097558239223631213
leaf_weight=265.66442333906889 79.696575134992599 302.54934364557266 1365.9276891648769 2422.9788071140647 940.77515855431557 49.350105606019497 420.65927849709988 71.190871216356754 123.02892461419106 125.89547057449818 1582.3375061452389 349.24065047502518 497.95281976461411 734.3312199935317
leaf_count=1985 347 2154 6086 10565 6407 249 2182 443 539 628 7957 1815 2553 4082
internal_value=-4.35442e-06 -0.00148873 -0.00116657 -0.00186102 0.00246847 -0.000593217 0.00156643 -0.00390037 -0.00642029 0.000924758 0.00129239 0.00444396 -0.00349326 -0.00234361
internal_weight=9331.58 5832.97 5567.31 4201.38 3498.6 2595.36 2557.83 1606.02 172.379 2137.17 2011.27 428.937 1534.83 1036.88
internal_count=47992 28656 26671 20585 19336 11353 12929 9232 788 10747 10119 2162 8789 6236
is_linear=0
shrinkage=0.02


Tree=127
num_leaves=15
num_cat=0
split_feature=4 21 0 9 6 0 0 3 20 7 11 11 21 11
split_gain=82.8206 36.5187 24.6219 21.3359 18.2753 16.1369 15.6848 14.9996 10.1672 9.54012 9.52708 10.0399 9.42632 9.28156
threshold=133.50000000000003 1.5226954287389152 41.356605065023963 1.0000000180025095e-35 1.5000000000000002 61.969883641341553 49.553730321697479 59.100000000000009 6.2315400410677624 1.5000000000000002 30.840473245365903 30.119388744327225 1.1215634976316549 26.574254369555586
decision_type=2 2 2 2 2 2 2 2 2 2 2 2 2 2
left_child=1 2 -1 4 7 10 -6 8 -4 -2 11 -3 -11 -5
right_child=9 5 3 13 6 -7 -8 -9 -10 12 -12 -13 -14 -15
leaf_value=-0.007521267058967873 0.0042499456970259558 -0.00054457503600983351 -0.0074936408377903841 -0.010481304104080614 0.0058675823771883583 0.0041149417756893457 -0.00040592118227932716 -0.0013376296789236659 -0.0023313590463345645 -0.012903396098913838 0.0014110190773671569 -0.0067554533368024833 0.0014956823880129307 -0.00099875715025500101
leaf_weight=302.09079662710428 1615.1852505654097 830.36079667508602 287.71936959773302 147.1732437685132 222.36145849525928 504.65748649835587 529.79483556747437 2861.7686582282186 336.07760880887508 14.01067331433296 1082.6159136593342 114.40718658268452 414.97679734230042 58.882190957665443
leaf_count=2116 10399 3573 1894 768 1015 2161 2357 14016 1459 87 4743 506 2609 289
internal_value=-4.72322e-06 -0.00100435 -0.00203855 -0.00165735 -0.00134593 0.000933486 0.00147259 -0.00195595 -0.00475624 0.00354707 0.000132396 -0.00133039 0.000877559 -0.00786891
internal_weight=9322.08 7277.91 4745.87 4443.78 4237.72 2532.04 752.156 3485.57 623.797 2044.17 2027.38 944.768 428.987 206.055
internal_count=47992 34897 23914 21798 20741 10983 3372 17369 3353 13095 8822 4079 2696 1057
is_linear=0
shrinkage=0.02


Tree=128
num_leaves=15
num_cat=0
split_feature=13 21 4 0 13 6 13 7 20 0 20 19 9 21
split_gain=80.3079 29.6726 19.5623 17.6903 15.8904 14.6761 10.994 10.4708 9.53503 12.5889 13.3664 8.64387 7.55469 7.47085
threshold=96.166666666666671 1.0306474256436637 149.50000000000003 60.703627652292958 92.500000000000014 1.5000000000000002 92.500000000000014 1.5000000000000002 5.5186310746064349 49.728952772073931 6.5299247091033541 11.614163822732449 1.0000000180025095e-35 1.5226954287389152
decision_type=2 2 2 2 2 2 2 2 2 2 2 2 2 2
left_child=1 6 5 4 -3 8 -1 -7 -2 -10 -11 -6 -12 -5
right_child=2 3 -4 13 11 7 -8 -9 9 10 12 -13 -14 -15
leaf_value=-0.0093455635019017366 -0.0056375738570206505 -0.0031097264607108676 0.004912022269147426 -0.0010379135622141254 -0.00094524746840610294 0.0052652225656606667 -0.0030774775147705915 0.00077000118183581255 0.0043353067739144635 -0.0071547624670363187 0.0008732240558841425 0.0030682450265817444 -0.0057324060570267824 0.0032828552433833355
leaf_weight=232.17056484520435 92.655733898282051 1588.7651961073279 892.01946404576302 234.36656650900841 2759.5894512981176 552.32105745375156 228.17533709108829 334.90891632437706 318.80187663435936 93.352101281285286 1206.6498731374741 227.67597812414169 68.433425262570381 483.07284031808376
leaf_count=1887 428 8264 6143 969 12766 3010 1439 1787 1620 402 5917 995 331 2034
internal_value=-5.01911e-06 -0.00146553 0.00235428 -0.00103835 -0.00149649 0.0014905 -0.00630947 0.00358445 0.000438483 0.000789006 -4.84874e-05 -0.000634073 0.000496133 0.0018712
internal_weight=9312.96 5753.82 3559.14 5293.47 4576.03 2667.12 460.346 887.23 1779.89 1687.24 1368.44 2987.27 1275.08 717.439
internal_count=47992 28354 19638 25028 22025 13495 3326 4797 8698 8270 6650 13761 6248 3003
is_linear=0
shrinkage=0.02


Tree=129
num_leaves=15
num_cat=0
split_feature=13 21 13 4 6 6 11 8 21 7 21 20 3 23
split_gain=77.2292 28.8846 20.2025 18.907 14.2017 14.1406 11.9369 11.3695 11.8414 10.1016 9.70461 9.18232 8.66674 8.50467
threshold=96.166666666666671 0.97037627849649521 92.500000000000014 149.50000000000003 1.5000000000000002 1.5000000000000002 38.196169316682507 1.0000000180025095e-35 1.6789033534095226 1.5000000000000002 1.1309119749760661 5.5186310746064349 64.600000000000009 1.0000000180025095e-35
decision_type=2 2 2 2 2 2 2 2 2 2 2 2 2 2
left_child=1 -1 10 5 6 11 7 13 12 -7 -3 -2 -9 -4
right_child=3 2 4 -5 -6 9 -8 8 -10 -11 -12 -13 -14 -15
leaf_value=-0.0079072008554094617 -0.0055369340471498928 -0.0060694301015379801 -0.0012710206102566452 0.0048297367979052023 0.0024888609104044288 0.0051728247043136867 0.0074217998642541454 -0.016917859463138323 0.005416914170155088 0.00075508406984982769 -0.0021533227506987667 0.00077309019882869313 -0.0051607985288960722 0.0014110971822618788
leaf_weight=258.64051037281752 92.545063570141792 299.62801457196474 2082.1379843354225 889.18669135868549 625.13958510756493 551.04525251686573 63.710688561201096 28.498296931385994 29.588087856769562 334.79467302560806 1613.0139041468501 1686.5098408013582 142.5423206537962 606.31950110197067
leaf_count=1960 428 2045 9710 6143 2743 3010 272 149 122 1787 7917 8270 728 2708
internal_value=-5.06879e-06 -0.00143762 -0.00112558 0.00231048 -0.000236865 0.00146166 -0.000817839 -0.00101274 -0.00554784 0.00351904 -0.00278208 0.000429129 -0.00755596 -0.000663892
internal_weight=9303.3 5749.22 5490.58 3554.08 3577.94 2664.89 2952.8 2889.09 200.629 885.84 1912.64 1779.05 171.041 2688.46
internal_count=47992 28354 26394 19638 16432 13495 13689 13417 999 4797 9962 8698 877 12418
is_linear=0
shrinkage=0.02


Tree=130
num_leaves=15
num_cat=0
split_feature=17 0 6 9 3 7 0 4 0 24 0 20 0 3
split_gain=74.5053 35.5518 29.4131 24.1597 20.3356 19.1707 12.758 12.2933 12.136 13.6058 11.1696 10.5733 9.95337 8.41996
threshold=1.0000000180025095e-35 41.356605065023963 2.5000000000000004 1.0000000180025095e-35 59.100000000000009 2.5000000000000004 54.202600958247778 149.50000000000003 49.408624229979473 1.0000000180025095e-35 61.244353182751546 6.0762217659137585 50.646132785763179 79.970000000000013
decision_type=2 2 2 2 2 2 2 2 2 2 2 2 2 2
left_child=1 -1 3 4 11 12 8 -2 9 -6 -7 -3 -4 -11
right_child=7 2 5 -5 6 10 -8 -9 -10 13 -12 -13 -14 -15
leaf_value=-0.008038524959271702 0.0018033946355611556 -0.0070860874458745513 0.015290093742788316 -0.0072796268690376734 -0.0017969997160824653 -0.0017073622750569926 0.00051673797574273354 0.0046549191024172808 -0.002787502979747768 0.00073952599275843773 0.0089583429354004249 -0.0020408810460388906 0.0053390699383402285 0.0066906966327629136
leaf_weight=284.04908514022827 1904.7064566612244 288.76236460357904 50.175474986433983 251.6449418514967 612.95607927441597 237.36928531527519 2354.4624805599451 892.65038432180882 1364.3356010913849 269.2403052970767 41.869581937789917 399.87086975574493 198.00410713255405 144.05760595202446
leaf_count=2051 10263 1921 231 1248 3567 1054 9878 6177 6481 1455 210 1761 1027 668
internal_value=-5.15021e-06 -0.00118034 -0.000860248 -0.00128048 -0.000995844 0.0036354 -0.000527186 0.00272073 -0.0015551 8.69235e-05 1.42894e-05 -0.00419518 0.00762104 0.00287381
internal_weight=9294.15 6496.8 6212.75 5685.33 5433.69 527.418 4745.05 2797.36 2390.59 1026.25 279.239 688.633 248.18 413.298
internal_count=47992 31552 29501 26979 25731 2522 22049 16440 12171 5690 1264 3682 1258 2123
is_linear=0
shrinkage=0.02


Tree=131
num_leaves=15
num_cat=0
split_feature=13 21 13 4 6 6 10 0 3 7 0 8 3 0
split_gain=71.7266 27.2999 19.2904 17.6123 13.4714 13.3255 11.8425 11.4182 10.1002 9.7001 9.3251 9.07407 8.80876 8.45532
threshold=96.166666666666671 0.97037627849649521 92.500000000000014 149.50000000000003 1.5000000000000002 1.5000000000000002 1.0000000180025095e-35 55.292265571526364 100.50000000000001 1.5000000000000002 55.957563312799458 1.0000000180025095e-35 67.950000000000017 49.728952772073931
decision_type=2 2 2 2 2 2 2 2 2 2 2 2 2 2
left_child=1 -1 7 4 -2 6 -4 -3 11 -6 -9 -8 -13 -7
right_child=3 2 5 -5 9 13 8 10 -10 -11 -12 12 -14 -15
leaf_value=-0.0077055670942408764 0.00040387070578087474 -0.0040170643609928301 0.0016783284982108584 0.0046702103316873791 0.005046981680032976 0.0070140453312732415 -0.0012765153406681059 0.0045491510980856138 0.0068309689432416373 0.00071418155531334949 -0.0017202574659604287 -0.014219394546916037 -0.0033308431283722434 0.0012344500924673198
leaf_weight=256.26492864638567 1777.7806858718395 1107.1797604039311 615.57097844779491 883.72488890588284 549.19692160189152 123.38418206572533 2118.4008040875196 104.75268861651421 52.843304678797722 334.44244885444641 696.63324508816004 36.301714293658733 126.86878857761621 501.23822791874409
leaf_count=1960 8698 6395 2739 6143 3010 533 9892 489 231 1787 3078 195 632 2210
internal_value=-4.91059e-06 -0.00138632 -0.00108386 0.00222977 0.00141143 -0.000215389 -0.00077849 -0.00270459 -0.00142939 0.00342259 -0.00087515 -0.00163611 -0.00611593 0.00242593
internal_weight=9284.58 5739.44 5483.17 3545.14 2661.42 3574.61 2949.99 1908.57 2334.41 883.639 801.386 2281.57 163.171 624.622
internal_count=47992 28354 26394 19638 13495 16432 13689 9962 10950 4797 3567 10719 827 2743
is_linear=0
shrinkage=0.02


Tree=132
num_leaves=15
num_cat=0
split_feature=4 13 6 21 10 23 21 18 7 3 7 11 14 11
split_gain=69.3455 33.4604 25.7393 22.9521 17.8602 17.2492 11.4054 11.0851 10.008 9.65883 9.10909 9.51205 9.11571 8.81665
threshold=133.50000000000003 92.500000000000014 1.5000000000000002 1.1309119749760661 1.0000000180025095e-35 1.0000000180025095e-35 1.4481673063303659 31.153360027847004 1.5000000000000002 98.500000000000014 2.5000000000000004 20.786176581102236 2.2875939849624065 22.778247647520264
decision_type=2 2 2 2 2 2 2 2 2 2 2 2 2 2
left_child=1 3 4 -1 6 7 -3 -6 13 -9 11 -2 -13 -4
right_child=10 2 8 -5 5 -7 -8 9 -10 -11 -12 12 -14 -15
leaf_value=-0.0071435834329194219 -0.0052651890294390311 -0.00025445085594056374 -0.0023871223302538349 -0.0019695193592527182 -0.0020420751931221242 -0.005701983422407522 0.0043759710226589747 7.1059985814771651e-05 0.00039698635201353529 0.0088069661938992277 -0.00064522617205510112 0.0040956103780546652 -0.0092371725673991087 0.005105831276075121
leaf_weight=434.85584261268377 41.661897376179695 484.10021111369133 67.317133828997612 1598.7148145064712 1656.4810228571296 339.18317490816116 372.87959623336792 1231.6623250991106 457.20157334208488 47.824098408222198 211.2386666238308 1754.9201101064682 16.110758781433105 561.9270186573267
leaf_count=3227 258 2261 298 7863 8148 1628 1531 5104 2055 195 1293 11452 92 2587
internal_value=-4.80832e-06 -0.000918868 -6.96207e-05 -0.00309172 -0.000790683 -0.00146344 0.00177166 -0.000964231 0.00266206 0.000432155 0.00326366 0.00372079 0.00394753 0.00428858
internal_weight=9276.08 7252.15 5218.58 2033.57 4132.13 3275.15 856.98 2935.97 1086.45 1279.49 2023.93 1812.69 1771.03 629.244
internal_count=47992 34897 23807 11090 18867 15075 3792 13447 4940 5299 13095 11802 11544 2885
is_linear=0
shrinkage=0.02


Tree=133
num_leaves=15
num_cat=0
split_feature=4 21 22 20 13 2 1 8 3 9 11 11 11 21
split_gain=66.7449 25.6216 17.6109 21.1416 15.8191 15.2576 13.0268 11.2866 11.233 11.0338 10.5765 10.5339 8.36941 8.09983
threshold=128.50000000000003 0.97037627849649521 1.5000000000000002 6.3825188227241627 105.83333333333336 159.50000000000003 1.5000000000000002 1.0000000180025095e-35 84.950000000000017 1.0000000180025095e-35 21.675032416684108 43.283037195056544 38.196169316682507 1.481081109475552
decision_type=2 2 2 2 2 2 2 2 2 2 2 2 2 2
left_child=1 -1 3 5 7 -3 12 10 -8 -7 -2 -12 -5 -11
right_child=4 2 -4 6 -6 9 8 -9 -10 13 11 -13 -14 -15
leaf_value=-0.0074234938230630081 -0.0053676435210346877 -0.0061027136021355325 0.0009443131325684147 0.0006159313552628775 0.0036476458274898398 -0.0017183737732537647 -0.0035708323270174491 -0.0036175977435591446 0.0028421177128285921 -0.012149634308741428 0.002057318541936018 -0.009282492366454273 0.0096315617753248775 0.0041039893944776976
leaf_weight=257.64435613155365 81.2728161662817 506.19912959635258 1363.0581517666578 1331.4262275844812 1597.4931742995977 1506.3679776340723 593.8206902295351 190.39014536142349 129.33826158940792 62.489559024572372 1568.9467645287514 28.539358466863632 37.596593216061592 12.185479879379271
leaf_count=1985 373 2899 6086 5635 10547 8369 2534 884 537 399 7396 136 152 60
internal_value=-4.85189e-06 -0.00131697 -0.00102631 -0.00166984 0.00218864 -0.00309154 -0.000246552 0.000934214 -0.00240948 -0.00210999 0.00146084 0.00182515 0.000899125 -0.00938116
internal_weight=9266.77 5800.13 5542.48 4179.42 3466.64 2087.24 2092.18 1869.15 723.159 1581.04 1678.76 1597.49 1369.02 74.675
internal_count=47992 28656 26671 20585 19336 11727 8858 8789 3071 8828 7905 7532 5787 459
is_linear=0
shrinkage=0.02


Tree=134
num_leaves=15
num_cat=0
split_feature=4 13 6 21 10 23 21 0 16 3 16 21 3 0
split_gain=64.3122 31.696 24.2537 21.945 17.1496 16.3279 10.7999 10.39 9.62483 9.21612 8.93422 9.01146 8.87886 9.8531
threshold=133.50000000000003 92.500000000000014 1.5000000000000002 1.0242139001846218 1.0000000180025095e-35 1.0000000180025095e-35 1.4481673063303659 55.815195071868594 1.0000000180025095e-35 98.500000000000014 1.0000000180025095e-35 1.1215634976316549 61.750000000000007 55.292265571526364
decision_type=2 2 2 2 2 2 2 2 2 2 2 2 2 2
left_child=1 3 4 -1 6 7 -3 -6 -4 -9 -2 -12 -5 -14
right_child=10 2 8 12 5 -7 -8 9 -10 -11 11 -13 13 -15
leaf_value=-0.0089765743559940183 0.0038358194957796056 -0.00022050444780146499 0.0041898169832153163 -0.0051306092325982613 -0.0019780138792949691 -0.0055487431567576607 0.0042865463157490975 6.5598769491003297e-05 0.0003725747927698788 0.0086022323087191939 -0.012910280630671881 0.0011724848718137585 -0.0029635232135674029 0.00034997286897766195
leaf_weight=215.23032796382904 1591.3541271984577 483.70690551400185 628.68543380498886 346.89060746878386 1653.9052654877305 338.2286469861865 372.78430853784084 1231.5350369513035 457.06944926083088 47.782127231359482 14.002661511301993 410.60436169803143 851.63922724872828 614.54845376312733
leaf_count=1812 10399 2261 2885 1866 8148 1628 1531 5104 2055 195 87 2609 4724 2688
internal_value=-5.04616e-06 -0.000885059 -5.86079e-05 -0.00300307 -0.000759033 -0.00141881 0.00175234 -0.000933278 0.00259378 0.000418245 0.00314963 0.000558557 -0.00227012 -0.00157685
internal_weight=9257.97 7242.01 5213.7 2028.31 4127.94 3271.45 856.491 2933.22 1085.75 1279.32 2015.96 424.607 1813.08 1466.19
internal_count=47992 34897 23807 11090 18867 15075 3792 13447 4940 5299 13095 2696 9278 7412
is_linear=0
shrinkage=0.02


Tree=135
num_leaves=15
num_cat=0
split_feature=17 0 6 3 7 10 23 4 0 20 0 0 0 0
split_gain=62.1231 32.7092 26.5242 20.8968 18.0133 15.6239 14.992 10.9237 10.7937 10.3153 9.80426 9.36274 8.9504 8.61018
threshold=1.0000000180025095e-35 41.356605065023963 2.5000000000000004 59.100000000000009 2.5000000000000004 1.0000000180025095e-35 1.5000000000000002 149.50000000000003 61.244353182751546 6.0762217659137585 50.646132785763179 62.872005475701584 54.295687885010274 49.115674195756334
decision_type=2 2 2 2 2 2 2 2 2 2 2 2 2 2
left_child=1 -1 3 9 10 11 12 13 -6 -3 -4 -5 -7 -2
right_child=7 2 4 5 8 6 -8 -9 -10 -11 -12 -13 -14 -15
leaf_value=-0.0077086311112017107 0.0043471093908631891 -0.0072110960908124177 0.015013431447382484 0.00092810153243211681 -0.0016924475438953542 -0.002021420530062999 -0.0086970699546547632 0.004331111471483658 0.0088104866943761097 -0.002280085094040909 0.0051197751428145094 0.008200958032393459 -8.6591572495238334e-05 0.00095682008673927466
leaf_weight=279.72130642831326 370.28526416420937 295.1442806571722 49.796567633748055 959.16075255721807 237.30092470347881 1960.0357568562031 101.43810594081879 881.56938573718071 41.67912121117115 410.87987910211086 196.7365897744894 71.781839892268181 1868.3724946677685 1524.8084501177073
leaf_count=2051 2014 2000 231 4312 1054 10156 520 6177 210 1816 1027 300 7875 8249
internal_value=-5.10898e-06 -0.00107893 -0.000773149 -0.00117285 0.00350362 -0.000711983 -0.00128698 0.00249455 0 -0.00438046 0.00738483 0.00147356 -0.00107904 0.00163
internal_weight=9248.71 6472.05 6192.33 5666.81 525.513 4960.79 3929.85 2776.66 278.98 706.024 246.533 1030.94 3828.41 1895.09
internal_count=47992 31552 29501 26979 2522 23163 18551 16440 1264 3816 1258 4612 18031 10263
is_linear=0
shrinkage=0.02


Tree=136
num_leaves=15
num_cat=0
split_feature=4 0 3 11 4 3 0 0 20 23 0 0 22 0
split_gain=59.939 24.1682 18.3777 15.4252 14.2844 13.4343 16.2806 11.3058 11.1745 9.94344 9.83354 9.05747 8.05175 10.6013
threshold=128.50000000000003 41.356605065023963 59.100000000000009 20.786176581102236 140.50000000000003 91.500000000000014 62.872005475701584 61.553730321697479 6.2116906228610551 1.5000000000000002 49.115674195756334 46.125941136208084 1.5000000000000002 52.031485284052032
decision_type=2 2 2 2 2 2 2 2 2 2 2 2 2 2
left_child=1 -1 8 -2 7 6 9 10 -3 12 11 -5 13 -4
right_child=3 2 5 4 -6 -7 -8 -9 -10 -11 -12 -13 -14 -15
leaf_value=-0.0071346011598190729 -0.0062127321051445384 -0.0065383591619255586 -0.002885655147091461 0.0014541190297767935 0.0044481305796526087 0.0030071729360664004 0.0038390654005445242 0.0045355039942674745 -0.0014681421267259465 -0.0061986491857091318 0.00016297828443517033 0.0074766671246474167 0.0006740024634603294 -0.00049142652524281126
leaf_weight=261.49714367836714 82.727709501981735 342.658023416996 1229.7304493263364 302.4404334127903 897.47138124704361 391.03948225826025 274.18158663809299 405.31239756941795 357.8597082644701 145.71521860361099 1618.4500182271004 147.48801749944687 924.90951782464981 1858.1072075590491
leaf_count=1990 435 2243 6968 1532 6284 1732 1148 2127 1578 746 8202 756 4106 8145
internal_value=-4.81302e-06 -0.00124933 -0.00096418 0.00207812 0.00229107 -0.000522151 -0.000836989 0.00150027 -0.00397983 -0.00115002 0.000895034 0.0034932 -0.000958703 -0.0014487
internal_weight=9239.59 5785.7 5524.2 3453.89 3371.16 4823.68 4432.64 2473.69 700.518 4158.46 2068.38 449.928 4012.75 3087.84
internal_count=47992 28656 26666 19336 18901 22845 21113 12617 3821 19965 10490 2288 19219 15113
is_linear=0
shrinkage=0.02


Tree=137
num_leaves=15
num_cat=0
split_feature=4 0 15 8 20 11 0 20 3 10 0 7 21 11
split_gain=57.7965 28.779 21.7099 20.9692 18.4321 16.4306 16.009 15.2097 11.8885 9.80084 8.69359 8.68635 8.67385 8.43299
threshold=133.50000000000003 41.356605065023963 1.0000000180025095e-35 1.0000000180025095e-35 6.1783025325119789 26.563422373081465 48.491444216290219 7.3058179329226567 55.100000000000009 1.0000000180025095e-35 49.321013004791247 1.5000000000000002 1.1215634976316549 20.786176581102236
decision_type=2 2 2 2 2 2 2 2 2 2 2 2 2 2
left_child=1 -1 3 4 8 -5 -4 -8 -3 -6 -11 13 -13 -2
right_child=11 2 6 5 9 -7 7 -9 -10 10 -12 12 -14 -15
leaf_value=-0.0068193614076717327 -0.0049996545035093281 -0.0080411302423075079 0.0061493602284946646 -0.0087190063184948551 0.0022196806069647804 -0.00072489525680433553 -0.0007129016699542371 0.004320442237147437 -0.0019311702759017592 0.0095118769357560237 -0.00059744211400973959 -0.012750907450741786 0.0010442805044923692 0.0039119783312190192
leaf_weight=303.24688976258039 39.373693510890007 134.08196301013231 249.16088657081127 244.61501402407885 689.65733695030212 177.5526387616992 898.43394979834557 322.04502674937248 1669.2617053613067 29.485491469502449 2508.3017187416553 14.066766902804373 408.89341130852699 1542.769331201911
leaf_count=2171 243 959 1143 1312 2850 816 4016 1570 9199 120 10741 87 2609 10156
internal_value=-4.77607e-06 -0.000838934 -0.000571938 -0.00115355 -0.000790993 -0.00540941 0.0015813 0.000625812 -0.00240754 0.000113965 -0.000460727 0.00299492 0.000437195 0.00367389
internal_weight=9230.95 7225.84 6922.6 5452.96 5030.79 422.168 1469.64 1220.48 1803.34 3227.44 2537.79 2005.1 422.96 1582.14
internal_count=47992 34897 32726 25997 23869 2128 6729 5586 10158 13711 10861 13095 2696 10399
is_linear=0
shrinkage=0.02


Tree=138
num_leaves=15
num_cat=0
split_feature=17 0 6 9 7 3 10 0 4 0 12 21 0 0
split_gain=55.8212 29.8147 24.792 21.6939 17.3226 16.6864 13.2211 10.2743 9.96937 9.48147 8.90278 8.43071 8.22023 11.9013
threshold=1.0000000180025095e-35 41.356605065023963 2.5000000000000004 1.0000000180025095e-35 2.5000000000000004 59.100000000000009 1.0000000180025095e-35 61.244353182751546 149.50000000000003 50.646132785763179 39.500000000000007 1.2680245965864567 49.115674195756334 60.135523613963045
decision_type=2 2 2 2 2 2 2 2 2 2 2 2 2 2
left_child=1 -1 3 5 9 11 -7 -6 12 -4 -8 -3 -2 -14
right_child=8 2 4 -5 7 6 10 -9 -10 -11 -12 -13 13 -15
leaf_value=-0.0073953214041809923 0.0042052057535007436 -0.0052139395797541578 0.014743813335505847 -0.00683814411356903 -0.0016737555983334462 0.0016194210084721303 -0.004059258319452282 0.0085986589702803703 0.0041326743684422743 0.0049941885316011634 -0.00066158683948301265 -0.00034046569885468097 -0.00014951293683166869 0.0038891060481931632
leaf_weight=276.0814605653286 368.74159864336252 475.86492075771093 49.519295424222946 248.64791119098663 237.30747562646866 992.39596233516932 335.09789572656155 41.404347777366638 874.87522855401039 196.01908577978611 3401.0398529618979 203.79999179393053 1134.2514941990376 387.4404202401638
leaf_count=2051 2014 2798 231 1248 1054 4437 1826 210 6177 1027 15786 884 6115 2134
internal_value=-4.89647e-06 -0.00102334 -0.000732659 -0.00111934 0.00340709 -0.000849964 -0.000426475 -1.60315e-05 0.00237006 0.00722344 -0.00097188 -0.00376869 0.00154454 0.000886826
internal_weight=9222.49 6457.18 6181.1 5656.85 524.25 5408.2 4728.53 278.712 2765.31 245.538 3736.14 679.665 1890.43 1521.69
internal_count=47992 31552 29501 26979 2522 25731 22049 1264 16440 1258 17612 3682 10263 8249
is_linear=0
shrinkage=0.02


Tree=139
num_leaves=15
num_cat=0
split_feature=17 0 6 3 7 10 23 0 20 0 0 0 1 0
split_gain=53.6856 28.8189 23.8947 18.6008 16.7263 14.1634 13.6992 9.93311 9.36767 9.21774 8.77064 8.23873 8.3171 8.05791
threshold=1.0000000180025095e-35 41.356605065023963 2.5000000000000004 59.100000000000009 2.5000000000000004 1.0000000180025095e-35 1.5000000000000002 61.244353182751546 6.0762217659137585 50.219028062970573 62.872005475701584 54.295687885010274 1.5000000000000002 49.115674195756334
decision_type=2 2 2 2 2 2 2 2 2 2 2 2 2 2
left_child=1 -1 3 8 9 10 11 -6 -3 -4 13 -7 -13 -5
right_child=-2 2 4 5 7 6 -8 -9 -10 -11 -12 12 -14 -15
leaf_value=-0.0072827632809811665 0.0023261247252157591 -0.0068587571595734873 0.014810973745624121 0.0043483414946326234 -0.0016404510585020613 -0.0019196293559409501 -0.0083286352115328945 0.0084739700788050588 -0.0021390824248840807 0.0049788879915665029 0.0079382167543874047 0.00089272897385158246 -0.001917141247819147 -7.3904909866401761e-05
leaf_weight=274.83141842484474 2761.784575752914 291.00194542855024 46.325518026947975 205.61549849063158 237.38353691995144 1954.7519323006272 100.46598981320858 41.248464703559875 409.96880479156971 198.54773232340813 71.567027539014816 1234.0019698441029 633.44826652109623 753.33173280954361
leaf_count=2051 16440 2000 217 1100 1054 10156 520 210 1816 1041 300 5199 2676 3212
internal_value=-4.63205e-06 -0.00100358 -0.000718242 -0.00109779 0.0033489 -0.00066369 -0.00121199 -1.30811e-05 -0.00413595 0.00710609 0.00141726 -0.00101377 -6.18989e-05 0.000889866
internal_weight=9214.27 6452.49 6177.66 5654.15 523.505 4953.18 3922.67 278.632 700.971 244.873 1030.51 3822.2 1867.45 958.947
internal_count=47992 31552 29501 26979 2522 23163 18551 1264 3816 1258 4612 18031 7875 4312
is_linear=0
shrinkage=0.02


Tree=140
num_leaves=15
num_cat=0
split_feature=13 6 13 21 16 11 0 10 21 2 0 2 20 0
split_gain=53 33.5015 20.478 19.1746 17.7615 14.1874 13.1818 11.3077 8.09381 8.0046 7.50743 12.535 6.83853 14.0014
threshold=92.500000000000014 1.5000000000000002 103.16666666666667 1.0242139001846218 1.0000000180025095e-35 20.786176581102236 52.031485284052032 1.0000000180025095e-35 1.4297005084521381 149.50000000000003 60.703627652292958 168.50000000000003 7.847310061601644 49.115674195756334
decision_type=2 2 2 2 2 2 2 2 2 2 2 2 2 2
left_child=3 2 6 -1 9 -4 -2 -8 -7 -3 11 -5 13 -11
right_child=1 4 5 10 -6 8 7 -9 -10 12 -12 -13 -14 -15
leaf_value=-0.0085142379566605381 -0.0022676120882150932 -0.0047240419424980831 -0.010132129253753244 -0.0036849712821650838 0.00073572366158089172 0.0044372859919200877 0.0027150141477809116 -0.00056302324332593542 0.0012178823022017202 0.0084048169361985864 0.0011253028327975661 0.00045273177349216924 0.0073803644581555252 0.0021715268055217335
leaf_weight=210.24678002297878 1434.3054877370596 30.894691094756126 32.139905646443367 1194.1085723489523 756.43063196539879 494.92823413014412 529.51015390455723 1974.9073764830828 854.56266659498215 195.36218483746052 235.49921940267086 385.06816320121288 338.76010993123055 539.4337272644043
leaf_count=1814 7657 174 184 6332 3974 2921 2236 8617 5166 1034 998 2005 2221 2659
internal_value=-4.4073e-06 0.000801465 -6.84525e-06 -0.00285829 0.00310736 0.00208337 -0.000742273 0.000133285 0.0024121 0.00471924 -0.00218031 -0.00267652 0.00501349 0.0038771
internal_weight=9206.16 7181.24 5320.35 2024.92 1860.88 1381.63 3938.72 2504.42 1349.49 1104.45 1814.68 1579.18 1073.56 734.796
internal_count=47992 36843 26781 11149 10062 8271 18510 10853 8087 6088 9335 8337 5914 3693
is_linear=0
shrinkage=0.02


Tree=141
num_leaves=15
num_cat=0
split_feature=20 3 20 11 20 0 20 6 0 9 6 0 20 0
split_gain=50.4273 23.683 15.2136 15.0353 12.849 11.0465 16.4082 17.4101 13.0641 12.817 9.5913 12.6312 9.00865 8.49056
threshold=7.4416153319644094 59.100000000000009 4.6055030800821362 30.840473245365903 6.2216221765913771 49.115674195756334 5.9018891170431216 1.5000000000000002 51.987679671457911 1.0000000180025095e-35 1.5000000000000002 55.388090349075988 5.023545516769337 61.800136892539363
decision_type=2 2 2 2 2 2 2 2 2 2 2 2 2 2
left_child=1 4 -3 5 -1 6 7 9 -7 12 11 -2 -4 -13
right_child=10 2 3 -5 -6 8 -8 -9 -10 -11 -12 13 -14 -15
leaf_value=-0.0065574800017139988 0.005734613439888926 -0.006258643879219079 -0.0045368696558393401 0.0016532110086504982 -0.0014452185085579942 -0.0035794963038963401 0.0054554775923027115 0.0054538728425685221 -0.00068799012888438947 -0.011020893657036296 0.0041190301198115922 -0.00075773991629282699 0.00037090762706337667 0.0024220292768932471
leaf_weight=412.86559934169054 234.64298991858959 170.8545855358243 195.67078427970409 1248.096035823226 380.55011677742004 834.87594614923 237.62221127748489 166.75796568393707 2467.2731153070927 48.445633485913277 879.32228937745094 707.92443686723709 583.13938045501709 630.07020525634289
leaf_count=2805 1601 1301 1501 5857 1734 4237 1388 770 10902 311 5385 3992 3168 3040
internal_value=-4.31678e-06 -0.0008974 -0.000462782 -0.00028591 -0.00413237 -0.0008214 0.000791725 -0.000342883 -0.00142396 -0.00153954 0.00244886 0.00150365 -0.000880662 0.000741587
internal_weight=9198.11 6746.15 5952.74 5781.88 793.416 4533.79 1231.64 994.014 3302.15 827.256 2451.96 1572.64 778.81 1337.99
internal_count=47992 33974 29435 28134 4539 22277 7138 5750 15139 4980 14018 8633 4669 7032
is_linear=0
shrinkage=0.02


Tree=142
num_leaves=15
num_cat=0
split_feature=13 6 4 21 7 10 23 21 0 11 0 3 2 0
split_gain=49.7825 31.3325 19.3668 18.2547 17.1197 14.7563 14.3097 9.07007 8.81115 13.6519 8.60424 8.97819 7.7363 7.43008
threshold=92.500000000000014 1.5000000000000002 139.50000000000003 1.0242139001846218 1.5000000000000002 1.0000000180025095e-35 1.0000000180025095e-35 1.4481673063303659 55.388090349075988 20.786176581102236 55.815195071868594 98.500000000000014 149.50000000000003 60.050650239561953
decision_type=2 2 2 2 2 2 2 2 2 2 2 2 2 2
left_child=3 2 5 -1 12 7 10 -2 9 -4 -7 -12 -3 -10
right_child=1 4 8 -5 -6 6 -8 -9 13 -11 11 -13 -14 -15
leaf_value=-0.0083223073374302167 -0.00013839476834598722 -0.0046824702625745838 -0.012437496051030695 -0.0021145062968179942 0.00068105951082775165 -0.0017607070773626862 -0.0051233270698072099 0.0039780241980566476 -0.0013488876142965182 0.0045744670649464827 6.7989407715136774e-05 0.008427328491698468 0.004885983252331352 0.0030881624339327315
leaf_weight=208.14639905840158 484.68697390705347 30.908274427056313 14.764049723744391 1811.4407081827521 755.4167073816061 1651.9190394803882 339.02875244617462 376.80704687535763 345.86158844828606 555.8242401778698 1237.2052149474621 48.650470584630966 1070.1159249842167 259.85857149958611
leaf_count=1814 2271 174 91 9335 3974 8182 1644 1551 2285 3687 5133 199 5914 1738
internal_value=-4.34482e-06 0.000776861 -4.87935e-06 -0.00277427 0.0030099 -0.000649306 -0.00126191 0.00167233 0.0022537 0.00402659 -0.00080766 0.000417232 0.00459561 0.000561065
internal_weight=9190.63 7171.05 5314.61 2019.59 1856.44 4138.3 3276.8 861.494 1176.31 570.588 2937.77 1285.86 1101.02 605.72
internal_count=47992 36843 26781 11149 10062 18980 15158 3822 7801 3778 13514 5332 6088 4023
is_linear=0
shrinkage=0.02


Tree=143
num_leaves=15
num_cat=0
split_feature=13 15 13 21 7 11 0 10 21 2 11 14 2 0
split_gain=47.8824 30.1284 18.6771 17.7278 16.4886 13.341 12.0622 10.4886 7.76116 7.46485 7.20119 10.8128 8.34947 8.92629
threshold=92.500000000000014 1.0000000180025095e-35 103.16666666666667 1.0242139001846218 1.5000000000000002 20.786176581102236 52.031485284052032 1.0000000180025095e-35 1.4297005084521381 149.50000000000003 30.840473245365903 1.5932149246102736 167.50000000000003 61.244353182751546
decision_type=2 2 2 2 2 2 2 2 2 2 2 2 2 2
left_child=3 2 6 -1 9 -4 -2 -8 -7 -3 12 -12 13 -5
right_child=1 4 5 10 -6 8 7 -9 -10 -11 11 -13 -14 -15
leaf_value=-0.0082072683750528449 -0.0021688596205498875 -0.0045944869223358909 -0.0098119486053723139 -0.0044240916503969184 0.00066768253430381274 0.0043037950405820213 0.0026167746567019841 -0.00054087414468036914 0.0011459484140593126 0.0047969513335523514 -0.002122010820648495 0.0053421933546317635 -0.00050479641927680952 0.0012063928596325354
leaf_weight=206.92512286454439 1430.450253136456 30.965325757861137 32.370587721467018 871.57517296820879 755.24233835935593 492.65929390490055 529.33965010941029 1973.8566807508469 852.64269661903381 1068.2892540246248 207.12869068235159 117.41167528927326 487.57130216062069 126.46053794026375
leaf_count=1814 7657 174 184 4755 3974 2921 2236 8617 5166 5914 1014 527 2504 535
internal_value=-4.36932e-06 0.000761905 -4.77707e-06 -0.00272276 0.00295288 0.00199466 -0.000707186 0.000129948 0.00231551 0.00451098 -0.00207382 0.000612391 -0.00266207 -0.0037062
internal_weight=9182.89 7165.82 5311.32 2017.07 1854.5 1377.67 3933.65 2503.2 1345.3 1099.25 1810.15 324.54 1485.61 998.036
internal_count=47992 36843 26781 11149 10062 8271 18510 10853 8087 6088 9335 1541 7794 5290
is_linear=0
shrinkage=0.02


Tree=144
num_leaves=15
num_cat=0
split_feature=13 15 4 21 16 10 23 21 0 11 0 3 9 2
split_gain=46.0597 28.9724 18.1252 17.2102 15.8802 13.827 13.7993 8.60037 8.43218 12.9165 8.15302 8.65469 7.44181 7.30852
threshold=92.500000000000014 1.0000000180025095e-35 139.50000000000003 1.0242139001846218 1.0000000180025095e-35 1.0000000180025095e-35 1.0000000180025095e-35 1.4481673063303659 55.388090349075988 20.786176581102236 55.815195071868594 98.500000000000014 1.0000000180025095e-35 168.50000000000003
decision_type=2 2 2 2 2 2 2 2 2 2 2 2 2 2
left_child=3 2 5 -1 -3 7 10 -2 9 -4 -7 -12 13 -5
right_child=1 4 8 12 -6 6 -8 -9 -10 -11 11 -13 -14 -15
leaf_value=-0.008093308961620492 -0.000143836781377688 0.0044278067879801658 -0.012015786364727991 -0.0024559758919059402 0.00065456546617425205 -0.0017040579602098291 -0.0050171509827795337 0.0038650659100604051 0.00052780799847010232 0.0044597199128332907 7.3758205147166935e-05 0.0082842906798296315 -0.0076004618171311858 0.00059611916314001657
leaf_weight=205.72458118200302 484.51589019596577 1097.5136498808861 14.945274874567984 1313.0832987427711 755.07133737206459 1649.841982126236 338.37477140873671 376.6915727108717 605.05641315877438 553.4519679248333 1237.1115127801895 48.608740925788879 86.8875542730093 408.38800704479218
leaf_count=1814 2271 6088 91 6804 3974 8182 1644 1551 4023 3687 5133 199 462 2069
internal_value=-4.42496e-06 0.000747117 -4.75325e-06 -0.0026728 0.0028969 -0.000628029 -0.00122143 0.00161953 0.00218326 0.00392203 -0.000775437 0.000416609 -0.00203442 -0.00173113
internal_weight=9175.27 7161.18 5308.6 2014.08 1852.58 4135.14 3273.94 861.207 1173.45 568.397 2935.56 1285.72 1808.36 1721.47
internal_count=47992 36843 26781 11149 10062 18980 15158 3822 7801 3778 13514 5332 9335 8873
is_linear=0
shrinkage=0.02


Tree=145
num_leaves=15
num_cat=0
split_feature=20 3 20 11 20 0 20 6 0 9 6 0 20 23
split_gain=44.7888 21.6591 13.7701 13.7828 11.6853 10.7713 14.6392 15.7661 12.4427 12.3218 8.55518 11.5853 8.52907 7.63111
threshold=7.4416153319644094 59.100000000000009 4.6055030800821362 30.840473245365903 6.2216221765913771 49.115674195756334 5.9018891170431216 1.5000000000000002 51.987679671457911 1.0000000180025095e-35 1.5000000000000002 52.165639972621499 5.023545516769337 1.5000000000000002
decision_type=2 2 2 2 2 2 2 2 2 2 2 2 2 2
left_child=1 4 -3 5 -1 6 7 9 -7 12 11 -2 -4 -10
right_child=10 2 3 -5 -6 8 -8 -9 13 -11 -12 -13 -14 -15
leaf_value=-0.0062824418526188849 0.0082407081391018405 -0.0059794441266877423 -0.0043283213714732632 0.0015939296985708149 -0.0013922515366023964 -0.0034802112502845062 0.0052425997980875307 0.0052609553656550812 -0.00043272252742971413 -0.010746179645687071 0.0038967571852924925 0.00098272780266395209 0.00046373198084265026 -0.0062804609136139942
leaf_weight=408.34930318593979 88.846331790089607 168.77003143727779 193.95414022356272 1246.0989408940077 380.07594695687294 832.01696614176035 235.82905937731266 166.74393948912621 2376.6343871429563 47.853329069912434 873.14437252283096 1480.065767377615 581.47214693576097 87.888767346739769
leaf_count=2805 639 1301 1501 5857 1734 4237 1388 770 10498 311 5385 7994 3168 404
internal_value=-4.48735e-06 -0.000847143 -0.000431635 -0.000263937 -0.00395118 -0.00077749 0.000819728 -0.000252864 -0.00137238 -0.00139704 0.00231245 0.00141989 -0.000752373 -0.000654366
internal_weight=9167.74 6725.69 5937.26 5768.49 788.425 4522.39 1225.85 990.024 3296.54 823.28 2442.06 1568.91 775.426 2464.52
internal_count=47992 33974 29435 28134 4539 22277 7138 5750 15139 4980 14018 8633 4669 10902
is_linear=0
shrinkage=0.02


Tree=146
num_leaves=15
num_cat=0
split_feature=20 3 20 11 20 0 20 6 0 9 6 0 20 0
split_gain=43.0893 20.8605 13.2965 13.2451 11.3064 10.3479 14.1117 15.1605 11.9664 11.9524 8.25131 11.2962 8.22511 8.13273
threshold=7.4416153319644094 59.100000000000009 4.6055030800821362 30.840473245365903 6.2216221765913771 49.115674195756334 5.9018891170431216 1.5000000000000002 51.987679671457911 1.0000000180025095e-35 1.5000000000000002 55.388090349075988 5.023545516769337 62.872005475701584
decision_type=2 2 2 2 2 2 2 2 2 2 2 2 2 2
left_child=1 4 -3 5 -1 6 7 9 -7 12 11 -2 -4 -13
right_child=10 2 3 -5 -6 8 -8 -9 -10 -11 -12 13 -14 -15
leaf_value=-0.0061795265965075251 0.0054223325402131903 -0.005885685772071228 -0.0042563913603638585 0.0015621678829013347 -0.0013650629527726169 -0.0034137773971670959 0.0051519327000596861 0.0051555671285133846 -0.00064164525164159855 -0.010603886471888375 0.0038275336048841702 -0.00036628417362407381 0.00045444627004886246 0.0029963542894045785
leaf_weight=406.94460219144821 231.69443407654762 168.11564837396145 193.37755021452904 1246.1073331236839 379.9935991615057 831.34838376939297 235.27339115738869 166.85052773356438 2464.2317564487457 47.595272064208984 871.26663462817669 924.62388683855534 581.58722480386496 411.55901546776295
leaf_count=2805 1601 1301 1501 5857 1734 4237 1388 770 10902 311 5385 5054 3168 1978
internal_value=-4.55325e-06 -0.000831164 -0.000423538 -0.000258984 -0.00388056 -0.000762637 0.000803739 -0.000248919 -0.00134567 -0.00137212 0.00226952 0.00139304 -0.000738239 0.000675264
internal_weight=9160.57 6721.43 5934.49 5766.37 786.938 4520.26 1224.68 989.411 3295.58 822.56 2439.14 1567.88 774.965 1336.18
internal_count=47992 33974 29435 28134 4539 22277 7138 5750 15139 4980 14018 8633 4669 7032
is_linear=0
shrinkage=0.02


Tree=147
num_leaves=15
num_cat=0
split_feature=13 6 13 21 7 11 21 23 20 11 21 2 3 0
split_gain=42.2073 26.3 16.5463 16.0475 15.2833 12.5086 10.7784 8.64662 8.00949 7.59644 7.40812 7.21813 6.7715 7.86956
threshold=92.500000000000014 1.5000000000000002 103.16666666666667 1.0242139001846218 1.5000000000000002 20.786176581102236 1.8986993202210674 1.5000000000000002 4.9948802190280635 36.057538905882673 1.4297005084521381 149.50000000000003 61.750000000000007 55.292265571526364
decision_type=2 2 2 2 2 2 2 2 2 2 2 2 2 2
left_child=3 2 6 -1 11 -4 7 8 -2 -10 -7 -3 -5 -14
right_child=1 4 5 12 -6 10 -8 -9 9 -11 -12 -13 13 -15
leaf_value=-0.0078354830567408766 -0.0056200719561273708 -0.0046800345126531253 -0.0095137092181411514 -0.0044676649338045819 0.00056609270121158579 0.0041459840482509398 0.0028323063450773757 -0.0059957734386785026 -0.0004820495110448808 -0.0089975925180304644 0.0010545313471684425 0.0045552887711599131 -0.0025964798440372451 0.00036479015074036706
leaf_weight=202.96621131151915 126.9091275408864 30.884574308991432 32.577391445636749 342.06148785352707 753.34950068593025 489.89928634464741 318.96573190391064 127.44075554609299 3316.27230027318 37.496505066752434 850.22979806363583 1062.4178679138422 843.76285289227962 618.30439519882202
leaf_count=1814 966 174 184 1877 3974 2921 1365 650 15357 172 5166 5914 4740 2718
internal_value=-4.56026e-06 0.000715202 -1.32455e-06 -0.00256374 0.00276712 0.00188444 -0.000662559 -0.000975558 -0.000782838 -0.000591105 0.00219734 0.00427246 -0.00194954 -0.00134583
internal_weight=9153.54 7146.44 5299.79 2007.09 1846.65 1372.71 3927.08 3608.12 3480.68 3353.77 1340.13 1093.3 1804.13 1462.07
internal_count=47992 36843 26781 11149 10062 8271 18510 17145 16495 15529 8087 6088 9335 7458
is_linear=0
shrinkage=0.02


Tree=148
num_leaves=15
num_cat=0
split_feature=20 3 20 0 24 0 9 21 20 23 20 6 0 24
split_gain=40.4341 19.6147 12.5238 12.7008 20.2041 13.5458 12.3877 12.4901 10.7206 9.11606 8.8792 7.73566 10.9687 7.40266
threshold=7.4416153319644094 59.100000000000009 4.6055030800821362 49.115674195756334 1.0000000180025095e-35 51.987679671457911 1.0000000180025095e-35 1.244656976357964 6.2216221765913771 1.5000000000000002 5.6294455852156071 1.5000000000000002 52.165639972621499 1.5000000000000002
decision_type=2 2 2 2 2 2 2 2 2 2 2 2 2 2
left_child=1 8 -3 4 -4 10 -6 -8 -1 -7 -5 12 -2 -9
right_child=11 2 3 5 6 9 7 13 -10 -11 -12 -13 -14 -15
leaf_value=-0.0060168676272103015 0.0080234158090123249 -0.0057295696703296749 -0.0015055622542210604 -0.0074899243139268518 0.0037972259116974428 5.226071279557049e-05 -0.010673725114831467 -0.0069010111484794955 -0.0013212005174760158 -0.005718688244288013 -0.0020451204388244907 0.0037124097332977717 0.00092803678258917958 0.010218984169557114
leaf_weight=404.48397344350815 87.914362266659737 167.00018040090799 626.97767682373524 134.37753178179264 872.60526266694069 2999.0879461914301 45.338547684252262 11.275312498211859 379.74176408350468 108.61464524269104 939.3780529499054 868.10988560318947 1478.2045390605927 23.403063639998436
leaf_count=2805 639 1301 3751 745 4812 13192 289 61 1734 495 4666 5385 7994 123
internal_value=-4.88718e-06 -0.000805984 -0.0004109 -0.000251542 0.00127327 -0.000828869 0.00310258 -0.00422699 -0.00376842 -0.000157654 -0.00275993 0.00220041 0.00135188 0.00443401
internal_weight=9146.51 6712.28 5928.06 5761.06 1579.6 4181.46 952.622 80.0169 784.226 3107.7 1073.76 2434.23 1566.12 34.6784
internal_count=47992 33974 29435 28134 9036 19098 5285 473 4539 13687 5411 14018 8633 184
is_linear=0
shrinkage=0.02


Tree=149
num_leaves=15
num_cat=0
split_feature=13 13 6 10 21 7 9 21 18 3 18 7 9 21
split_gain=39.8328 24.0985 17.3386 17.8787 15.3183 10.2149 10.1347 9.68475 8.53367 8.14887 7.82477 7.1016 7.04118 6.98702
threshold=105.83333333333336 92.500000000000014 2.5000000000000004 1.0000000180025095e-35 1.0242139001846218 2.5000000000000004 1.0000000180025095e-35 1.4777807678200257 26.930487580117507 48.500000000000007 35.428976561954663 2.5000000000000004 1.0000000180025095e-35 1.4712465008096773
decision_type=2 2 2 2 2 2 2 2 2 2 2 2 2 2
left_child=1 4 3 10 -1 8 9 -7 -4 -5 -3 -2 -6 -14
right_child=11 2 5 6 12 7 -8 -9 -10 -11 -12 -13 13 -15
leaf_value=-0.0076594534148375993 0.0033584489734029776 0.0010300600941757043 0.011863986852433282 -0.010111593824247271 -0.0015908854376762071 -0.0030429819359725292 -0.0052733653953167927 0.004230777465994308 0.0038496302942514029 -0.00059461792873422817 0.0050842551459548049 -0.0010099216669761887 -0.011732465389214491 -0.00027256203125585355
leaf_weight=201.13629066944122 1398.1290704458952 807.33023677766323 69.813130915164948 31.396943651139736 1714.8190307915211 140.86470273137093 198.68203961849213 141.97623199224472 221.1506008207798 3718.5279614552855 246.6318868547678 163.51639564335346 50.769384741783142 35.393056228756905
leaf_count=1814 9541 3699 368 154 8873 621 976 734 1246 17402 1067 1035 298 164
internal_value=-5.03533e-06 -0.000605024 7.09593e-05 -0.000307552 -0.00248428 0.00334852 -0.000925787 0.00061131 0.00594728 -0.000688192 0.00200018 0.00289801 -0.0018856 -0.00732014
internal_weight=9140.14 7578.49 5576.37 5002.57 2002.12 573.805 3948.61 282.841 290.964 3749.92 1053.96 1561.65 1800.98 86.1624
internal_count=47992 37416 26267 23298 11149 2969 18532 1355 1614 17556 4766 10576 9335 462
is_linear=0
shrinkage=0.02


Tree=150
num_leaves=15
num_cat=0
split_feature=20 3 23 20 0 20 11 11 20 3 20 21 14 0
split_gain=37.8244 21.169 17.8867 19.1289 13.4428 17.1226 13.0151 7.8916 9.14335 7.26313 7.10997 6.83189 6.77923 6.69518
threshold=7.5352361396303911 82.350000000000009 1.5000000000000002 5.023545516769337 49.115674195756334 5.7161943874058876 30.859491188280789 28.35422236142027 8.5996988364134168 68.100000000000009 5.9018891170431216 1.1309119749760661 1.429401993355482 52.031485284052032
decision_type=2 2 2 2 2 2 2 2 2 2 2 2 2 2
left_child=1 2 3 -1 10 11 13 -2 -9 -4 -5 -6 -11 -7
right_child=7 -3 9 4 5 6 -8 8 -10 12 -12 -13 -14 -15
leaf_value=-0.0047344041259650919 0.0034711895425392904 0.0013955678262660032 -0.012051682058395779 0.00045895454557638547 -0.014064910521825966 -0.0028980778959272042 0.003889377584050059 -0.00038582144571180964 0.0035040259798126655 0.0077616401198948373 0.004475855155415309 -0.0047227417065943697 -0.0056227313076257883 -0.00071403960121929361
leaf_weight=510.46791788935661 1119.1331882625818 1484.180326834321 72.923327296972275 755.67610225826502 36.201551876962185 709.50803105533123 210.78295749425888 656.62684056162834 376.05150666832924 13.002218171954153 226.03271725773811 188.7985283061862 104.20604158192873 2669.6084579005837
leaf_count=4019 6392 7135 426 4117 243 3600 936 3681 2627 71 1337 1026 548 11834
internal_value=-5.07329e-06 -0.000720027 -0.00129232 -0.00107213 -0.000677437 -0.00121468 -0.000873798 0.0023099 0.0010388 -0.0072434 0.00140384 -0.00650763 -0.00386479 -0.00117681
internal_weight=9133.2 6981.39 5497.21 5307.08 4796.61 3814.9 3589.9 2151.81 1032.68 190.132 981.709 225 117.208 3379.12
internal_count=47992 35292 28157 27112 23093 17639 16370 12700 6308 1045 5454 1269 619 15434
is_linear=0
shrinkage=0.02


Tree=151
num_leaves=15
num_cat=0
split_feature=13 13 6 10 21 23 7 20 21 0 20 14 21 9
split_gain=37.2688 22.6311 16.6488 17.2224 14.6043 10.4144 9.84238 9.41001 9.23629 7.43225 6.87339 6.86075 11.3046 6.7861
threshold=105.83333333333336 92.500000000000014 2.5000000000000004 1.0000000180025095e-35 1.0242139001846218 1.0000000180025095e-35 2.5000000000000004 6.2411498973305966 1.4777807678200257 59.522245037645455 7.2058316221765919 1.6436507936507938 1.0242139001846218 1.0000000180025095e-35
decision_type=2 2 2 2 2 2 2 2 2 2 2 2 2 2
left_child=1 4 3 9 -1 10 7 -4 -8 -3 -5 -2 -13 -6
right_child=11 2 6 5 13 -7 8 -9 -10 -11 -12 12 -14 -15
leaf_value=-0.0074857637300007008 0.0018895381691455015 0.0010188897699887566 0.013232717707096086 -0.0010954675068103232 -0.0015367591900663751 -0.0038057517686506353 -0.0029672648612543329 0.0039787181090160375 0.0041393754875198672 0.0049724531057107569 0.00086936957014313631 -0.012859831272056574 0.0052433890845019135 -0.0071727039437865479
leaf_weight=199.35826132446527 1066.4310771524906 807.17173446714878 52.015219703316689 2524.6541300043464 1712.5518653616309 436.14789836853743 140.92772263288498 238.01173976063728 141.63562545180321 246.3133986890316 985.86098347604275 9.5029869079589826 480.73200866580009 85.765100568532944
leaf_count=1814 6985 3699 262 11995 8873 2128 621 1352 734 1067 4409 65 3526 462
internal_value=-5.20612e-06 -0.000585371 6.95343e-05 -0.000301184 -0.00240891 -0.000908131 0.00328488 0.0058413 0.000598038 0.00196428 -0.00054266 0.00280783 0.00476214 -0.0018258
internal_weight=9127.08 7570.41 5572.74 5000.15 1997.68 3946.66 572.59 290.027 282.563 1053.49 3510.52 1556.67 490.235 1798.32
internal_count=47992 37416 26267 23298 11149 18532 2969 1614 1355 4766 16404 10576 3591 9335
is_linear=0
shrinkage=0.02


Tree=152
num_leaves=15
num_cat=0
split_feature=13 13 6 10 0 23 22 20 11 3 2 0 20 20
split_gain=35.8435 21.7852 16.0454 16.5521 11.7279 10.0172 9.51283 9.15626 9.03955 8.81546 8.76739 7.15654 6.80206 8.46801
threshold=105.83333333333336 92.500000000000014 2.5000000000000004 1.0000000180025095e-35 43.880903490759756 1.0000000180025095e-35 7.5000000000000009 6.2411498973305966 22.03848432619662 59.100000000000009 157.50000000000003 59.522245037645455 5.9420533880903497 6.9387405886379208
decision_type=2 2 2 2 2 2 2 2 2 2 2 2 2 2
left_child=1 4 3 11 -1 -5 7 -4 -6 -7 -8 -3 -12 -14
right_child=-2 2 6 5 8 9 10 -9 -10 -11 12 -13 13 -15
leaf_value=-0.0061833626461520394 0.002756418122942402 0.00099849442141786821 0.013056682458189556 -0.00053194201324166285 -0.0054867554526141747 -0.013411653572794027 0.007700303612676959 0.0039089189153085416 -0.0011751746437129967 -0.0028543332381774957 0.0076128147023176752 0.0048793513699506401 -0.0067837083950612592 0.0012236705027375938
leaf_weight=273.20722111314535 1553.8121151030064 807.28687649965286 51.73245333135128 3509.6027217060328 219.88841148465872 30.160907737910748 50.975504249334335 237.51091749966145 1502.3790055289865 405.65584509819746 26.304801970720291 246.09065468609333 90.651756927371025 114.43747813999653
leaf_count=2242 10576 3699 262 16404 1375 163 257 1352 7532 1965 112 1067 394 592
internal_value=-5.10677e-06 -0.000573954 6.85621e-05 -0.000295187 -0.00236424 -0.000890356 0.00322802 0.0057459 -0.0017411 -0.00373333 0.000586786 0.0019258 -0.00110157 -0.00238338
internal_weight=9119.7 7565.88 5570.41 4998.8 1995.47 3945.42 571.613 289.243 1722.27 435.817 282.37 1053.38 231.394 205.089
internal_count=47992 37416 26267 23298 11149 18532 2969 1614 8907 2128 1355 4766 1098 986
is_linear=0
shrinkage=0.02


Tree=153
num_leaves=15
num_cat=0
split_feature=13 13 6 21 22 9 20 21 0 24 0 21 20 14
split_gain=34.4806 20.9684 15.4787 13.8963 9.18371 9.04571 8.90948 8.77616 8.17895 7.47838 7.79425 7.09148 6.71977 6.6452
threshold=105.83333333333336 92.500000000000014 2.5000000000000004 1.0242139001846218 7.5000000000000009 1.0000000180025095e-35 6.2411498973305966 1.4777807678200257 62.090349075975361 1.5000000000000002 41.882272416153327 1.2181830500064164 6.4677344284736487 1.6436507936507938
decision_type=2 2 2 2 2 2 2 2 2 2 2 2 2 2
left_child=1 3 5 -1 6 8 -4 12 9 10 -3 -7 -6 -2
right_child=13 2 4 -5 7 11 -8 -9 -10 -11 -12 -13 -14 -15
leaf_value=-0.0072973775853184064 0.001802292589157328 -0.0046015470815091632 0.012882983865575012 -0.0017531535736984808 0.0020226645326305963 -0.010492019890174243 0.0038402271721524172 0.0040385550301223006 0.0024493806081893471 0.0015845397759974098 -0.00050070305825349807 -0.0021460071140559866 -0.0065330014382475165 0.0046347807591943114
leaf_weight=197.47273797541857 1063.3942980766296 191.22896312177181 51.451609283685684 1795.7314270809293 60.718950018286705 49.04037744551897 237.01863466203213 141.24386332929134 450.81506010890007 659.240881703794 3461.74101639539 185.98060769587755 80.298227354884148 487.70818318426609
leaf_count=1814 6985 1300 262 9335 256 296 1352 734 1950 3050 15851 851 365 3591
internal_value=-4.93394e-06 -0.000562727 6.75192e-05 -0.00232032 0.00317329 -0.000289548 0.00565192 0.000578874 -9.81085e-05 -0.000367424 -0.000721921 -0.00407814 -0.0028923 0.00270622
internal_weight=9113.08 7561.98 5568.78 1993.2 570.731 4998.05 288.47 282.261 4763.03 4312.21 3652.97 235.021 141.017 1551.1
internal_count=47992 37416 26267 11149 2969 23298 1614 1355 22151 20201 17151 1147 621 10576
is_linear=0
shrinkage=0.02


Tree=154
num_leaves=15
num_cat=0
split_feature=13 0 13 1 21 2 6 0 0 11 20 23 7 17
split_gain=33.1784 20.2506 19.038 12.2485 10.7085 11.3326 10.2558 10.9278 9.88558 8.48465 7.65867 6.98583 6.8887 6.1909
threshold=105.83333333333336 60.703627652292958 92.500000000000014 1.5000000000000002 1.0242139001846218 168.50000000000003 1.5000000000000002 49.671457905544152 41.882272416153327 34.079559578546345 7.587214236824094 1.5000000000000002 2.5000000000000004 1.0000000180025095e-35
decision_type=2 2 2 2 2 2 2 2 2 2 2 2 2 2
left_child=1 2 4 -3 -1 -6 8 -8 -4 11 -5 -10 -2 -13
right_child=12 3 6 10 5 -7 7 -9 9 -11 -12 13 -14 -15
leaf_value=-0.0071138635168887078 0.0031135840009216915 0.0036807773613485623 -0.0050038090068978084 -0.0038238649851448439 -0.0031459430305401321 0.00080404353082037111 0.0051678369101333032 0.00030001450902772294 -0.00065659991915378857 0.0026749501066924146 0.0016414664930549821 -0.0081281999886521038 -0.0011978767951633122 0.0023182545642660237
leaf_weight=195.6132330223918 1385.8224659413099 656.30787494778633 205.78321153670549 174.96756368875504 1177.5744696334004 381.84609308093786 238.51126098632812 767.95345859229565 3116.8781824409962 295.16050525009632 233.39116896688938 86.311152093112469 162.57699903845787 27.331171080470085
leaf_count=1809 9541 2945 1407 725 6332 2005 1108 3643 14510 1290 1070 443 1035 129
internal_value=-4.82741e-06 -0.000551883 -0.000971528 0.00199807 -0.00274791 -0.00217798 -0.000310894 0.00147541 -0.000794567 -0.000541582 -0.000713328 -0.000839762 0.00265721 -0.00560713
internal_weight=9106.03 7557.63 6492.96 1064.67 1755.03 1559.42 4737.93 1006.46 3731.46 3525.68 408.359 3230.52 1548.4 113.642
internal_count=47992 37416 32676 4740 10146 8337 22530 4751 17779 16372 1795 15082 10576 572
is_linear=0
shrinkage=0.02


Tree=155
num_leaves=15
num_cat=0
split_feature=13 0 13 1 21 2 10 11 23 11 6 0 11 11
split_gain=31.9187 19.4643 18.3271 11.779 10.3956 10.9067 10.0362 10.9513 9.4777 9.84624 9.23675 13.1493 7.60603 7.46074
threshold=105.83333333333336 60.703627652292958 92.500000000000014 1.5000000000000002 1.0242139001846218 168.50000000000003 1.0000000180025095e-35 29.395454305989968 1.5000000000000002 26.185690935609717 2.5000000000000004 49.671457905544152 19.815865052037939 29.034263797737456
decision_type=2 2 2 2 2 2 2 2 2 2 2 2 2 2
left_child=1 2 4 -3 -1 -6 7 13 10 -10 12 -12 -8 -4
right_child=-2 3 6 -5 5 -7 8 -9 9 -11 11 -13 -14 -15
leaf_value=-0.0070106636101998788 0.0026086405541710222 0.0036102100558812627 0.00056906420941155828 -0.00069965238008079208 -0.0030872057010816649 0.00078792366895298691 -0.0077554397929414142 0.0049821884279833643 -0.012491745684644744 -0.00021107227283199468 0.010211828433832176 0.00054535793183218954 -0.00080135549009896446 -0.011298071212181666
leaf_weight=194.60670643299818 1545.7658832222223 655.8560656607151 713.95148441940546 408.26259583234787 1176.0897450819612 381.96605847775936 59.336054094135761 258.00229667127132 50.500948525965214 50.28966037184 65.006276428699493 293.33400769531727 3229.3235177397728 16.829699337482452
leaf_count=1809 10576 2945 3295 1795 6332 2005 308 1154 284 243 328 1505 15336 77
internal_value=-4.83519e-06 -0.00054131 -0.00095286 0.00195927 -0.00269719 -0.00213644 -0.000304826 0.00148204 -0.000778136 -0.00668277 -0.000605478 0.00242085 -0.000939015 0.00021813
internal_weight=9099.12 7553.36 6489.24 1064.12 1752.66 1558.06 4736.57 988.783 3747.79 100.791 3647 358.34 3288.66 730.781
internal_count=47992 37416 32676 4740 10146 8337 22530 4526 18004 527 17477 1833 15644 3372
is_linear=0
shrinkage=0.02


Tree=156
num_leaves=15
num_cat=0
split_feature=13 13 15 21 10 21 8 3 3 21 0 0 2 3
split_gain=30.7099 18.7234 13.9525 12.8646 12.1624 9.03858 8.90915 7.15066 10.1249 7.22207 7.12997 10.142 10.6384 8.6881
threshold=105.83333333333336 92.500000000000014 1.0000000180025095e-35 1.1309119749760661 1.0000000180025095e-35 1.4481673063303659 1.0000000180025095e-35 66.750000000000014 64.600000000000009 1.4105635165876043 49.671457905544152 62.027378507871326 171.50000000000003 90.850000000000009
decision_type=2 2 2 2 2 2 2 2 2 2 2 2 2 2
left_child=1 3 4 -1 5 7 -6 8 -3 -9 13 -12 -13 -4
right_child=-2 2 10 -5 6 -7 -8 9 -10 -11 11 12 -14 -15
leaf_value=-0.005366115659591845 0.002560907076194466 -0.00052282456375641543 0.0030475448053507805 -0.0013723778097778578 -0.00070145227639869731 0.0037929010219080947 -0.0043873222700788672 -0.0010971981959504793 0.0079806999760448569 -0.010414605663750189 0.00034500106829729073 0.008416713966501373 -0.0061697147888939239 0.012728315837120217
leaf_weight=403.11307357996702 1543.2055313438177 177.4681643024087 195.37909334897995 1583.207955263555 3155.7026860266924 404.57544578611851 281.84992896765471 212.75048809498549 76.214016459882259 34.975981205701828 844.4703057706356 116.89407727122307 19.995010331273079 42.825978636741638
leaf_count=3232 10576 835 904 7917 14863 1734 1419 1044 359 150 4038 614 103 204
internal_value=-4.96728e-06 -0.00053108 6.42234e-05 -0.00219533 -0.000466504 0.00158837 -0.00101018 -0.000206362 0.00212904 -0.00260064 0.00195025 0.00118091 0.00612969 0.00502213
internal_weight=9092.63 7549.42 5563.1 1986.32 4343.54 905.984 3437.55 501.409 253.682 247.726 1219.56 981.359 136.889 238.205
internal_count=47992 37416 26267 11149 20404 4122 16282 2388 1194 1194 5863 4755 717 1108
is_linear=0
shrinkage=0.02


Tree=157
num_leaves=15
num_cat=0
split_feature=20 13 11 21 23 11 24 23 12 20 11 6 3 6
split_gain=29.5472 19.0354 12.1913 11.5272 8.75578 11.1657 10.3586 9.00934 8.596 8.44264 8.0043 7.85389 7.40178 7.27881
threshold=7.5352361396303911 92.500000000000014 31.234999837938826 1.0242139001846218 1.5000000000000002 26.185690935609717 1.5000000000000002 1.0000000180025095e-35 39.500000000000007 5.466036960985627 27.822597634473002 1.5000000000000002 73.350000000000009 2.5000000000000004
decision_type=2 2 2 2 2 2 2 2 2 2 2 2 2 2
left_child=1 3 4 -1 6 -6 8 -8 -3 -4 -2 -12 -9 -10
right_child=10 2 9 -5 5 -7 7 12 13 -11 11 -13 -14 -15
leaf_value=-0.0069104806252588006 0.0033133994003558677 -0.0061387993608688516 -0.0038153838970567677 -0.0018013304421164243 -0.0094651875498589066 0.00074072895009234709 -0.00049946086106754622 0.0015406436290985345 -0.00071410986907684694 0.0026714394372442641 -0.00059454058522592345 0.002802214097350232 0.0070309163447159926 0.0059787465606720089
leaf_weight=193.68241637945175 1031.7552204579115 110.23769805580378 83.980637922883034 1708.8537795543671 90.066902920603752 76.25823412835598 359.44578723609447 244.39205339550972 3011.664068736136 846.79784812033176 632.96114186942577 470.08003179728985 165.05355152487755 61.413571640849113
leaf_count=1814 5921 513 425 8977 490 379 1797 1187 14560 4021 3748 3031 821 308
internal_value=-4.77328e-06 -0.000637151 5.46953e-06 -0.00233925 -0.000461834 -0.00488916 -0.000269066 0.00180624 -0.000773004 0.00206676 0.00205027 0.000857353 0.0038168 -0.000570213
internal_weight=9086.64 6951.85 5049.31 1902.54 4118.53 166.325 3952.21 768.891 3183.32 930.778 2134.8 1103.04 409.446 3073.08
internal_count=47992 35292 24501 10791 20055 869 19186 3805 15381 4446 12700 6779 2008 14868
is_linear=0
shrinkage=0.02


Tree=158
num_leaves=15
num_cat=0
split_feature=13 0 13 1 10 11 3 0 23 11 6 0 11 11
split_gain=28.8077 18.0484 16.3475 11.2299 9.20799 10.2199 8.8559 9.83653 8.83644 9.29507 8.49368 12.5667 7.3331 7.25725
threshold=105.83333333333336 60.703627652292958 92.500000000000014 1.5000000000000002 1.0000000180025095e-35 29.395454305989968 61.750000000000007 41.356605065023963 1.5000000000000002 26.185690935609717 2.5000000000000004 49.671457905544152 19.815865052037939 29.034263797737456
decision_type=2 2 2 2 2 2 2 2 2 2 2 2 2 2
left_child=1 2 6 -3 5 13 -1 -8 10 -10 12 -12 -6 -4
right_child=-2 3 4 -5 8 -7 7 -9 9 -11 11 -13 -14 -15
leaf_value=-0.0051080509098077667 0.0024840792696512715 0.0035089894891136425 0.00053808581201430529 -0.00070099893228253523 -0.0076089158176218911 0.0047954996522786312 -0.0082804427246121713 -0.0012953207564216926 -0.012144570897275423 -0.00018811743623947414 0.0099584195197136155 0.00048776517317916039 -0.0007710956109310685 -0.01116830837421726
leaf_weight=413.52142645418644 1539.0488011687994 654.77453658729792 713.80827487260103 408.05361326038837 59.148657828569412 257.77244937419891 81.696381114423275 1250.9059840291739 50.062863029539585 50.246713943779469 64.632564917206764 292.92083992063999 3227.38691265136 16.821602001786232
leaf_count=2866 10576 2945 3295 1795 308 1154 681 6599 284 243 328 1505 15336 77
internal_value=-4.74704e-06 -0.000514217 -0.000910908 0.00189505 -0.000299242 0.00141251 -0.00256208 -0.0017544 -0.000752906 -0.00646767 -0.000586403 0.00231896 -0.000906137 0.000191768
internal_weight=9080.8 7541.75 6478.92 1062.83 4732.8 988.402 1746.12 1332.6 3744.4 100.31 3644.09 357.553 3286.54 730.63
internal_count=47992 37416 32676 4740 22530 4526 10146 7280 18004 527 17477 1833 15644 3372
is_linear=0
shrinkage=0.02


Tree=159
num_leaves=15
num_cat=0
split_feature=13 0 3 1 10 23 11 11 20 2 22 0 2 0
split_gain=27.7168 17.4648 15.1528 9.65324 9.53029 9.26949 9.50748 8.54185 8.52612 8.28106 8.0683 8.00767 7.62938 13.0739
threshold=105.83333333333336 62.090349075975361 59.100000000000009 1.5000000000000002 1.0000000180025095e-35 1.5000000000000002 26.185690935609717 29.395454305989968 6.2116906228610551 160.50000000000003 7.5000000000000009 41.356605065023963 162.50000000000003 63.582477754962362
decision_type=2 2 2 2 2 2 2 2 2 2 2 2 2 2
left_child=1 2 8 12 7 11 -7 9 -1 -4 -11 -6 13 -3
right_child=-2 3 4 -5 5 6 -8 -9 -10 10 -12 -13 -14 -15
leaf_value=-0.0055293007470602566 0.0024384430958238278 0.0072701462687769806 -0.0039115243397499907 -0.00046811421254725199 -0.0046869189395982161 -0.011231248476478986 -0.0005797862176463443 0.0036665275931580909 -0.0013591718001495401 0.0014969527478395272 -0.0074094658667555081 -0.00054786096241257189 0.0074788221189109275 -0.0018642528309132612
leaf_weight=383.67208581417799 1536.6138394325972 103.59540270268917 167.40370337665081 265.83277469873428 190.42396600544453 64.076773896813393 67.048726595938206 359.2012497484684 407.8857958316803 676.11576499789953 38.281263008713722 4492.5843551903963 177.78047953546047 144.03489282727242
leaf_count=2739 10576 467 802 1168 1373 378 330 1636 1859 3246 167 21796 792 663
internal_value=-4.94969e-06 -0.000504588 -0.000811178 0.0025133 -0.000469243 -0.000872268 -0.00602085 0.00108981 -0.00340498 2.31684e-05 0.000968738 -0.000721412 0.00436478 0.00201744
internal_weight=9074.55 7537.94 6846.69 691.244 6055.14 4814.13 131.126 1241 791.558 881.801 714.397 4683.01 425.411 247.63
internal_count=47992 37416 34326 3090 29728 23877 708 5851 4598 4215 3413 23169 1922 1130
is_linear=0
shrinkage=0.02


Tree=160
num_leaves=15
num_cat=0
split_feature=13 6 7 21 4 21 9 2 2 8 0 0 0 21
split_gain=26.7518 19.6408 14.0648 11.5996 10.826 8.17301 8.48574 6.99411 6.85775 8.38709 6.4196 6.41472 6.57253 6.18082
threshold=92.500000000000014 1.5000000000000002 1.5000000000000002 1.1309119749760661 148.50000000000003 2.2319522899833122 1.0000000180025095e-35 149.50000000000003 162.50000000000003 1.0000000180025095e-35 41.882272416153327 60.703627652292958 63.582477754962362 1.2037433987608426
decision_type=2 2 2 2 2 2 2 2 2 2 2 2 2 2
left_child=3 4 7 -1 5 6 10 -3 11 -10 -2 -5 -13 -4
right_child=1 2 13 8 -6 -7 -8 -9 9 -11 -12 12 -14 -15
leaf_value=-0.0050896489013498815 -0.0036409783048826404 -0.0050197962703773455 -0.0048789440097206154 -0.003426335559632703 0.0027182554779091794 0.004878472884050261 -0.0044084182419853327 0.0040918674056455379 0.00072217639225267169 -0.0054531008165732255 -0.00011941225760375235 0.0050622319037904474 -0.0045287194590724689 0.00087675114073869202
leaf_weight=398.47438845038414 212.84107713401318 30.546086996793747 78.918175563216209 640.60870626568794 504.93586605787277 111.73529604077339 204.99629611521959 1047.5379252880812 730.2195441275835 94.930490836501122 4231.9527983292937 74.317555852234364 39.857444107532501 667.59082473814487
leaf_count=3232 1455 174 379 3345 3711 523 1058 5914 3594 491 20034 317 170 3595
internal_value=-5.04282e-06 0.000568689 0.0023539 -0.00205868 -5.1072e-05 -0.000347708 -0.000478829 0.00380987 -0.00127934 -1.44225e-05 -0.000292395 -0.00265035 0.0016478 0.000237206
internal_weight=9069.46 7091.05 1824.59 1978.41 5266.46 4761.53 4649.79 1078.08 1579.93 825.15 4444.79 754.784 114.175 746.509
internal_count=47992 36843 10062 11149 26781 23070 22547 6088 7917 4085 21489 3832 487 3974
is_linear=0
shrinkage=0.02


Tree=161
num_leaves=15
num_cat=0
split_feature=13 0 3 1 10 6 7 0 23 12 11 11 6 0
split_gain=25.9479 16.6157 14.3524 9.26811 9.13767 8.87557 12.357 11.4363 9.27849 8.19516 8.16909 7.62339 7.44191 8.55766
threshold=105.83333333333336 62.090349075975361 59.100000000000009 1.5000000000000002 1.0000000180025095e-35 2.5000000000000004 2.5000000000000004 51.894592744695423 1.5000000000000002 39.500000000000007 29.395454305989968 28.140628386340087 1.5000000000000002 42.410677618069819
decision_type=2 2 2 2 2 2 2 2 2 2 2 2 2 2
left_child=1 2 12 -3 10 8 7 -7 9 -6 11 -4 13 -1
right_child=-2 3 4 -5 5 6 -8 -9 -10 -11 -12 -13 -14 -15
leaf_value=-0.01097573404596487 0.0023625176467312564 0.0042719110236110599 0.00066056045636654853 -0.00046455170807361456 -0.0034707168798503354 0.011955091778774749 -0.0015486402977303697 0.0020895656357707397 -0.0064715154748005771 -0.00065418698567709123 0.0035921726486721666 -0.0053976600620393514 0.00043570889919622229 -0.0034406932858713712
leaf_weight=64.925508089363575 1532.4825648218393 424.94481332600117 793.89094227552414 265.80008482933044 460.13276962935925 63.2392468303442 217.84409910440445 162.56670832633972 121.34213390946388 3785.6689309775829 359.04519779980183 87.723893977701664 165.39606723189354 559.05769784003496
leaf_count=627 10576 1922 3808 1168 2547 333 1025 903 660 18409 1636 407 815 3156
internal_value=-5.15721e-06 -0.000488431 -0.00078763 0.0024562 -0.000455051 -0.000849898 0.00182958 0.0050603 -0.00112434 -0.000963618 0.00107167 2.84495e-05 -0.00331578 -0.00430891
internal_weight=9064.06 7531.58 6840.83 690.745 6051.45 4810.79 443.65 225.806 4367.14 4245.8 1240.66 881.615 789.379 623.983
internal_count=47992 37416 34326 3090 29728 23877 2261 1236 21616 20956 5851 4215 4598 3783
is_linear=0
shrinkage=0.02


Tree=162
num_leaves=15
num_cat=0
split_feature=13 6 7 21 4 21 9 2 9 21 2 0 3 21
split_gain=25.1973 18.4783 13.4214 11.1773 10.1176 7.78027 8.01037 6.74989 6.49387 6.7209 6.28007 6.11658 6.02088 5.98088
threshold=92.500000000000014 1.5000000000000002 1.5000000000000002 1.0242139001846218 148.50000000000003 2.2319522899833122 1.0000000180025095e-35 149.50000000000003 1.0000000180025095e-35 1.4712465008096773 162.50000000000003 41.882272416153327 66.750000000000014 1.1260926261018291
decision_type=2 2 2 2 2 2 2 2 2 2 2 2 2 2
left_child=3 4 7 -1 5 6 11 -3 10 -10 -5 -2 -8 -4
right_child=1 2 13 8 -6 -7 12 -9 9 -11 -12 -13 -14 -15
leaf_value=-0.006552624301794218 -0.0035555431159642933 -0.00495782259154748 -0.0063283053881436112 -0.0024898592388864524 0.0026324230076238721 0.0047672899788692297 -0.010937765043146586 0.0039876865060278757 -0.011144193448456217 8.4159588991184708e-06 -5.637044530018656e-05 -0.00011400849296479116 -0.0024432647240295057 0.00070175180513800447
leaf_weight=190.21747938543558 212.30243122577667 30.577499330043793 46.966675892472267 805.43772611767054 503.30818091332912 111.54817099869251 38.782295346260071 1044.9067774415016 49.598604910075665 35.172657340764999 894.19056417793036 4230.4485999643803 165.85121481120586 698.93034851551056
leaf_count=1814 1455 174 221 4257 3711 523 219 5914 298 164 4616 20034 839 3753
internal_value=-5.13653e-06 0.000551774 0.00228508 -0.00200032 -4.93844e-05 -0.000335899 -0.00046381 0.00370974 -0.00149697 -0.00675182 -0.00121467 -0.000282728 -0.00428517 0.000217238
internal_weight=9058.24 7083.62 1821.38 1974.62 5262.24 4758.93 4647.38 1075.48 1784.4 84.7713 1699.63 4442.75 204.634 745.897
internal_count=47992 36843 10062 11149 26781 23070 22547 6088 9335 462 8873 21489 1058 3974
is_linear=0
shrinkage=0.02


Tree=163
num_leaves=15
num_cat=0
split_feature=13 0 3 1 10 6 20 23 8 20 11 2 12 22
split_gain=24.2908 15.8544 13.5757 8.91036 8.76599 8.35145 12.829 8.78442 8.02819 8.19528 7.80419 7.85629 7.79599 7.79054
threshold=105.83333333333336 62.090349075975361 59.100000000000009 1.5000000000000002 1.0000000180025095e-35 2.5000000000000004 6.250417522245038 1.5000000000000002 1.0000000180025095e-35 5.5186310746064349 29.395454305989968 160.50000000000003 39.500000000000007 7.5000000000000009
decision_type=2 2 2 2 2 2 2 2 2 2 2 2 2 2
left_child=1 2 8 -3 10 7 -7 12 9 -1 11 -4 -6 -13
right_child=-2 3 4 -5 5 6 -8 -9 -10 -11 -12 13 -14 -15
leaf_value=-0.0061005282389371297 0.0022886753882452133 0.004186431886908446 -0.0038024596894554968 -0.00045877505970567082 -0.0033872115237805556 0.0071642882058252956 -0.00034182789446093469 -0.0063081724661259468 -0.011067244569962232 -0.0013772219379972253 0.0035175274478978858 0.0014735510580396575 -0.00063737066160452817 -0.0072750054389185094
leaf_weight=199.68863119184971 1528.4744739085436 424.44828760623932 167.12597974389791 265.76402868330479 459.12220550328493 121.64952769875526 321.22676967084408 120.86948134750128 44.691423438489437 542.8848919570446 358.90115816146135 675.9261208102107 3784.1003121584654 38.315042421221733
leaf_count=1674 10576 1922 802 1168 2547 559 1702 660 288 2636 1636 3246 18409 167
internal_value=-5.4612e-06 -0.000472939 -0.000765367 0.0024045 -0.00044207 -0.000829039 0.00177245 -0.00109523 -0.00322773 -0.00268237 0.00105342 3.35754e-05 -0.000939014 0.000954148
internal_weight=9053.19 7524.71 6834.5 690.212 6047.24 4806.97 442.876 4364.09 787.265 742.574 1240.27 881.367 4243.22 714.241
internal_count=47992 37416 34326 3090 29728 23877 2261 21616 4598 4310 5851 4215 20956 3413
is_linear=0
shrinkage=0.02


Tree=164
num_leaves=15
num_cat=0
split_feature=13 6 16 0 11 0 4 1 11 9 2 0 14 2
split_gain=23.7194 17.5358 12.9213 9.55706 10.0651 9.63014 9.47535 7.49904 7.29157 8.84708 6.51442 5.95785 8.00574 5.89176
threshold=92.500000000000014 1.5000000000000002 1.0000000180025095e-35 55.292265571526364 21.080004259063152 55.957563312799458 148.50000000000003 1.5000000000000002 38.196169316682507 1.0000000180025095e-35 149.50000000000003 55.921971252566742 1.5562587904360059 156.50000000000003
decision_type=2 2 2 2 2 2 2 2 2 2 2 2 2 2
left_child=3 6 10 4 -1 13 8 -6 9 -2 -3 -10 -13 -5
right_child=1 2 -4 5 7 -7 -8 -9 11 -11 -12 12 -14 -15
leaf_value=-0.0089795829553005954 -0.00028124233439008633 -0.0048839545193374067 0.00019563894313922624 -0.0027299845070977054 -0.0035176199580236383 -0.0011072420643206226 0.002548759801886063 0.00019573098275940508 0.00028208414825470218 -0.0045051508563161372 0.0038984461684101498 0.011913603164297491 -0.0029093010075075653 0.0078689719750582639
leaf_weight=101.44782488793135 4401.3166928365827 30.615353286266327 745.31099379062653 24.835250198841095 776.47728872299194 690.26131058484316 501.72828905284405 299.3648612126708 85.182498782873154 202.88351072371006 1042.6497383564711 49.880047753453255 17.27540186047554 78.665308699011803
leaf_count=887 21305 174 3974 118 4842 3088 3711 1840 401 1051 5914 232 81 374
internal_value=-5.62161e-06 0.000534782 0.00222478 -0.00194334 -0.00308319 -0.000241514 -5.08825e-05 -0.00248636 -0.000327906 -0.000472487 0.00362458 0.0039053 0.0081354 0.00529868
internal_weight=9047.89 7076.84 1818.58 1971.05 1177.29 793.762 5258.27 1075.84 4756.54 4604.2 1073.27 152.338 67.1554 103.501
internal_count=47992 36843 10062 11149 7569 3580 26781 6682 23070 22356 6088 714 313 492
is_linear=0
shrinkage=0.02


Tree=165
num_leaves=15
num_cat=0
split_feature=20 11 13 20 11 20 21 23 11 24 23 12 22 22
split_gain=22.9095 15.735 13.8734 9.93716 8.21754 8.07961 7.51006 7.03133 10.977 7.34934 9.08496 7.81301 7.75955 6.74678
threshold=7.5352361396303911 30.840473245365903 92.500000000000014 5.466036960985627 28.35422236142027 8.5996988364134168 1.0242139001846218 1.5000000000000002 26.185690935609717 1.5000000000000002 1.0000000180025095e-35 39.500000000000007 7.5000000000000009 1.5000000000000002
decision_type=2 2 2 2 2 2 2 2 2 2 2 2 2 2
left_child=1 2 6 13 -2 -6 -1 9 -9 11 -11 -4 -12 -3
right_child=4 3 7 -5 5 -7 -8 8 -10 10 12 -13 -14 -15
leaf_value=-0.0063259725134525904 0.0030027438563911828 -0.0056115899686487117 -0.0058602831550968607 0.002092774789624584 -0.00083239177316048966 0.0028588974632072139 -0.0020873085177863311 -0.0089486587131600587 0.0012994227114985915 -0.00080274239945155577 0.0046743237284420447 -0.00045885173872691111 -0.0034387295685720022 0.0020578894954232079
leaf_weight=188.08114612847567 1103.403609007597 119.30735650658607 106.24988692998886 1141.2095432430506 648.86205820739269 367.07261677086353 1394.5797102078795 88.90797283500433 72.796214461326599 346.38361775875092 345.69236733019352 3001.2845176458359 50.495857819914818 68.904968842864037
leaf_count=1814 6392 712 497 5349 3681 2627 7513 490 364 1736 1721 14561 228 307
internal_value=-5.53774e-06 -0.000562833 -0.00102779 0.00138883 0.00181125 0.000506838 -0.00261062 -0.000400395 -0.00442257 -0.000225429 0.00155483 -0.000653292 0.00360533 -0.00281283
internal_weight=9043.23 6923.89 5594.47 1329.42 2119.34 1015.93 1582.66 4011.81 161.704 3850.11 742.572 3107.53 396.188 188.212
internal_count=47992 35292 28924 6368 12700 6308 9327 19597 854 18743 3685 15058 1949 1019
is_linear=0
shrinkage=0.02


Tree=166
num_leaves=15
num_cat=0
split_feature=13 0 13 1 21 2 10 19 23 19 19 20 7 3
split_gain=22.0889 14.9585 12.7766 9.78333 7.98151 10.0181 7.87245 8.67716 7.24959 8.576 6.93495 6.88591 6.53857 6.23805
threshold=105.83333333333336 60.703627652292958 92.500000000000014 1.5000000000000002 1.0242139001846218 168.50000000000003 1.0000000180025095e-35 8.6409273444402253 1.5000000000000002 6.856905199499896 8.4298848039722376 7.587214236824094 2.5000000000000004 52.150000000000006
decision_type=2 2 2 2 2 2 2 2 2 2 2 2 2 2
left_child=1 2 4 13 -1 -6 7 10 -8 -10 -4 -5 -2 -3
right_child=12 3 6 11 5 -7 8 -9 9 -11 -12 -13 -14 -15
leaf_value=-0.0061472081389309357 0.0026366482280214022 -0.0049130471396349896 0.00052388031890920114 -0.0036282232339777593 -0.0027118499407461504 0.0010121164383493941 -0.00054317342675268114 0.0044312684301381043 -0.011424757261425786 2.61155600966237e-05 -0.010923401920528493 0.0015574894455559988 -0.001582274510535441 0.0037029739662088929
leaf_weight=186.39936373382807 1362.2247811108828 31.114853240549564 713.40133002400398 174.79574701189995 1164.9080230072141 379.86640706658363 3637.2353419438004 257.20571577548981 49.048898331820965 49.988174960017204 16.807006418704987 232.93112942576408 160.69959057867527 621.37575227022171
leaf_count=1809 9541 138 3295 725 6332 2005 17477 1154 284 243 77 1070 1035 2807
internal_value=-5.64688e-06 -0.000451295 -0.000813335 0.00174448 -0.00228068 -0.00179451 -0.000273305 0.00130999 -0.000693461 -0.00590231 0.000185185 -0.000677843 0.00218644 0.00325483
internal_weight=9038 7515.08 6454.86 1060.22 1731.17 1544.77 4723.69 987.414 3736.27 99.0371 730.208 407.727 1522.92 652.491
internal_count=47992 37416 32676 4740 10146 8337 22530 4526 18004 527 3372 1795 10576 2945
is_linear=0
shrinkage=0.02


Tree=167
num_leaves=15
num_cat=0
split_feature=13 0 0 10 23 19 1 13 12 2 0 2 17 15
split_gain=21.2484 14.6133 12.6103 10.0686 10.8319 8.67267 8.33132 7.54125 7.43262 7.36839 12.5228 7.26228 7.18355 7.07514
threshold=105.83333333333336 41.356605065023963 62.090349075975361 1.0000000180025095e-35 1.0000000180025095e-35 8.6409273444402253 1.5000000000000002 89.500000000000014 39.500000000000007 162.50000000000003 63.582477754962362 160.50000000000003 1.0000000180025095e-35 1.0000000180025095e-35
decision_type=2 2 2 2 2 2 2 2 2 2 2 2 2 2
left_child=1 12 3 5 8 11 9 -6 -5 10 -4 -3 -1 -10
right_child=-2 2 6 4 7 -7 -8 -9 13 -11 -12 -13 -14 -15
leaf_value=-0.005941751743573336 0.0021458267901425638 -0.0028285650171194832 0.0068799650770751033 -0.0028751365338841556 -0.0078836033066401363 0.0037119661437616364 -0.0004683779408567628 -0.002278892469189683 -0.00074519941084006769 0.0070906587413382465 -0.0020755560318157008 0.0010679363316263447 0.0032077602009324482 0.0013003632815930485
leaf_weight=257.61966548860073 1520.7630804479122 253.9970748052001 103.06208968162537 508.82978495210409 119.81685170531273 346.41604682803154 265.59007044136524 459.94088763743639 3265.8072710484266 176.90734162926674 143.53752064704895 727.14329178631306 35.970499098300934 847.37052987515926
leaf_count=2051 10576 1236 467 2856 719 1563 1168 2291 15927 792 663 3429 185 4069
internal_value=-5.84958e-06 -0.000442848 -0.000263019 -0.000535352 -0.000932229 0.00101589 0.00229978 -0.00349813 -0.000606514 0.00402563 0.00172165 4.7957e-05 -0.00477912 -0.000322233
internal_weight=9032.77 7512.01 7218.42 6529.32 5201.77 1327.56 689.097 579.758 4622.01 423.507 246.6 981.14 293.59 4113.18
internal_count=47992 37416 35180 32090 25862 6228 3090 3010 22852 1922 1130 4665 2236 19996
is_linear=0
shrinkage=0.02


Tree=168
num_leaves=15
num_cat=0
split_feature=13 15 7 21 4 20 9 21 11 2 8 2 2 20
split_gain=20.5177 16.2058 12.2894 9.72461 8.40461 7.04727 6.75005 7.56604 6.38027 6.17398 7.77552 5.86679 5.56272 5.59415
threshold=92.500000000000014 1.0000000180025095e-35 1.5000000000000002 1.1309119749760661 148.50000000000003 4.9948802190280635 1.0000000180025095e-35 1.1171005696926202 44.451284155808636 162.50000000000003 1.0000000180025095e-35 148.50000000000003 149.50000000000003 7.847310061601644
decision_type=2 2 2 2 2 2 2 2 2 2 2 2 2 2
left_child=3 4 8 -1 5 -2 -7 -8 12 -5 -11 -4 -3 -14
right_child=1 2 11 9 -6 6 7 -9 -10 10 -12 -13 13 -15
leaf_value=-0.0046190423033907503 -0.0048658960306400129 -0.0044404559066471127 0.011265565565171531 -0.0024071520137884284 0.0023897952259376971 -3.0236549101046838e-05 -0.013849615663717292 -0.0021937896125022861 -0.0087345537922230154 0.00080725758357479615 -0.0051579602198228427 -0.00013344975371662178 0.0029016068570139131 0.0061436747220065561
leaf_weight=390.51450196653605 128.03807350248098 28.623205035924911 13.510949462652205 750.13586596399546 498.74234843254089 4422.3337418809533 21.117932952940464 179.85908353328705 12.149420797824858 728.38706272095442 94.219308540225029 730.78821234405041 713.37727451324463 315.57066559791565
leaf_count=3232 1008 162 77 3832 3711 21040 133 889 76 3594 491 3897 3660 2190
internal_value=-5.73736e-06 0.000496886 0.00212377 -0.00181194 -6.63435e-05 -0.000326823 -0.000195564 -0.00373471 0.00349192 -0.00110123 9.45655e-05 0.000144596 0.0036747 0.00392276
internal_weight=9027.37 7064.11 1814.02 1963.26 5250.09 4751.35 4623.31 200.977 1069.72 1572.74 822.606 744.299 1057.57 1028.95
internal_count=47992 36843 10062 11149 26781 23070 22062 1022 6088 7917 4085 3974 6012 5850
is_linear=0
shrinkage=0.02


Tree=169
num_leaves=15
num_cat=0
split_feature=13 3 0 9 9 3 0 0 0 0 24 1 11 2
split_gain=19.8077 13.8456 14.2752 7.73756 7.62311 7.6128 7.54887 7.21546 9.38489 16.317 13.4822 11.5322 10.0008 7.96639
threshold=105.83333333333336 59.100000000000009 62.872005475701584 1.0000000180025095e-35 1.0000000180025095e-35 101.50000000000001 43.960301163586593 41.356605065023963 49.115674195756334 51.987679671457911 1.0000000180025095e-35 1.5000000000000002 22.483940285460125 158.50000000000003
decision_type=2 2 2 2 2 2 2 2 2 2 2 2 2 2
left_child=1 3 4 6 7 -6 -1 -3 10 11 -9 12 -10 -12
right_child=-2 2 -4 -5 5 -7 -8 8 9 -11 13 -13 -14 -15
leaf_value=-0.0075384787300932597 0.0020744629501062068 -0.0036378091603167253 0.0032823494997288715 -0.012647487415373549 -0.0042202561402707268 0.0076177365520431004 -0.001699830033272736 -0.0006721305590096083 0.0069859770471941461 0.00013318286964646825 -0.0017772521374301755 0.0004335879091937075 -0.0049042659743070011 0.0045741143812108561
leaf_weight=97.018027417361736 1516.9162731617689 230.31473778188229 454.87009854614735 26.189214505255222 293.13231658935547 18.79719440639019 738.78002505749464 569.00188428163528 25.283862091600895 3561.3608020022511 90.067276731133461 290.34441451728344 601.01541247218847 509.44994914531708
leaf_count=878 10576 1680 2073 166 1539 86 3899 3444 134 16031 448 1433 2976 2629
internal_value=-5.89625e-06 -0.000427712 -0.000117101 -0.00280491 -0.000369729 -0.00339165 -0.00242075 -0.000206245 -6.28277e-05 -0.000479915 0.00152907 -0.00285191 -0.00436956 0.00360981
internal_weight=9022.54 7505.63 6643.64 861.987 6188.77 311.93 835.798 5876.84 5646.52 4478 1168.52 916.644 626.299 599.517
internal_count=47992 37416 32473 4943 30400 1625 4777 28775 27095 20574 6521 4543 3110 3077
is_linear=0
shrinkage=0.02


Tree=170
num_leaves=15
num_cat=0
split_feature=20 3 9 20 11 14 11 0 0 20 2 20 20 6
split_gain=19.0999 15.0386 15.9269 13.3101 8.2465 10.2775 8.06826 7.68754 15.8858 9.89791 9.957 7.63031 7.15392 5.82805
threshold=7.5352361396303911 82.350000000000009 1.0000000180025095e-35 4.4299657768651617 31.219392869189488 1.6463142218912885 28.35422236142027 49.115674195756334 51.987679671457911 5.023545516769337 156.50000000000003 8.5996988364134168 7.1344558521560586 1.5000000000000002
decision_type=2 2 2 2 2 2 2 2 2 2 2 2 2 2
left_child=1 2 3 -1 7 12 -2 9 -9 13 -11 -8 -6 -5
right_child=6 -3 -4 4 5 -7 11 8 -10 10 -12 -13 -14 -15
leaf_value=-0.007204281891623217 0.002840138253555718 0.0012737832711994664 -0.0060750023382564579 -0.0037910569114341691 -0.00049168611441671164 0.01356470493621526 -0.00093795649894353578 -0.0036376375705089036 -0.00051632429477725976 -0.0042264409881249054 0.0023339425623331331 0.0026593409600397179 0.0081824589753933703 0.0032949523320792043
leaf_weight=120.55391848832369 1098.4355389922857 1473.2948217466474 231.89307714998722 251.26094058901072 177.25394313782454 26.801317393779755 647.11326377093792 850.95078407973051 2758.7745173648 99.380873076617718 822.53317401558161 364.34750857949257 43.136387214064598 52.340950191020966
leaf_count=1138 6392 7135 1305 2156 832 138 3681 4533 12406 572 4613 2627 198 266
internal_value=-5.92501e-06 -0.00051495 -0.00100093 -0.000768788 -0.000608817 0.00291698 0.00165704 -0.000792306 -0.0012567 0.000573492 0.0016056 0.000362598 0.00134106 -0.00252936
internal_weight=9018.07 6908.17 5434.88 5202.99 5082.43 247.192 2109.9 4835.24 3609.73 1225.52 921.914 1011.46 220.39 303.602
internal_count=47992 35292 28157 26852 25714 1168 12700 24546 16939 7607 5185 6308 1030 2422
is_linear=0
shrinkage=0.02


Tree=171
num_leaves=15
num_cat=0
split_feature=13 6 7 0 20 0 5 20 0 0 11 0 6 10
split_gain=18.9946 15.3102 11.8395 8.3976 7.74979 7.91871 7.93363 7.77978 7.10546 15.3776 6.59964 6.98593 6.34506 6.2871
threshold=92.500000000000014 1.5000000000000002 1.5000000000000002 43.880903490759756 5.466036960985627 49.115674195756334 89.500000000000014 6.2411498973305966 49.115674195756334 51.894592744695423 20.786176581102236 53.961670088980156 1.5000000000000002 1.0000000180025095e-35
decision_type=2 2 2 2 2 2 2 2 2 2 2 2 2 2
left_child=3 4 -3 12 -2 6 -6 -7 -5 -10 11 -9 -1 -12
right_child=1 2 -4 8 5 7 -8 10 9 -11 13 -13 -14 -15
leaf_value=-0.0065459298478884207 -0.0026157404999012888 0.0034060486835071936 0.00011812495196551845 0.0015002812404788326 0.00049228315715315566 -0.0025521048921938855 0.0050223075162056088 -0.012886902195907298 -0.0059690158970021872 -0.00076112062157171522 0.001943085150909967 -0.0015143486559967062 0.0012793193649522764 -0.00012594598767046619
leaf_weight=210.66531144827604 433.3451052159071 1067.0571690052748 743.59424938261509 308.57176347076893 417.15280884504318 476.77637623250484 243.0003462433815 25.008644342422485 281.12646327167749 1109.5473654419184 735.85870143771172 85.110328927636147 48.988294631242752 2828.0541864186525
leaf_count=1965 2753 6088 3974 2042 2151 2402 1507 128 1623 5242 3521 401 277 13918
internal_value=-5.7361e-06 0.000478003 0.00206092 -0.00174572 -6.95759e-05 0.000161831 0.002188 -0.000162178 -0.00122386 -0.00183295 0.000150464 -0.00456204 -0.00506572 0.00030282
internal_weight=9013.86 7054.96 1810.65 1958.9 5244.31 4810.96 660.153 4150.81 1699.25 1390.67 3674.03 110.119 259.654 3563.91
internal_count=47992 36843 10062 11149 26781 24028 3658 20370 8907 6865 17968 529 2242 17439
is_linear=0
shrinkage=0.02


Tree=172
num_leaves=15
num_cat=0
split_feature=13 15 7 21 21 4 20 21 21 11 3 2 2 8
split_gain=18.2648 14.7228 11.3959 8.97943 7.63441 7.86262 6.98488 6.84858 6.67822 6.19109 6.16538 6.03565 5.86517 7.47765
threshold=92.500000000000014 1.0000000180025095e-35 1.5000000000000002 1.1309119749760661 0.9851654003428677 148.50000000000003 8.416454483230666 0.99823788246432177 2.2319522899833122 44.451284155808636 96.250000000000014 155.50000000000003 162.50000000000003 1.0000000180025095e-35
decision_type=2 2 2 2 2 2 2 2 2 2 2 2 2 2
left_child=3 4 9 -1 -2 7 11 -6 -9 10 -3 -7 -5 -14
right_child=1 2 -4 12 5 6 -8 8 -10 -11 -12 -13 13 -15
leaf_value=-0.0044235676556285339 -0.0042533099095141318 0.0029941621429896898 0.00011578303088372984 -0.0023060667234920378 0.0087969606889169438 -0.004246037341065172 0.00047215043558464595 -0.00037680505302458583 0.0044823917462519895 -0.0086881908304370266 0.0081824722640234313 0.0065092390679697253 0.00083259102380694886 -0.0050252918588720432
leaf_weight=387.16386143863201 163.77909123897552 953.81859314441681 743.56397610902786 748.33712317794561 28.685006886720657 19.887160003185272 290.73668502271175 4451.4475346282125 111.04970626533031 12.163564652204512 99.747924938797951 176.80796244740486 727.75105085223913 93.917272336781025
leaf_count=3232 1114 5403 3974 3832 180 150 2171 21315 523 76 609 1328 3594 491
internal_value=-5.8458e-06 0.000468537 0.00202145 -0.00171291 -6.845e-05 7.01638e-05 0.0024722 -0.00018683 -0.000253319 0.00334243 0.00352359 0.00533359 -0.00103127 0.000134266
internal_weight=9008.86 7051.69 1809.29 1957.17 5242.39 5078.61 487.432 4591.18 4562.5 1065.73 1053.57 196.695 1570.01 821.668
internal_count=47992 36843 10062 11149 26781 25667 3649 22018 21838 6088 6012 1478 7917 4085
is_linear=0
shrinkage=0.02


Tree=173
num_leaves=15
num_cat=0
split_feature=13 6 16 21 20 0 5 20 11 2 4 20 21 10
split_gain=17.5686 14.1515 10.9688 8.79534 7.35537 8.3707 7.65259 7.38714 6.35518 6.93266 6.79004 7.31762 6.14958 6.04227
threshold=92.500000000000014 1.5000000000000002 1.0000000180025095e-35 1.0242139001846218 5.4955783709787829 49.115674195756334 89.500000000000014 6.2411498973305966 20.786176581102236 163.50000000000003 124.50000000000001 7.798083504449008 1.1441470484835883 1.0000000180025095e-35
decision_type=2 2 2 2 2 2 2 2 2 2 2 2 2 2
left_child=3 4 -3 -1 -2 6 -6 12 9 -9 -11 -12 -7 -10
right_child=1 2 -4 -5 5 7 -8 8 13 10 11 -13 -14 -15
leaf_value=-0.0057992193887193254 -0.002449077677279574 0.0032800014891404528 0.0001134872969266113 -0.001238796380608959 0.00055484907347071394 0.0030463345345931345 0.0050975036013951184 -0.010916445583155708 0.0019049383339400391 0.0038711295526264711 -0.016639812724623289 0.0019807659594217064 -0.0033927856254807893 -0.00012380040748765603
leaf_weight=183.17794243246317 466.93504527956247 1064.3817873001099 743.5342983007431 1772.3021855354309 386.7894721776247 64.874951474368572 238.24449107050896 37.355839848518372 735.52037996053696 46.061020240187645 12.465865150094034 14.188773736357687 411.10780073702335 2827.5718266218901
leaf_count=1814 2929 6088 3974 9335 1994 354 1489 182 3521 209 58 80 2047 13918
internal_value=-5.68524e-06 0.000459564 0.00198273 -0.00168071 -6.68578e-05 0.000168033 0.00231626 -0.000157496 0.000146987 -0.00447836 -0.000655678 -0.00791733 -0.00248845 0.000296509
internal_weight=9004.51 7049.03 1807.92 1955.48 5241.12 4774.18 625.034 4149.15 3673.16 110.071 72.7157 26.6546 475.983 3563.09
internal_count=47992 36843 10062 11149 26781 23852 3483 20369 17968 529 347 138 2401 17439
is_linear=0
shrinkage=0.02


Tree=174
num_leaves=15
num_cat=0
split_feature=20 3 9 20 11 11 20 0 0 1 1 20 13 6
split_gain=17.1961 13.9207 15.4081 12.2675 7.934 7.91459 7.49924 7.40996 14.6533 12.3915 11.2817 8.85113 7.04311 6.79714
threshold=7.5352361396303911 82.350000000000009 1.0000000180025095e-35 4.4299657768651617 27.822597634473002 31.219392869189488 7.039349760438057 49.115674195756334 51.987679671457911 1.5000000000000002 1.5000000000000002 5.023545516769337 93.166666666666671 1.5000000000000002
decision_type=2 2 2 2 2 2 2 2 2 2 2 2 2 2
left_child=1 2 3 -1 -2 7 -7 11 10 -10 12 -5 -9 -6
right_child=4 -3 -4 5 13 6 -8 8 9 -11 -12 -13 -14 -15
leaf_value=-0.0069486183477377884 0.0028392675803293964 0.0012327994973516303 -0.0059565328356701074 -0.0023595637689632783 -0.00097173296885942541 0.0009049286257334716 0.0090324703029234996 -0.0083470759161507688 0.0003811663713825096 -0.0025308951257420028 0.00016578616359627239 0.0015619264938548153 -0.0035111376506756953 0.0022127631088874342
leaf_weight=118.92256665229797 1017.5594920217991 1471.3755889832973 231.09640840440989 301.40626342594624 626.11881384253502 191.39217590540648 55.407002776861191 172.30793111026287 1923.7671808600426 833.46214661002159 239.58111219108105 920.35749765485525 436.21246761083603 460.87703423202038
leaf_count=1138 5921 7135 1305 2422 3748 906 262 1037 8670 3736 1273 5185 2223 3031
internal_value=-5.79746e-06 -0.000489128 -0.000957318 -0.000728937 0.00157423 -0.000576068 0.00288065 -0.000756015 -0.00121194 -0.000501363 -0.00350323 0.0005872 -0.0049406 0.000380584
internal_weight=8999.84 6895.29 5423.91 5192.82 2104.56 5073.89 246.799 4827.09 3605.33 2757.23 848.102 1221.76 608.52 1087
internal_count=47992 35292 28157 26852 12700 25714 1168 24546 16939 12406 4533 7607 3260 6779
is_linear=0
shrinkage=0.02


Tree=175
num_leaves=15
num_cat=0
split_feature=13 6 3 7 18 8 18 18 9 11 1 13 18 18
split_gain=16.6728 13.3134 13.5323 11.2214 10.9329 10.8431 10.2954 8.40592 8.1563 7.84899 7.40341 6.49007 6.40762 6.69338
threshold=105.83333333333336 2.5000000000000004 59.100000000000009 2.5000000000000004 26.930487580117507 1.0000000180025095e-35 38.473956864326944 39.528895522695734 1.0000000180025095e-35 29.034263797737456 1.5000000000000002 103.50000000000001 17.541247446148343 24.123494535776413
decision_type=2 2 2 2 2 2 2 2 2 2 2 2 2 2
left_child=1 2 5 4 -3 -1 9 8 11 -5 -6 12 -4 -14
right_child=-2 3 7 6 10 -7 -8 -9 -10 -11 -12 -13 13 -15
leaf_value=-0.0024988710857456395 0.0019089820677280855 0.010807648075501473 -0.0030895636746148332 -0.0037785402394474362 0.0048750128656610096 -0.012330189801337826 0.0085572741302611804 0.0024980807597956281 -0.0038437662366354215 0.0028823002442820438 -0.0021952665720915208 -0.01216225029507779 0.0013102032316766655 -0.00050995090680774728
leaf_weight=746.66684757173061 1508.0062847435474 84.737519100308418 308.90859651565552 208.63986629247665 178.94764225184917 43.432547196745872 40.843447715044022 385.70425266027451 278.2356101796031 101.12264689803123 83.40447048842907 13.582202255725859 1006.7862450554967 4006.7325677424669
leaf_count=4337 10576 445 2256 932 1017 286 224 1674 1456 510 460 67 5552 18200
internal_value=-5.82287e-06 -0.000392742 -0.000663743 0.00222778 0.00475029 -0.00311596 -0.00029548 -0.000338165 -0.000535423 -0.0015865 0.0026208 -0.000359105 -0.000317223 -0.000143098
internal_weight=8995.75 7487.74 6790.05 697.696 347.09 790.099 350.606 5999.95 5614.25 309.763 262.352 5336.01 5322.43 5013.52
internal_count=47992 37416 33828 3588 1922 4623 1666 29205 27531 1442 1477 26075 26008 23752
is_linear=0
shrinkage=0.02


Tree=176
num_leaves=15
num_cat=0
split_feature=6 21 7 13 21 2 0 0 12 11 0 2 11 11
split_gain=16.2264 15.7314 10.9315 9.99045 10.4993 9.10088 8.87649 8.77286 12.87 7.93739 7.70573 9.46199 7.28221 7.11207
threshold=1.5000000000000002 0.9851654003428677 1.5000000000000002 103.16666666666667 1.8986993202210674 164.50000000000003 49.728952772073931 49.115674195756334 38.500000000000007 36.057538905882673 62.872005475701584 169.50000000000003 20.786176581102236 30.840473245365903
decision_type=2 2 2 2 2 2 2 2 2 2 2 2 2 2
left_child=1 -1 7 4 5 9 -5 -2 -9 13 -7 -12 -8 -3
right_child=2 3 -4 6 -6 10 12 8 -10 -11 11 -13 -14 -15
leaf_value=-0.0051554489533204061 0.0058384048299382624 -0.0022181655384837578 -0.00023305567932661444 0.0043953769183063731 0.0023744831087399196 -0.0004321667052671646 -0.010072679404913108 -0.0047982032663852646 0.0025068441569421661 -0.010397770038229684 0.0088311232462312522 -0.0012758301875395812 0.00066302467626163525 0.001140620852374843
leaf_weight=272.83765993267298 266.11426666378975 1787.3893783539534 899.02283264696598 278.75621956586838 406.759889960289 2509.4476032406092 20.910543546080589 102.30859977006912 966.49561477452517 38.679363936185837 76.567326098680496 65.294145956635475 1011.2921696305275 289.44589665532112
leaf_count=2313 1452 9099 4700 1726 1741 12409 122 486 5486 198 321 276 6267 1396
internal_value=-5.78753e-06 -0.000494612 0.00146975 -0.000294378 -0.000689847 -0.000953964 0.00126148 0.00261462 0.00178664 -0.00193073 -0.000171672 0.00428055 0.000396102 -0.00174748
internal_weight=8991.32 6757.38 2233.94 6484.54 5173.58 4766.82 1310.96 1334.92 1068.8 2115.51 2651.31 141.861 1032.2 2076.84
internal_count=47992 35868 12124 33555 25440 23699 8115 7424 5972 10693 13006 597 6389 10495
is_linear=0
shrinkage=0.02


Tree=177
num_leaves=15
num_cat=0
split_feature=13 6 7 21 10 4 0 19 23 0 4 13 0 2
split_gain=15.8737 12.5987 10.0645 8.09571 6.86523 7.54257 9.18293 9.83062 9.07175 8.20467 7.99886 7.86989 6.53051 6.05157
threshold=92.500000000000014 1.5000000000000002 1.5000000000000002 1.0242139001846218 1.0000000180025095e-35 137.50000000000003 55.388090349075988 4.3206524823316563 1.0000000180025095e-35 64.214921286789888 170.50000000000003 119.83333333333336 42.410677618069819 149.50000000000003
decision_type=2 2 2 2 2 2 2 2 2 2 2 2 2 2
left_child=3 4 13 -1 12 8 7 -7 -6 10 11 -8 -2 -3
right_child=1 2 -4 -5 5 6 9 -9 -10 -11 -12 -13 -14 -15
leaf_value=-0.005575137219196784 -0.0043892798984411984 -0.0050773585610263293 8.5502112378818472e-05 -0.0011776291357124826 -0.00052215528716718234 -0.011295547025623366 -0.0015789668863300666 0.0038272053617109448 -0.004001849848857166 0.011228063257585564 -0.012530801336408333 0.0071775880753051496 0.001767174220415334 0.0033898709905779961
leaf_weight=181.11828409135342 69.035993218421936 30.44017930328846 742.58247938752174 1769.1119519919157 2912.1889738216996 13.098360165953634 395.84865787625313 424.03389318287373 329.76042975485325 16.836273297667503 19.154020667076111 40.732740744948387 1013.4261263906956 1029.758529022336
leaf_count=1814 464 174 3974 9335 13512 79 2672 2926 1642 119 144 303 4920 5914
internal_value=-5.77358e-06 0.000436667 0.00187615 -0.00160026 -6.00695e-05 -0.00043051 0.0011735 0.00324692 -0.000882332 -0.000754161 -0.00131821 -0.000685436 0.00135432 0.00312219
internal_weight=8987.13 7036.9 1802.78 1950.23 5234.12 4151.65 909.704 437.132 3241.95 472.572 455.735 436.581 1082.46 1060.2
internal_count=47992 36843 10062 11149 26781 21397 6243 3005 15154 3238 3119 2975 5384 6088
is_linear=0
shrinkage=0.02


Tree=178
num_leaves=15
num_cat=0
split_feature=20 3 23 20 11 20 10 1 20 3 14 18 11 20
split_gain=15.3619 12.7487 12.647 11.3181 7.8297 7.33749 7.22059 6.58341 9.0442 6.42501 6.55857 6.37923 8.87156 7.13914
threshold=7.5352361396303911 82.350000000000009 1.5000000000000002 4.4299657768651617 28.35422236142027 8.5996988364134168 1.0000000180025095e-35 1.5000000000000002 5.5186310746064349 68.100000000000009 1.429401993355482 24.123494535776413 36.40760152399708 6.9835044490075298
decision_type=2 2 2 2 2 2 2 2 2 2 2 2 2 2
left_child=1 2 3 -1 -2 -6 -5 8 -3 -4 -11 -10 13 -13
right_child=4 7 9 6 5 -7 -8 -9 11 10 -12 12 -14 -15
leaf_value=-0.0066879224445370068 0.0026580291513275791 -0.0046577319744779914 -0.010626386194703628 0.00093799011677674559 -0.0010633210613382241 0.0024743444479884426 -0.00095199009278714071 0.0026766341663394927 0.0050190265232568513 0.0086088883410017688 -0.0046322725517447833 -0.0037003117355660724 0.0034899402247266726 0.0020722798804267426
leaf_weight=119.49237917363644 1092.6376066058874 134.38534773141146 69.382272370159626 1001.0305968672037 644.76929052174091 361.83969533443451 4109.9492997676134 651.92831291258335 119.86209544539452 12.6294814273715 101.33845636248589 248.66692005097866 189.83024489879608 124.99118782579899
leaf_count=1154 6392 723 426 4846 3681 2627 21112 3195 667 71 548 1100 858 592
internal_value=-5.86855e-06 -0.000462957 -0.000911558 -0.000727029 0.00148952 0.00021231 -0.000580875 0.00118569 -9.54872e-06 -0.00600601 -0.00284798 0.000928834 1.8782e-05 -0.00176219
internal_weight=8982.73 6883.49 5413.82 5230.47 2099.25 1006.61 5110.98 1469.66 817.736 183.35 113.968 683.35 563.488 373.658
internal_count=47992 35292 28157 27112 12700 6308 25958 7135 3940 1045 619 3217 2550 1692
is_linear=0
shrinkage=0.02


Tree=179
num_leaves=15
num_cat=0
split_feature=6 20 18 7 18 20 11 2 18 20 8 11 14 2
split_gain=14.9831 17.5189 10.6017 10.1953 8.56595 12.4199 11.6257 8.06725 7.28297 10.9469 7.27666 9.11562 6.83918 6.27963
threshold=1.5000000000000002 5.5860095824777565 24.123494535776413 1.5000000000000002 24.123494535776413 7.847310061601644 23.229444012384075 166.50000000000003 27.072754627384789 7.017056810403834 1.0000000180025095e-35 23.904146550979281 1.3850160256410258 158.50000000000003
decision_type=2 2 2 2 2 2 2 2 2 2 2 2 2 2
left_child=1 7 -3 4 13 6 -6 -1 9 -4 -10 -12 -13 -2
right_child=3 2 8 -5 5 -7 -8 -9 10 -11 11 12 -14 -15
leaf_value=-0.0040960306762541001 -0.00025281062824937848 0.0026120114845481017 -0.0028407081084554581 -0.00023100949312807164 -0.0054845221109090445 0.0048820395075314642 0.0013309888167667252 -0.00074020922443866299 0.00029260024776756619 0.0034616155657782566 -0.008942765557396648 0.010531918124116248 -0.0018924890381443688 0.007251101810249223
leaf_weight=679.63982846587896 55.200528182089329 551.96506361663342 759.80271240323782 898.63380527496338 114.17075596004725 331.84910137951374 620.38407288491726 500.14465529471636 3833.7914085909724 124.18759877979755 70.704642288386822 14.287647381424902 213.72170859575272 210.41044119745493
leaf_count=4890 303 3083 3793 4700 554 2329 3089 3397 18341 862 371 66 1065 1149
internal_value=-5.79726e-06 -0.000475826 -5.58977e-06 0.00141314 0.00252057 0.00170178 0.000239042 -0.00268422 -0.000296317 -0.00193859 5.6418e-05 -0.00292315 -0.000896069 0.00570836
internal_weight=8978.89 6748.25 5568.46 2230.65 1332.01 1066.4 734.555 1179.78 5016.5 883.99 4132.51 298.714 228.009 265.611
internal_count=47992 35868 27581 12124 7424 5972 3643 8287 24498 4655 19843 1502 1131 1452
is_linear=0
shrinkage=0.02


Tree=180
num_leaves=15
num_cat=0
split_feature=13 14 21 15 7 0 0 2 19 0 20 13 3 12
split_gain=14.5923 11.7738 7.70142 7.12557 8.27883 7.97849 6.20839 7.42898 6.45701 6.66317 6.30956 5.83189 5.54804 5.65912
threshold=92.500000000000014 1.6474730737365371 1.1309119749760661 1.0000000180025095e-35 1.5000000000000002 42.410677618069819 49.115674195756334 158.50000000000003 5.3581609117028064 58.572210814510619 7.8700889801505829 90.833333333333357 52.150000000000006 94.500000000000014
decision_type=2 2 2 2 2 2 2 2 2 2 2 2 2 2
left_child=2 3 -1 5 6 -2 7 -5 10 -10 -8 -4 -3 -14
right_child=1 12 11 4 -6 -7 8 -9 9 -11 -12 -13 13 -15
leaf_value=-0.0040685782286473101 -0.0034523169753022703 -0.0072032422728551026 -0.00075244692866002023 -0.0023304751375046551 -0.00045779996065039175 -5.82520020231082e-05 -0.0059722905035332549 0.0080442876108104185 0.00086256919250688141 0.0052305804060627193 0.0061987613959197099 -0.010785818612671588 0.0030875045990261863 -0.006551040775840733
leaf_weight=381.22224302589893 290.80926430225372 17.901589348912239 1546.4886279776692 31.75007501244545 607.8857484459877 4392.5943326503038 68.531133830547333 133.15388067066669 389.1012978553772 216.42838522791862 17.611247792840004 18.602943450212479 842.10359093546867 20.411099210381508
leaf_count=3232 1987 115 7830 168 3063 21033 318 696 2085 1235 117 87 5878 148
internal_value=-5.62203e-06 0.000418707 -0.00153608 0.000107735 0.00132312 -0.000272885 0.00258463 0.00602519 0.00172413 0.00245711 -0.0032585 -0.000906947 0.00257506 0.00282066
internal_weight=8974.6 7028.28 1946.31 6147.87 1464.46 4683.4 856.576 164.904 691.672 605.53 86.1424 1565.09 880.416 862.515
internal_count=47992 36843 11149 30702 7682 23020 4619 864 3755 3320 435 7917 6141 6026
is_linear=0
shrinkage=0.02


Tree=181
num_leaves=15
num_cat=0
split_feature=6 20 0 7 0 20 0 12 20 8 2 21 20 3
split_gain=14.0143 16.4055 10.9107 9.55348 8.77232 11.2749 8.07392 11.9342 7.33785 7.28134 6.62102 8.6943 6.57679 6.60935
threshold=1.5000000000000002 5.531882272416154 49.115674195756334 1.5000000000000002 52.031485284052032 7.017056810403834 49.115674195756334 38.500000000000007 7.847310061601644 1.0000000180025095e-35 166.50000000000003 1.1921541848518384 8.416454483230666 69.65000000000002
decision_type=2 2 2 2 2 2 2 2 2 2 2 2 2 2
left_child=1 10 -3 6 5 -4 -2 -8 -9 -6 -1 -12 13 -11
right_child=3 2 4 -5 9 -7 7 8 -10 12 11 -13 -14 -15
leaf_value=-0.0040143085636806502 0.0055383350371647055 0.0024865397926243818 -0.0030155632271807228 -0.00022355766183981444 0.00029233548373027801 0.0033813857339058135 -0.0046987081015871035 0.0010642992590579991 0.0047476542764689315 -0.0085215685375714043 -0.0026031902835365888 0.0033811824573361004 0.0048026302282828306 -0.001756141608617978
leaf_weight=634.61927865445614 265.18100742250681 611.12622442096472 774.82823788374662 898.49942992627621 3841.5731033012271 123.81183003634214 102.13581961393356 633.72086909413338 328.35950543731451 82.957276433706284 324.66754768043756 132.66764964163303 34.34569476544857 181.99255600571632
leaf_count=4648 1452 3415 3888 4700 18386 862 486 3167 2319 412 2401 761 245 850
internal_value=-5.72734e-06 -0.000460437 -2.55503e-05 0.00136748 -0.000332743 -0.00211817 0.00244112 0.00164519 0.00234155 5.63292e-05 -0.00269869 -0.000845075 -0.00292136 -0.00400044
internal_weight=8970.49 6742.59 5650.63 2227.9 5039.51 898.64 1329.4 1064.22 962.08 4140.87 1091.95 457.335 299.296 264.95
internal_count=47992 35868 28058 12124 24643 4750 7424 5972 5486 19893 7810 3162 1507 1262
is_linear=0
shrinkage=0.02


Tree=182
num_leaves=15
num_cat=0
split_feature=13 14 21 6 7 0 0 11 3 20 9 21 3 12
split_gain=13.7179 11.0526 7.41379 6.56259 7.69583 7.51999 5.77728 6.19504 6.61617 6.03667 5.58429 6.31403 5.35852 5.47083
threshold=92.500000000000014 1.6474730737365371 1.0242139001846218 1.5000000000000002 1.5000000000000002 42.410677618069819 49.115674195756334 23.147701634739175 63.20000000000001 7.8700889801505829 1.0000000180025095e-35 1.4712465008096773 52.150000000000006 94.500000000000014
decision_type=2 2 2 2 2 2 2 2 2 2 2 2 2 2
left_child=2 3 -1 5 6 -2 -5 9 -9 -8 -4 -12 -3 -14
right_child=1 12 10 4 -6 -7 7 8 -10 -11 11 -13 13 -15
leaf_value=-0.0053197698251801328 -0.0033519195750416932 -0.0070963417413449029 -0.00082677013385194244 0.0058126244198424947 -0.00044419828699479856 -5.2316905196212052e-05 -0.0058696215392158172 0.0090089602105839581 0.0016990504753254102 0.0060600043637547112 -0.01035954429030669 0.00048178926116298652 0.0030044880610132136 -0.0064592950707136401
leaf_weight=178.80956112593412 289.95354080945253 17.96110412478447 1681.9643234759569 164.55181960016489 608.00231139361858 4391.4759741947055 68.557445019483566 50.185560926795006 554.17639191448689 17.494847193360329 48.02215176820755 34.841899171471596 839.5683906301856 20.474469065666199
leaf_count=1814 1987 115 8873 864 3063 21033 318 262 3058 117 298 164 5878 148
internal_value=-5.60288e-06 0.000405894 -0.0014906 0.000104786 0.00127186 -0.000260469 0.00249003 0.00165915 0.00237828 -0.00322271 -0.00108758 -0.00601031 0.0024983 0.00274085
internal_weight=8966.04 7022.4 1943.64 6144.4 1462.97 4681.43 854.966 690.414 604.362 86.0523 1764.83 82.8641 878.004 860.043
internal_count=47992 36843 11149 30702 7682 23020 4619 3755 3320 435 9335 462 6141 6026
is_linear=0
shrinkage=0.02


Tree=183
num_leaves=15
num_cat=0
split_feature=20 3 9 20 19 19 14 0 0 1 1 2 2 20
split_gain=13.2063 11.6852 13.9598 10.6749 7.74146 7.30957 9.98158 6.97753 13.5772 11.7892 10.7927 8.5978 8.34271 8.30063
threshold=7.5352361396303911 82.350000000000009 1.0000000180025095e-35 4.4299657768651617 7.7409698423321815 9.7465049477302355 1.6463142218912885 49.115674195756334 51.987679671457911 1.5000000000000002 1.5000000000000002 156.50000000000003 154.50000000000003 5.023545516769337
decision_type=2 2 2 2 2 2 2 2 2 2 2 2 2 2
left_child=1 2 3 -1 -2 7 -7 11 10 -10 -9 -5 -11 -13
right_child=4 -3 -4 5 -6 6 -8 8 9 12 -12 13 -14 -15
leaf_value=-0.0065122129793881572 0.0026367790193164886 0.0011498302148110129 -0.0056397327407671652 -0.0039866470459393281 0.00020209069101338552 0.0012718176357450067 0.013352583509002779 -0.004740535690311418 0.00042757767034480782 -0.015031654420510422 0.00026349283603455923 -0.0018528059796293717 -0.0020809594475557766 0.002226260009467418
leaf_weight=116.12658759951591 1011.3002725020051 1467.4033925905824 229.00311332195997 137.41027259081602 1080.7246378213167 219.64840265363455 26.597030758857727 604.83975397050381 1921.528678804636 15.632308483123778 238.61475898325443 258.67860477417707 816.38950806111097 818.24343989789486
leaf_count=1138 5921 7135 1305 894 6779 1030 138 3260 8670 71 1273 2100 3665 4613
internal_value=-5.65375e-06 -0.000429647 -0.000859677 -0.000642471 0.00138347 -0.000501003 0.00282438 -0.000674368 -0.00111673 -0.000433443 -0.00332932 0.000633518 -0.00241501 0.00124058
internal_weight=8962.14 6870.12 5402.71 5173.71 2092.02 5057.58 246.245 4811.34 3597.01 2753.55 843.455 1214.33 832.022 1076.92
internal_count=47992 35292 28157 26852 12700 25714 1168 24546 16939 12406 4533 7607 3736 6713
is_linear=0
shrinkage=0.02


Tree=184
num_leaves=15
num_cat=0
split_feature=6 20 0 7 0 20 0 12 2 20 11 8 11 14
split_gain=13.0492 15.2261 9.66978 8.97149 8.05619 11.2956 7.62136 11.3128 7.46977 6.88726 7.85733 6.64494 8.61342 6.67275
threshold=1.5000000000000002 5.5860095824777565 49.553730321697479 1.5000000000000002 52.031485284052032 7.017056810403834 49.115674195756334 38.500000000000007 166.50000000000003 7.847310061601644 23.229444012384075 1.0000000180025095e-35 23.904146550979281 1.3850160256410258
decision_type=2 2 2 2 2 2 2 2 2 2 2 2 2 2
left_child=1 8 -3 6 5 -4 -2 -8 -1 10 -9 -6 -13 -14
right_child=3 2 4 -5 11 -7 7 9 -10 -11 -12 12 13 -15
leaf_value=-0.0038764458041933999 0.0053748160731517634 0.0022990479671328541 -0.0031381704367177726 -0.00022121004930857464 0.00027249954732462377 0.0034849600601729066 -0.0045906427735688477 -0.0042300089489772149 -0.0006393527271744702 0.0046066845464558751 0.0019563252472081425 -0.0086748082803174333 0.010445774597940062 -0.0018229958214752917
leaf_weight=674.1463964432478 264.6039020344615 638.19173902273178 677.50071661174297 898.06304168701172 3831.3680782243609 116.76364402472973 102.02777461707592 91.687393851578236 498.34507405012846 326.59482116997242 541.57120858132839 70.280102945864201 14.300360798835753 213.37231069803238
leaf_count=4890 1452 3537 3388 4700 18341 813 486 441 3397 2319 2726 371 66 1065
internal_value=-5.74816e-06 -0.000444757 -6.9789e-06 0.00132036 -0.000308319 -0.0021463 0.00236246 0.00158828 -0.00251084 0.00226753 0.00103137 4.68961e-05 -0.00280415 -0.000835872
internal_weight=8958.82 6734.27 5561.78 2224.55 4923.59 794.264 1326.49 1061.88 1172.49 959.853 633.259 4129.32 297.953 227.673
internal_count=47992 35868 27581 12124 24044 4201 7424 5972 8287 5486 3167 19843 1502 1131
is_linear=0
shrinkage=0.02


Tree=185
num_leaves=15
num_cat=0
split_feature=13 14 21 10 0 13 6 20 20 23 7 3 4 2
split_gain=12.6346 10.2302 6.97936 6.5542 6.07999 5.33481 8.01001 9.08338 9.27675 7.79253 5.86183 5.56996 6.21236 8.39442
threshold=92.500000000000014 1.6474730737365371 1.0242139001846218 1.0000000180025095e-35 64.099931553730343 106.50000000000001 2.5000000000000004 6.3245722108145115 6.7849828884325811 1.0000000180025095e-35 2.5000000000000004 59.100000000000009 120.50000000000001 169.50000000000003
decision_type=2 2 2 2 2 2 2 2 2 2 2 2 2 2
left_child=2 3 -1 4 -2 6 9 -8 -9 -5 -7 -11 -13 -14
right_child=1 -3 -4 5 -6 10 7 8 -10 11 -12 12 13 -15
leaf_value=-0.0051629055024873128 0.0011449553240979128 0.0024060369636151316 -0.0010421311669455075 -0.00050241246918427578 0.0098496113368367142 0.0018240891956974683 0.0074558861743064331 -0.0055958519415123774 0.0024164985423148285 -0.011594247319175816 -0.0033726018017885763 -0.00079021325244066636 -0.00080341106298617972 -0.011059238809412312
leaf_weight=177.41029474139214 1240.3830175250769 875.11428374797106 1762.3871996328235 3255.4871510490775 28.153475761413574 737.45356233417988 92.85010027885437 71.988868996500969 226.72021318972111 26.736307077109814 93.442842334508896 240.81377301365137 62.063423097133636 63.686873473227024
leaf_count=1814 5998 6141 9335 14983 135 5057 438 347 1241 151 584 1245 256 267
internal_value=-5.62564e-06 0.000389352 -0.00143234 9.98612e-05 0.00137763 -0.000233547 -0.000534225 0.00216536 0.000418602 -0.000827037 0.0012206 -0.00346901 -0.00272295 -0.00623711
internal_weight=8954.69 7014.89 1939.8 6139.78 1268.54 4871.24 4040.35 391.559 298.709 3648.79 830.896 393.3 366.564 125.75
internal_count=47992 36843 11149 30702 6133 24569 18928 2026 1588 16902 5641 1919 1768 523
is_linear=0
shrinkage=0.02


Tree=186
num_leaves=15
num_cat=0
split_feature=6 20 18 16 18 20 18 12 2 20 19 3 13 8
split_gain=12.3353 14.3835 9.25046 8.62998 7.7381 10.7259 7.34716 10.8136 7.20875 6.54701 7.53586 6.36892 6.76087 6.29332
threshold=1.5000000000000002 5.5860095824777565 24.55572190669476 1.0000000180025095e-35 27.072754627384789 7.017056810403834 24.123494535776413 38.500000000000007 166.50000000000003 7.847310061601644 5.3960708522195047 63.20000000000001 97.833333333333357 1.0000000180025095e-35
decision_type=2 2 2 2 2 2 2 2 2 2 2 2 2 2
left_child=1 8 -3 6 5 -4 -2 -8 -1 10 -9 12 -12 -6
right_child=3 2 4 -5 13 -7 7 9 -10 -11 11 -13 -14 -15
leaf_value=-0.003787834576197531 0.0052672721615520147 0.0022488936711517432 -0.0030713412075258745 -0.00022723992845778053 0.00026539542151311134 0.0033924322805085399 -0.0044955415852450525 -0.0041458067549594631 -0.00060488296323825668 0.0044987998159351115 0.011230519386785605 0.001117706456170284 -0.0039328361133939742 -0.0027299997845006431
leaf_weight=671.98356118053198 264.23762775957584 637.75543451309204 676.64284640550613 897.81833370029926 3830.0846530720592 116.35558025538921 101.95817671716213 91.647886358201504 497.78183234483004 325.22385646402836 45.543627128005028 483.29254820942879 12.31349593400955 297.68635783344507
leaf_count=4890 1452 3537 3388 4700 18341 813 486 441 3397 2319 207 2446 73 1502
internal_value=-5.68738e-06 -0.000432675 -7.35115e-06 0.00128439 -0.000302163 -0.0021051 0.00230779 0.00154688 -0.0024434 0.00221203 0.00100757 0.00191396 0.00791541 4.58482e-05
internal_weight=8950.33 6728.29 5558.52 2222.04 4920.77 792.998 1324.22 1059.98 1169.77 958.021 632.798 541.15 57.8571 4127.77
internal_count=47992 35868 27581 12124 24044 4201 7424 5972 8287 5486 3167 2726 280 19843
is_linear=0
shrinkage=0.02


Tree=187
num_leaves=15
num_cat=0
split_feature=13 14 18 19 19 14 21 9 10 21 18 20 3 13
split_gain=11.8882 9.64761 6.86409 8.06293 6.9798 6.56597 8.22269 6.40201 6.30311 6.02767 5.89745 5.23244 5.17822 4.97937
threshold=92.500000000000014 1.6474730737365371 17.103687843783224 9.5113480554312062 9.0682267445503619 1.5932149246102736 1.6946429521467048 1.0000000180025095e-35 1.0000000180025095e-35 1.464570103670122 41.088012270668692 8.7045311430527068 52.150000000000006 106.50000000000001
decision_type=2 2 2 2 2 2 2 2 2 2 2 2 2 2
left_child=2 8 -1 4 7 -5 -7 -4 10 -9 11 -2 -3 -10
right_child=1 12 3 5 -6 6 -8 9 13 -11 -12 -13 -14 -15
leaf_value=-0.0061444209899547669 0.001346263226968512 -0.007085223658222335 -0.001105847510042929 -0.00041172579630791532 -0.0085863733566695528 0.014886893760504775 0.0023879646202818829 -0.010726543343121168 -0.00052082733610555167 0.0019004860801760063 0.0097066360910619109 -0.0062297119048352924 0.002579047600039114 0.0011756703837864165
leaf_weight=109.73666923493147 1207.3417831137776 17.965756259858608 1404.804408788681 191.03142836689949 51.709638260304928 23.945994429290295 89.203052893280983 47.984802678227425 4038.473006926477 18.939573734998703 28.053635641932487 32.629916615784168 855.05061645060778 829.60001295059919
leaf_count=1060 5761 115 7984 929 262 118 387 320 18928 89 135 237 6026 5641
internal_value=-5.52238e-06 0.000377696 -0.00139039 -0.00108787 -0.00168198 0.00186027 0.00556813 -0.00140979 9.66945e-05 -0.00724159 0.00134997 0.00112108 0.00233867 -0.000230396
internal_weight=8946.47 7009.11 1937.36 1827.62 1523.44 304.18 113.149 1471.73 6136.1 66.9244 1268.03 1239.97 873.016 4868.07
internal_count=47992 36843 11149 10089 8655 1434 505 8393 30702 409 6133 5998 6141 24569
is_linear=0
shrinkage=0.02


Tree=188
num_leaves=15
num_cat=0
split_feature=6 3 20 0 22 0 0 12 0 2 2 9 2 11
split_gain=11.7728 13.9621 8.53285 10.379 8.31394 7.25211 7.10096 10.3406 6.73748 7.76324 8.08343 6.56427 7.82819 6.54287
threshold=1.5000000000000002 59.100000000000009 5.6294455852156071 49.115674195756334 3.5000000000000004 44.034223134839159 49.115674195756334 38.500000000000007 62.872005475701584 164.50000000000003 166.50000000000003 1.0000000180025095e-35 157.50000000000003 36.40760152399708
decision_type=2 2 2 2 2 2 2 2 2 2 2 2 2 2
left_child=1 5 11 -4 6 -1 -2 -8 13 -10 -11 12 -3 -5
right_child=4 2 3 8 -6 -7 7 -9 9 10 -12 -13 -14 -15
leaf_value=-0.0082714974678760531 0.0051716652692990342 -0.0059433765418749817 0.0029954838338861695 -0.00050598383145756458 -0.00022816792165007577 -0.0022393058273319404 -0.0043978581716442528 0.0021634120973018844 -0.00046076233184268764 0.011788070497125408 0.002656497568427139 -0.0082380653894552035 -0.00064500855515484232 0.0029406798434253706
leaf_weight=87.852459989488125 263.96647547930479 124.24321472644806 487.56627428531647 3848.0879922658205 897.51476650685072 647.77230420708656 101.89780366420746 956.60472738742828 197.60784974694252 48.63874052464962 160.12927587330341 54.390209876000881 837.92047081142664 228.59663932025433
leaf_count=866 1452 800 2726 18758 4700 3635 486 5486 966 229 764 400 5574 1150
internal_value=-5.49374e-06 -0.000422792 -0.000101912 0.000239651 0.00125543 -0.00301338 0.00226087 0.0015122 -6.26236e-05 0.00237644 0.00501929 -0.00176701 -0.00135844 -0.00030886
internal_weight=8942.79 6722.81 5987.18 4970.63 2219.98 735.625 1322.47 1058.5 4483.06 406.376 208.768 1016.55 962.164 4076.68
internal_count=47992 35868 31367 24593 12124 4501 7424 5972 21867 1959 993 6774 6374 19908
is_linear=0
shrinkage=0.02


Tree=189
num_leaves=15
num_cat=0
split_feature=20 3 10 8 0 0 0 3 21 9 3 0 23 11
split_gain=11.3648 9.76745 8.27667 7.93562 7.24689 7.22039 17.0067 9.31531 6.3203 6.12619 6.02856 7.98116 5.94566 12.0954
threshold=8.1464476386036981 59.100000000000009 1.0000000180025095e-35 1.0000000180025095e-35 62.872005475701584 49.115674195756334 42.410677618069819 79.970000000000013 0.82999756013193193 1.0000000180025095e-35 64.600000000000009 64.214921286789888 1.5000000000000002 26.135649654604212
decision_type=2 2 2 2 2 2 2 2 2 2 2 2 2 2
left_child=1 3 4 8 5 6 -3 -8 -1 -10 -2 -12 -4 -14
right_child=10 2 12 -5 -6 -7 7 -9 9 -11 11 -13 13 -15
leaf_value=-0.0098228655986796927 0.0053725113938574223 -0.0030079068779522828 -0.0002575759638925108 -0.0096507699283739801 0.0076389885504889116 0.00016043506027837941 0.0032128002513171828 0.011455400497440552 -0.0010655417907139526 -0.012248129152403336 0.00078690430201697431 0.0088884150166995465 -0.0099408048928905143 0.001168095394355473
leaf_weight=32.265713281929493 167.12473247945309 107.78062996268272 5414.0646925121546 49.8054463788867 64.493806406855583 1035.0890693441033 151.46494264155626 87.622731380164623 775.76310683786869 15.223047666251658 842.6077087149024 46.823320239782333 70.890061415731907 78.587053216993809
leaf_count=311 1129 750 27679 327 279 4757 840 459 4396 89 5842 285 438 411
internal_value=-5.43573e-06 -0.00026711 -1.77299e-05 -0.00225566 0.0013271 0.00100461 0.00347996 0.00641458 -0.0017503 -0.00135886 0.00193711 0.00126294 -0.000368605 -0.00423863
internal_weight=8939.61 7883.05 7009.99 873.057 1446.45 1381.96 346.868 239.088 823.252 790.986 1056.56 889.431 5563.54 149.477
internal_count=47992 40736 35613 5123 7085 6806 2049 1299 4796 4485 7256 6127 28528 849
is_linear=0
shrinkage=0.02


Tree=190
num_leaves=15
num_cat=0
split_feature=6 3 8 20 0 7 0 0 20 11 9 0 11 11
split_gain=11.2648 13.1382 10.0901 8.18143 9.86391 8.00733 7.48154 6.82027 9.80574 9.59488 6.31309 6.28667 6.28269 7.60102
threshold=1.5000000000000002 59.100000000000009 1.0000000180025095e-35 5.6294455852156071 49.115674195756334 1.5000000000000002 44.034223134839159 49.115674195756334 7.847310061601644 23.229444012384075 1.0000000180025095e-35 62.872005475701584 36.40760152399708 26.02687868645496
decision_type=2 2 2 2 2 2 2 2 2 2 2 2 2 2
left_child=1 2 6 10 -5 7 -1 -2 9 -9 -3 12 13 -6
right_child=5 3 -4 4 11 -7 -8 8 -10 -11 -12 -13 -14 -15
leaf_value=-0.0077812218619802021 0.0050694594852410983 -0.0013340429426200774 -0.012036563159268845 0.002919085249796765 0.00046325256601895229 -0.00022746329781264129 -0.0015020442378427265 -0.0050170901758730922 0.0043440476111528742 0.0011818402088854861 -0.0080995073393411669 0.0022947672510688628 0.0028847375741608209 -0.0013171334370676688
leaf_weight=82.75551076233387 263.77558612823486 961.43892407417297 41.039948530495167 487.31823635101318 1779.1405348181725 897.35746276378632 610.29168280214071 113.90573493391275 325.06601971387863 618.52759316563606 54.048051327466965 405.84975774586201 228.43550594896078 2068.339249804616
leaf_count=822 1452 6374 284 2726 8601 4700 3395 554 2329 3089 400 1959 1150 10157
internal_value=-5.40153e-06 -0.000413728 -0.00292956 -0.000102606 0.000231795 0.00122838 -0.00230506 0.00221577 0.00148157 0.000187609 -0.00173401 -6.28854e-05 -0.000300657 -0.000493801
internal_weight=8937.29 6718.66 734.087 5984.57 4969.08 2218.63 693.047 1321.27 1057.5 732.433 1015.49 4481.77 4075.92 3847.48
internal_count=47992 35868 4501 31367 24593 12124 4217 7424 5972 3643 6774 21867 19908 18758
is_linear=0
shrinkage=0.02


Tree=191
num_leaves=15
num_cat=0
split_feature=13 14 0 19 19 14 21 9 10 21 0 23 20 3
split_gain=10.8487 8.88649 6.48101 7.65516 6.78642 6.25322 7.92532 5.99517 5.8388 5.76412 5.53136 5.5258 5.09379 4.93463
threshold=92.500000000000014 1.6474730737365371 41.356605065023963 9.5113480554312062 9.0682267445503619 1.5932149246102736 1.6946429521467048 1.0000000180025095e-35 1.0000000180025095e-35 1.464570103670122 64.099931553730343 1.0000000180025095e-35 8.7045311430527068 52.150000000000006
decision_type=2 2 2 2 2 2 2 2 2 2 2 2 2 2
left_child=2 8 -1 4 7 -5 -7 -4 10 -9 12 -6 -2 -3
right_child=1 13 3 5 11 6 -8 9 -10 -11 -12 -13 -14 -15
leaf_value=-0.005970608148627007 0.0012991873335972375 -0.0069344944257597897 -0.0010549821299337618 -0.00038388209135435301 -0.012394693549379386 0.014579101916655136 0.0023256682623728573 -0.010459646466182726 -0.00022385465522427602 0.0019002397065826402 0.009415806007697947 0.0010471486092905448 -0.0061693689864935784 0.0024822192386236229
leaf_weight=108.73310287296772 1206.613402761519 18.045014061033726 1402.5316457673907 190.86867517232895 35.417201235890388 24.049951449036598 89.187041565775871 47.377979159355164 4863.5534249320626 18.931900709867477 27.855656132102013 16.116587474942207 32.691870555281639 852.03805470466614
leaf_count=1060 5761 115 7984 929 185 118 387 320 24569 89 135 77 237 6026
internal_value=-5.50169e-06 0.00036065 -0.00133 -0.00103678 -0.00161675 0.00183555 0.00545151 -0.00134838 9.11209e-05 -0.00701696 0.00129774 -0.00843472 0.00107657 0.00224613
internal_weight=8934.01 7000.8 1933.21 1824.48 1520.38 304.106 113.237 1468.84 6130.71 66.3099 1267.16 51.5338 1239.31 870.083
internal_count=47992 36843 11149 10089 8655 1434 505 8393 30702 409 6133 262 5998 6141
is_linear=0
shrinkage=0.02


Tree=192
num_leaves=15
num_cat=0
split_feature=6 3 7 20 18 18 18 12 9 2 18 2 2 11
split_gain=10.7865 12.5664 7.71359 7.71173 9.43692 6.72363 6.59001 9.76427 6.06251 7.57125 6.00236 7.50179 7.839 6.01033
threshold=1.5000000000000002 59.100000000000009 1.5000000000000002 5.6294455852156071 24.123494535776413 19.390128089627606 24.123494535776413 38.500000000000007 1.0000000180025095e-35 157.50000000000003 39.528895522695734 164.50000000000003 166.50000000000003 36.40760152399708
decision_type=2 2 2 2 2 2 2 2 2 2 2 2 2 2
left_child=1 5 6 8 -5 -1 -2 -8 9 -3 13 -12 -13 -6
right_child=2 3 -4 4 10 -7 7 -9 -10 -11 11 12 -14 -15
leaf_value=-0.0079659785344256794 0.0049784576395642847 -0.0058147502384540131 -0.0002264299638196628 0.0028529416528715111 -0.00048578770223736521 -0.0021249577400184686 -0.0042950677396996909 0.0020840295280763321 -0.0079451773710635526 -0.00059390927640298144 -0.00054808174701421065 0.011521430370578477 0.0025189138665133799 0.0028200182046788213
leaf_weight=86.669688783586025 263.54309352487326 123.66665855050087 897.15432203561068 487.010319031775 3846.8652814850211 646.34102413058281 101.79212535917759 954.36694734543562 53.66685226559639 836.54867868125439 197.29634208977222 48.411650702357292 159.77468766272068 228.2386123239994
leaf_count=866 1452 800 4700 2726 18758 3635 486 5486 400 5574 966 229 764 1150
internal_value=-5.5157e-06 -0.000405182 0.00120229 -0.000100945 0.000223582 -0.00286759 0.00217226 0.00144999 -0.00168625 -0.00129501 -6.46281e-05 0.00224018 0.00484286 -0.000296917
internal_weight=8931.35 6714.49 2216.86 5981.48 4967.6 733.011 1319.7 1056.16 1013.88 960.215 4480.59 405.483 208.186 4075.1
internal_count=47992 35868 12124 31367 24593 4501 7424 5972 6774 6374 21867 1959 993 19908
is_linear=0
shrinkage=0.02


Tree=193
num_leaves=15
num_cat=0
split_feature=6 3 8 7 0 0 12 0 10 3 0 12 0 2
split_gain=10.3657 12.0965 9.82242 7.41647 7.01582 6.33726 9.39568 6.23646 6.05813 5.89526 7.39421 9.45075 6.02785 5.79928
threshold=1.5000000000000002 59.100000000000009 1.0000000180025095e-35 1.5000000000000002 44.034223134839159 49.115674195756334 38.500000000000007 39.552361396303908 1.0000000180025095e-35 62.100000000000009 56.02874743326489 49.500000000000007 49.912388774811781 158.50000000000003
decision_type=2 2 2 2 2 2 2 2 2 2 2 2 2 2
left_child=1 2 4 5 -1 13 -7 -3 -9 10 11 -10 -13 -2
right_child=3 7 -4 -5 -6 6 -8 8 9 -11 -12 12 -14 -15
leaf_value=-0.0075327376231438163 -0.00081718517834043997 -0.008222982132759309 -0.01182475727375179 -0.00022191316507603399 -0.0014245811798522827 -0.0042145920995899071 0.0020439978823175659 0.0012039912124205512 -0.0023813472579962548 -0.0006023621359854505 0.0049279920458305902 0.012608616046202647 0.0006899483621871877 0.0063745443767707789
leaf_weight=81.846992865204811 54.836176015436649 32.56194656342268 40.775367468595505 897.20766767859459 609.63406600058079 101.75691097229719 953.70171593874693 1223.1498492658138 207.43341961503029 4275.1455642580986 176.10841526836157 26.365975022315979 39.17483688890934 208.59836721420288
leaf_count=822 303 261 284 4700 3395 486 5486 6175 1250 22464 821 175 221 1149
internal_value=-5.45687e-06 -0.00039732 -0.00281459 0.00117875 -0.00219933 0.00213034 0.00142169 -9.88822e-05 -4.71968e-05 -0.000372495 0.00179391 -0.000273111 0.00606684 0.00488274
internal_weight=8928.3 6712.2 732.256 2216.1 691.481 1318.89 1055.46 5979.94 5947.38 4724.23 449.083 272.974 65.5408 263.435
internal_count=47992 35868 4501 12124 4217 7424 5972 31367 31106 24931 2467 1646 396 1452
is_linear=0
shrinkage=0.02


Tree=194
num_leaves=15
num_cat=0
split_feature=20 0 0 24 0 8 21 11 0 20 9 14 14 3
split_gain=10.2729 8.85361 9.57989 11.8359 11.075 11.9453 10.7742 9.30472 8.19517 8.03117 6.96409 6.47988 6.2246 5.92189
threshold=8.1464476386036981 41.356605065023963 49.115674195756334 1.0000000180025095e-35 51.642710472279269 1.0000000180025095e-35 1.196087915296228 24.450423660588502 48.2422997946612 5.5860095824777565 1.0000000180025095e-35 1.7791327913279134 1.8525314305130822 64.600000000000009
decision_type=2 2 2 2 2 2 2 2 2 2 2 2 2 2
left_child=1 -1 3 8 9 -6 10 -7 11 -4 -5 -3 -13 -2
right_child=13 2 4 6 5 7 -8 -9 -10 -11 -12 12 -14 -15
leaf_value=-0.0034957029761253965 0.0052562385655784104 -0.0018176181356436747 -0.0064852957117795254 0.0011766072128025307 0.00018580002842284748 -0.0082830274308439162 0.0047120345002687053 -0.0013845261093845898 0.0070352596684093794 -0.0015985363946475638 -0.0076570241349923143 0.017503004281268209 -0.0015019059791559824 0.0011762689091705414
leaf_weight=318.26885061711073 166.38090417534113 596.36366268992424 156.73678598552942 405.37088425457478 4581.7590446695685 109.91102684289217 494.73940523713827 256.21872510761023 44.701282538473606 853.92221311479807 34.087104827165604 8.9826889783144015 11.83243530243635 886.93733551353216
leaf_count=2499 1129 3894 985 2437 21271 574 2746 1214 241 4484 248 75 68 6127
internal_value=-5.46907e-06 -0.000254233 -0.000115187 0.00125816 -0.000484139 -9.31286e-05 0.00270267 -0.00354452 -0.000782644 -0.00238656 0.000408485 -0.00140408 0.00842368 0.00184441
internal_weight=8926.21 7872.89 7554.63 1596.08 5958.55 4947.89 934.197 366.13 661.88 1010.66 439.458 617.179 20.8151 1053.32
internal_count=47992 40736 38237 9709 28528 23059 5431 1788 4278 5469 2685 4037 143 7256
is_linear=0
shrinkage=0.02


Tree=195
num_leaves=15
num_cat=0
split_feature=0 4 1 3 9 3 20 0 0 0 2 3 2 22
split_gain=10.0623 11.4845 7.75319 8.0932 7.39461 8.78643 8.47789 8.62025 13.1255 7.44345 7.24911 7.1107 6.99319 6.58221
threshold=60.703627652292958 140.50000000000003 1.5000000000000002 50.350000000000009 1.0000000180025095e-35 61.100000000000009 4.4299657768651617 49.408624229979473 51.642710472279269 43.960301163586593 169.50000000000003 104.50000000000001 170.50000000000003 1.5000000000000002
decision_type=2 2 2 2 2 2 2 2 2 2 2 2 2 2
left_child=1 4 3 -2 6 -6 -1 9 10 13 -9 -7 -12 -8
right_child=2 -3 -4 -5 5 11 7 8 -10 -11 12 -13 -14 -15
leaf_value=-0.0053354043092611212 -0.0075967505798504274 0.002222801398148531 -0.00034404076774379285 0.0031362571195491041 -0.012164801789339231 -0.002973620431466378 -0.001936999308254406 -0.0040202369708246021 -0.00022064739132629787 0.0020542407130557903 0.0065392407087643944 0.008733326149265596 -0.0018161960489860858 0.0026671235991968119
leaf_weight=130.25104428082705 24.364620119333267 659.53361827135086 512.01284288614988 805.97441881150007 35.557538188993931 288.98111855983734 463.04816338419914 631.68024401366711 3993.553814984858 996.87304976582527 48.916913785040379 17.453166618943214 150.82474075257778 164.04429621994495
leaf_count=1254 120 5013 2567 4147 235 1578 3325 3349 18938 5513 254 85 773 841
internal_value=-5.31543e-06 -0.000288428 0.00158717 0.00277534 -0.000529449 -0.00337608 -0.000378723 -0.000274246 -0.000698618 0.000983656 -0.00297701 -0.00217092 0.000330013 -0.000717849
internal_weight=8923.07 7580.72 1342.35 830.339 6921.18 341.992 6579.19 6448.94 4824.98 1623.97 831.422 306.434 199.742 627.092
internal_count=47992 41158 6834 4267 36145 1898 34247 32993 23314 9679 4376 1663 1027 4166
is_linear=0
shrinkage=0.02


Tree=196
num_leaves=15
num_cat=0
split_feature=13 14 0 0 19 2 10 12 0 0 0 4 0 2
split_gain=9.7558 8.00751 6.07038 9.68799 7.8395 5.63036 5.38198 5.34306 7.15814 4.95905 12.0674 7.35001 8.82811 6.82333
threshold=92.500000000000014 1.6474730737365371 55.292265571526364 55.957563312799458 4.4436658745277882 156.50000000000003 1.0000000180025095e-35 53.500000000000007 64.099931553730343 49.408624229979473 43.880903490759756 110.50000000000001 51.894592744695423 171.50000000000003
decision_type=2 2 2 2 2 2 2 2 2 2 2 2 2 2
left_child=2 6 4 5 -1 -4 7 8 -2 10 -6 12 -11 -12
right_child=1 -3 3 -5 9 -7 -8 -9 -10 11 13 -13 -14 -15
leaf_value=-0.0075943871171630442 0.0011856704236221265 0.0021356947444552245 -0.0022823514521274658 -0.00078354621940974524 -0.0037695891382477226 0.0081729502324989732 -0.000216291108268471 -0.0072704552232652408 0.010786160903109665 -0.004732025815148224 0.00097222228413488339 -0.0066616230866390702 0.0013290544775314359 0.0090818835637244705
leaf_weight=93.85834202170372 1215.405243255198 866.5683411359787 24.557755388319492 685.8134632781148 220.20847328007221 78.160638056695461 4858.6690699383616 23.866047479212284 27.059774272143841 173.56859809160233 250.60253608226776 152.54659846425056 203.82518683373928 45.336014278233051
leaf_count=887 5823 6141 118 3088 1916 374 24569 180 130 1030 1633 735 1096 272
internal_value=-5.34922e-06 0.000341934 -0.00126307 8.43347e-05 -0.00219314 0.00566483 8.62908e-05 0.0012451 0.00143876 -0.0016728 -0.000267286 -0.00302271 -0.00147871 0.00235147
internal_weight=8920.05 6991.57 1928.48 788.532 1139.95 102.718 6125 1266.33 1242.47 1046.09 516.147 529.94 377.394 295.939
internal_count=47992 36843 11149 3580 7569 492 30702 6133 5953 6682 3821 2861 2126 1905
is_linear=0
shrinkage=0.02


Tree=197
num_leaves=15
num_cat=0
split_feature=6 3 8 7 20 0 0 13 11 20 11 14 8 24
split_gain=9.68329 11.409 9.3429 7.16163 6.90395 8.56542 6.59399 6.15889 5.89091 11.1017 8.69373 8.24461 6.82339 9.32783
threshold=1.5000000000000002 59.100000000000009 1.0000000180025095e-35 1.5000000000000002 5.6294455852156071 49.115674195756334 42.410677618069819 76.166666666666671 25.711930380235053 7.6647227926078036 26.778167414559132 2.0054347826086958 1.0000000180025095e-35 1.5000000000000002
decision_type=2 2 2 2 2 2 2 2 2 2 2 2 2 2
left_child=1 2 6 -2 -3 -6 -1 -7 9 12 -10 -12 13 -9
right_child=3 4 -4 -5 5 7 -8 8 10 -11 11 -13 -14 -15
leaf_value=-0.0082973582096342001 0.002076162646854372 -0.0015969615158058137 -0.011561039992879687 -0.00023654149775204352 0.0027190735689512201 0.01112547613796486 -0.001500819836817136 9.5045311860188534e-05 -0.0032452983356694642 0.0042226858716652984 -7.0307229633944417e-05 -0.012353663789328735 -0.0047487772409593341 0.0083474101492584645
leaf_weight=58.544488184154034 1316.7557579651475 1010.8785218521953 40.397247724235058 896.49018916487694 486.38831388950348 14.593534976243971 631.14939285069704 1343.1223778426647 444.79012461751699 303.73534007370472 2196.9126940220594 17.082884848117828 104.56754239648581 52.15116086602211
leaf_count=621 7424 6774 284 4700 2726 66 3596 6158 2154 1755 10852 101 534 247
internal_value=-5.25045e-06 -0.00038421 -0.00273549 0.00114006 -9.44857e-05 0.000212418 -0.00213619 -6.21946e-05 -0.000111641 0.00076888 -0.000710011 -0.000193608 5.6408e-05 0.000433627
internal_weight=8917.56 6704.31 730.091 2213.25 5974.22 4963.34 689.694 4476.96 4462.36 1803.58 2658.79 2214 1499.84 1395.27
internal_count=47992 35868 4501 12124 31367 24593 4217 21867 21801 8694 13107 10953 6939 6405
is_linear=0
shrinkage=0.02


Tree=198
num_leaves=15
num_cat=0
split_feature=0 13 21 9 21 1 3 0 2 11 3 23 6 0
split_gain=9.47307 10.5717 8.09081 7.88287 8.69265 7.47473 7.78253 7.47045 7.20419 9.21914 7.16255 7.39184 5.77876 5.70615
threshold=60.703627652292958 106.83333333333336 0.82999756013193193 1.0000000180025095e-35 1.2181830500064164 1.5000000000000002 50.350000000000009 56.485968514715957 159.50000000000003 34.079559578546345 99.500000000000014 1.0000000180025095e-35 2.5000000000000004 49.115674195756334
decision_type=2 2 2 2 2 2 2 2 2 2 2 2 2 2
left_child=1 2 -1 8 -5 6 -2 -6 12 10 13 -12 -4 -10
right_child=5 -3 3 4 7 -7 -8 -9 9 -11 11 -13 -14 -15
leaf_value=-0.0093049545021759873 -0.0074596482010547494 0.0021106647198368099 -0.0018473322772391461 -0.0090114502931600629 0.00067228902030573166 -0.000355520712084851 0.0030629938011762455 -0.0065603073965182362 0.001127250781697921 0.0032841113274717209 -0.0010402451124261701 -0.016575939230174336 0.0019532093776600101 -0.00049049103063631295
leaf_weight=36.656695730984211 24.374754332005978 668.89601157605648 1482.0337531268597 79.185033872723579 182.35207448899746 511.76846515387297 804.81931329518557 77.410396724939346 1177.4592408165336 330.38909935206175 31.156455293297768 16.356998890638351 174.72978907823563 3316.8675257340074
leaf_count=367 120 4970 7784 560 944 2567 4147 377 7304 1636 158 78 945 16035
internal_value=-5.32715e-06 -0.000280153 -0.000513418 -0.000459468 -0.00341131 0.00154063 0.00270842 -0.00155869 -0.000303426 8.39438e-05 -0.000151763 -0.00749568 -0.00144064 -6.5436e-05
internal_weight=8914.46 7573.49 6904.6 6867.94 338.948 1340.96 829.194 259.762 6528.99 4872.23 4541.84 47.5135 1656.76 4494.33
internal_count=47992 41158 36188 35821 1881 6834 4267 1321 33940 25211 23575 236 8729 23339
is_linear=0
shrinkage=0.02


Tree=199
num_leaves=15
num_cat=0
split_feature=0 6 0 20 20 3 8 2 10 3 0 0 20 17
split_gain=9.31449 8.71194 9.05947 9.05896 10.7497 8.82062 9.63069 5.69543 5.63924 6.22501 6.22721 8.05379 7.25029 5.27599
threshold=41.356605065023963 1.5000000000000002 49.115674195756334 7.3058179329226567 7.2431211498973314 59.100000000000009 1.0000000180025095e-35 158.50000000000003 1.0000000180025095e-35 62.100000000000009 56.02874743326489 49.99178644763861 5.7800958247775496 1.0000000180025095e-35
decision_type=2 2 2 2 2 2 2 2 2 2 2 2 2 2
left_child=13 5 7 4 -4 6 -2 -3 -7 10 11 12 -10 -1
right_child=1 2 3 -5 -6 8 -8 -9 9 -11 -12 -13 -14 -15
leaf_value=-0.0047420318128138109 -0.001744101488885311 -0.00091171525072744901 -0.0001645607904481776 0.00211973215438553 -0.0092029551973445596 0.0012384538752249949 -0.011460968330659134 0.0055015690110839675 0.00014871690017956876 -0.00054917474655742302 0.0048004415386263535 -0.0030474036908245462 0.010613922679933106 0.0012790581911471019
leaf_weight=243.45622032880783 654.54152412712574 67.207476668059826 889.8877397403121 871.14626436680555 50.996528565883636 1180.8421508222818 38.940174840390682 268.25042088329792 73.989351533353329 4138.9792828410864 175.87919578701258 147.95916295796633 36.716846026480198 73.0123585537076
leaf_count=2051 3832 364 4101 5598 270 5856 272 1431 520 21436 821 784 208 448
internal_value=-5.68559e-06 0.000119031 0.00122095 0.000655244 -0.00070262 -0.000248319 -0.00237072 0.0042163 8.94893e-06 -0.000309067 0.00195361 -2.88316e-05 0.00394557 -0.0033484
internal_weight=8911.8 8595.34 2147.49 1812.03 940.884 6447.85 693.482 335.458 5754.37 4573.52 434.545 258.665 110.706 316.469
internal_count=47992 45493 11764 9969 4371 33729 4104 1795 29625 23769 2333 1512 728 2499
is_linear=0
shrinkage=0.02


Tree=200
num_leaves=15
num_cat=0
split_feature=0 4 21 1 3 21 20 3 13 6 7 0 0 0
split_gain=8.98669 10.1928 7.61107 7.17619 7.48053 6.56572 6.02743 5.62196 7.56299 6.96222 7.04521 5.30812 12.4391 9.44516
threshold=60.703627652292958 140.50000000000003 0.82999756013193193 1.5000000000000002 50.350000000000009 1.0179853601363245 7.587214236824094 64.050000000000011 86.500000000000014 2.5000000000000004 1.5000000000000002 49.613963039014386 51.642710472279269 43.804243668720062
decision_type=2 2 2 2 2 2 2 2 2 2 2 2 2 2
left_child=1 2 -1 4 -2 -3 -5 8 -6 10 -9 13 -13 -4
right_child=3 5 11 6 7 -7 -8 9 -10 -11 -12 12 -14 -15
leaf_value=-0.0090486013958902822 -0.0073192352831149676 -0.0082057013629571324 -0.0014092681872945264 -0.0033215127884853026 -0.0033267823174879018 0.0024704425571735579 0.0012013608329032137 0.0019626249080937999 0.0074797346168847898 0.0063545450527040231 -0.0045448015435294335 -0.0030907248801145173 -0.00035598048719951645 0.0015081117936646099
leaf_weight=36.450144819915295 24.389245480298996 19.026392556726933 692.47258555144072 174.77012351155281 27.22730852663517 637.40794499963522 336.90098349750042 420.2095630839467 168.14255636930466 114.29189509898424 73.918744191527367 787.18404068052769 4181.6385241597891 1215.2685242891312
leaf_count=367 120 135 4912 727 114 4878 1840 2067 846 741 379 4163 19895 6808
internal_value=-5.6444e-06 -0.000273366 -0.000500212 0.00150075 0.00264606 0.00209829 -0.000356827 0.00299429 0.00591829 0.00201151 0.000949369 -0.000448068 -0.000792305 0.000447199
internal_weight=8909.3 7569.45 6913.01 1339.85 828.179 656.434 511.671 803.79 195.37 608.42 494.128 6876.56 4968.82 1907.74
internal_count=47992 41158 36145 6834 4267 5013 2567 4147 960 3187 2446 35778 24058 11720
is_linear=0
shrinkage=0.02


Tree=201
num_leaves=15
num_cat=0
split_feature=13 24 7 2 2 9 12 3 11 12 21 11 10 0
split_gain=8.84775 6.59756 8.50802 9.70999 9.05947 8.10559 6.69554 6.10084 5.92408 6.70624 9.99405 6.1056 6.90625 5.58386
threshold=92.500000000000014 1.5000000000000002 1.5000000000000002 149.50000000000003 148.50000000000003 1.0000000180025095e-35 36.500000000000007 97.500000000000014 30.840473245365903 44.500000000000007 1.8123998665202941 30.113496445536359 1.0000000180025095e-35 41.356605065023963
decision_type=2 2 2 2 2 2 2 2 2 2 2 2 2 2
left_child=8 5 3 -3 -4 7 -6 -2 11 13 -11 -1 -13 -10
right_child=1 2 4 -5 6 -7 -8 -9 9 10 -12 12 -14 -15
leaf_value=-0.0014522373444089698 -0.00010372775599107445 -0.0085875110083754973 0.01241961612983053 0.0026816411389414237 0.0068539081486175156 -0.0044167788124439564 -0.00081640816505569103 0.0030572033184930614 -0.011530695200934775 0.012581441596328747 0.00013545247296980413 0.0042412532695545388 -0.0114742707892431 0.00018868133620874293
leaf_weight=1551.1071611046791 4424.7929434552789 26.575462192296982 17.444510214030743 1146.8940441086888 42.895014196634293 161.7610627040267 908.22694525867701 253.46517097204924 12.627195402979849 39.729474201798439 62.047483250498772 11.516857810318468 42.679175302386284 204.71134570986032
leaf_count=9322 22159 171 100 7121 190 881 4944 1277 90 185 268 54 232 998
internal_value=-5.75698e-06 0.000325088 0.00124789 0.00238938 -0.000138199 -8.37682e-05 -0.000434357 7.01836e-05 -0.00120488 0.00126547 0.00537422 -0.0016996 -0.00802472 -0.000727203
internal_weight=8906.47 6982.06 2142.04 1173.47 968.566 4840.02 951.122 4678.26 1924.42 319.115 101.777 1605.3 54.196 217.339
internal_count=47992 36843 12526 7292 5234 24317 5134 23436 11149 1541 453 9608 286 1088
is_linear=0
shrinkage=0.02


Tree=202
num_leaves=15
num_cat=0
split_feature=0 6 0 3 8 20 0 11 2 0 14 3 3 17
split_gain=8.72893 8.14475 8.68646 8.42844 9.35161 8.34873 7.83479 5.49106 5.48569 5.13446 5.32522 5.0316 9.97943 5.01351
threshold=41.356605065023963 1.5000000000000002 49.115674195756334 59.100000000000009 1.0000000180025095e-35 8.3411362080766605 62.027378507871326 23.430528703152891 158.50000000000003 64.214921286789888 2.2516666666666674 63.20000000000001 69.65000000000002 1.0000000180025095e-35
decision_type=2 2 2 2 2 2 2 2 2 2 2 2 2 2
left_child=13 3 8 4 -2 6 -4 -8 -3 10 -5 -7 -13 -1
right_child=1 2 5 9 -6 11 7 -9 -10 -11 -12 12 -14 -15
leaf_value=-0.0046126871389712042 -0.0016997372114004948 -0.00091650611172600235 -0.00053711080493927174 -3.1546782588022874e-05 -0.011296275912215346 0.0096066130622248658 -0.0040962820497521249 0.0059981522983649435 0.005378372951913242 0.0044364664804920359 -0.010228109753330885 -0.0060004071935245949 0.0038432442185923378 0.0012602350510914893
leaf_weight=242.20643808692694 653.7950661405921 67.162944346666336 1312.1012712195516 5638.0022668093443 38.728870563209057 40.781375005841255 22.110328689217567 120.04049514234066 267.91304302215576 98.015767730772495 15.565101802349089 43.69474645704031 270.92589612305164 72.974537543952465
leaf_count=2051 3832 364 6640 29071 272 300 101 607 1431 462 92 326 1995 448
internal_value=-5.59193e-06 0.00011499 0.00118121 -0.000240202 -0.00231641 0.000626895 -4.69206e-05 0.00432862 0.00411582 1.12333e-05 -6.89858e-05 0.003352 0.00239741 -0.00324822
internal_weight=8904.02 8588.84 2144.73 6444.11 692.524 1809.65 1454.25 142.151 335.076 5751.58 5653.57 355.402 314.621 315.181
internal_count=47992 45493 11764 33729 4104 9969 7348 708 1795 29625 29163 2621 2321 2499
is_linear=0
shrinkage=0.02


Tree=203
num_leaves=15
num_cat=0
split_feature=0 4 9 3 20 0 0 24 3 2 14 2 2 20
split_gain=8.41197 9.51392 6.70103 8.22838 7.45229 7.72149 12.6394 8.24017 6.7569 6.5692 6.23962 6.31504 5.6265 5.46307
threshold=60.703627652292958 140.50000000000003 1.0000000180025095e-35 61.100000000000009 4.4299657768651617 49.488021902806302 51.642710472279269 1.0000000180025095e-35 104.50000000000001 169.50000000000003 1.7791327913279134 160.50000000000003 170.50000000000003 6.1669678302532516
decision_type=2 2 2 2 2 2 2 2 2 2 2 2 2 2
left_child=1 2 4 -4 -1 7 9 10 -5 -7 -6 -12 13 -11
right_child=-2 -3 3 8 5 6 -8 -9 -10 12 11 -13 -14 -15
leaf_value=-0.0050224341353801204 0.0014529829331089992 0.0020298373129582544 -0.011759731932724161 -0.0028221703935560655 -0.0010098421395308289 -0.0039531149172657796 -0.00018813723059314249 0.002205232623933118 0.0085951301134969526 0.010081952612318763 0.017929647260814096 0 -0.0016683573508417388 -0.0035518567398343821
leaf_weight=128.27143260836601 1337.8800841346383 654.72381570935249 35.060253717005253 288.11366506665945 714.88389714062214 606.19268228858709 3990.1410313621163 909.70373200625181 17.422216579318047 32.308099381625652 9.2490477636456507 17.93823416531086 145.98523369431496 13.847288087010382
leaf_count=1254 6834 5013 235 1578 4626 3225 18938 5034 85 168 66 115 749 72
internal_value=-5.58531e-06 -0.000264628 -0.000483657 -0.00319909 -0.000340224 -0.000242833 -0.000649727 0.000933941 -0.00203679 -0.00293878 -0.000626184 0.00798964 0.000270357 0.00600515
internal_weight=8901.72 7563.84 6909.12 340.596 6568.52 6440.25 4788.47 1651.77 305.536 798.333 742.071 27.1873 192.141 46.1554
internal_count=47992 41158 36145 1898 34247 32993 23152 9841 1663 4214 4807 181 989 240
is_linear=0
shrinkage=0.02


Tree=204
num_leaves=15
num_cat=0
split_feature=0 6 0 20 20 11 13 8 11 0 21 21 5 7
split_gain=8.36772 7.75342 8.22117 8.10987 10.2239 6.27254 6.07173 8.28121 10.5712 6.95791 7.28907 6.47447 8.5302 7.40473
threshold=41.356605065023963 1.5000000000000002 49.553730321697479 7.3058179329226567 7.2431211498973314 20.450141799056251 103.16666666666667 1.0000000180025095e-35 26.574254369555586 49.728952772073931 1.0114473425558173 1.8986993202210674 81.500000000000014 1.5000000000000002
decision_type=2 2 2 2 2 2 2 2 2 2 2 2 2 2
left_child=-1 5 -3 4 -4 -2 7 11 -9 10 -8 12 -7 -14
right_child=1 2 3 -5 -6 6 9 8 -10 -11 -12 -13 13 -15
leaf_value=-0.0031855773557638851 -0.0036620046253647062 0.0038434480696265339 -0.00018914329467468194 0.0019651371226123674 -0.0089999065485214733 -0.00025223741306559788 -0.0079787361472757057 -0.0063605826044713897 0.00046412222571825542 0.00036762118375316248 0.0049584746222270139 0.0022630347137516439 -0.0064011568826491221 0.0069373031782527144
leaf_weight=314.12817101180553 201.70881078392267 370.44695216417313 858.60635086148977 862.83616127073765 51.184541299939156 4083.6254272162914 14.233437016606329 198.94198351353407 161.54804360121489 1006.2318556681275 235.71209046989679 384.6237166672945 140.48316277563572 14.519481003284453
leaf_count=2499 1279 1985 3945 5564 270 20297 89 1144 784 6293 1496 1651 634 62
internal_value=-5.34647e-06 0.000112577 0.00115332 0.000580783 -0.000733502 -0.000233986 -0.00012001 -0.000433639 -0.00333221 0.00111947 0.00407187 -0.000203839 -0.000430564 -0.00496147
internal_weight=8898.83 8584.7 2143.07 1772.63 909.791 6441.63 6239.92 4983.74 360.49 1256.18 249.946 4623.25 4238.63 155.003
internal_count=47992 45493 11764 9779 4215 33729 32450 24572 1928 7878 1585 22644 20993 696
is_linear=0
shrinkage=0.02


Tree=205
num_leaves=15
num_cat=0
split_feature=13 6 7 11 3 2 11 12 3 11 10 2 0 9
split_gain=8.16151 6.35924 6.17906 6.11557 5.82746 5.61829 5.57263 6.4237 6.97329 5.95311 6.70832 5.78543 5.68794 5.40231
threshold=92.500000000000014 1.5000000000000002 1.5000000000000002 44.451284155808636 96.250000000000014 148.50000000000003 30.840473245365903 44.500000000000007 86.250000000000014 30.113496445536359 1.0000000180025095e-35 161.50000000000003 53.572895277207401 1.0000000180025095e-35
decision_type=2 2 2 2 2 2 2 2 2 2 2 2 2 2
left_child=6 -2 3 4 -3 -4 9 -8 12 13 -11 -10 -9 -1
right_child=1 2 5 -5 -6 -7 7 8 11 10 -12 -13 -14 -15
leaf_value=-0.0011225817829845156 -4.0684353202215155e-05 0.0020093108579997783 0.010906162943010389 -0.0096867201675429754 0.0071087700883788298 -0.00032940009178545259 -0.00071445793055228306 0.019664467555920898 -0.0065930335300155851 0.0041839612530235448 -0.011307975439728649 0.0051796262146157632 0.0041849512411961717 -0.0066341562416771631
leaf_weight=1477.96601716429 5197.0366905406117 930.60579638183117 13.245254568755625 11.804212659597395 96.098312526941299 725.44756942987442 217.13276936113834 14.200509645044802 22.002027451992035 11.520650982856749 42.476005680859089 38.734916366636753 26.939772307872772 70.274165853857994
leaf_count=8860 26781 5403 77 76 609 3897 1088 67 96 54 232 173 117 462
internal_value=-5.42302e-06 0.000312436 0.0013434 0.00233427 0.00252069 -5.32798e-05 -0.00115812 0.00123772 0.00525593 -0.00163875 -0.00789427 0.000707445 0.0111233 -0.00139459
internal_weight=8895.48 6974.24 1777.2 1038.51 1026.7 738.693 1921.25 319.01 101.877 1602.24 53.9967 60.7369 41.1403 1548.24
internal_count=47992 36843 10062 6088 6012 3974 11149 1541 453 9608 286 269 184 9322
is_linear=0
shrinkage=0.02


Tree=206
num_leaves=15
num_cat=0
split_feature=0 6 0 3 20 20 10 3 0 21 2 9 0 0
split_gain=8.02672 7.20834 7.92694 7.87762 7.7161 9.85795 5.23033 6.08088 5.82805 8.10951 8.1437 4.99754 4.89047 6.6681
threshold=41.356605065023963 1.5000000000000002 49.553730321697479 59.100000000000009 7.3058179329226567 7.2431211498973314 1.0000000180025095e-35 62.100000000000009 56.02874743326489 1.1731006873855672 160.50000000000003 1.0000000180025095e-35 59.579739904175234 58.468172484599599
decision_type=2 2 2 2 2 2 2 2 2 2 2 2 2 2
left_child=-1 3 -3 11 5 -4 12 8 9 10 -8 -2 13 -5
right_child=1 2 4 6 -6 -7 7 -9 -10 -11 -12 -13 -14 -15
leaf_value=-0.0031225282085493261 -0.0018896865294172017 0.0037570990615222147 -0.00019393614252526871 0.00081724181630590147 0.0019041981282155724 -0.008834630970315397 0.010826007676119201 -0.00052474294620846989 0.0047051858797246306 -0.0033644651437210412 0.00011206195205291575 -0.011143918365781215 0.0035132683585719759 -0.0082263353346155449
leaf_weight=313.60042566806078 671.61191438883543 370.09290011972189 858.45015754550695 875.44681859761477 861.21948353201151 51.33918984234333 37.164411343634129 4133.989433310926 175.73584942519665 132.67162603884935 88.299946680665016 19.597258992493153 275.40316069126129 28.856682792305946
leaf_count=2499 3965 1985 3945 4405 5564 270 245 21436 821 705 562 139 1314 137
internal_value=-5.12773e-06 0.000110335 0.00111436 -0.000223831 0.000551947 -0.000729337 1.91879e-05 -0.000287298 0.00195076 1.41988e-05 0.0035943 -0.00223309 0.0012038 0.000482811
internal_weight=8893.48 8579.88 2141.1 6438.78 1771.01 909.789 5747.57 4567.86 433.872 258.136 125.464 691.209 1179.71 904.304
internal_count=47992 45493 11764 33729 9779 4215 29625 23769 2333 1512 807 4104 5856 4542
is_linear=0
shrinkage=0.02


Tree=207
num_leaves=15
num_cat=0
split_feature=0 13 9 11 20 2 2 14 0 24 11 10 20 0
split_gain=7.8394 7.92588 8.8619 7.66729 7.32874 7.01616 14.846 6.46462 6.35962 5.30454 7.96426 4.99504 4.75193 8.31606
threshold=62.872005475701584 106.83333333333336 1.0000000180025095e-35 28.731834188907118 4.4299657768651617 164.50000000000003 166.50000000000003 2.1602564102564106 63.500342231348398 1.5000000000000002 33.132884571542036 1.0000000180025095e-35 6.0246406570841904 56.485968514715957
decision_type=2 2 2 2 2 2 2 2 2 2 2 2 2 2
left_child=1 2 4 12 -1 8 -7 11 -2 -5 -11 -6 -4 -14
right_child=5 -3 3 9 7 6 -8 -9 -10 10 -12 -13 13 -15
leaf_value=-0.0048745263986194956 0.0058378048435829138 0.0017846991352419143 -0.0093141781218632844 -0.0035728414220750934 0.00096811401403316163 0.012194755699193928 0.0017780143248377156 -0.0082986001120976642 -0.0010691709369752254 0.0092370424102083647 -0.0039699375159738355 -0.00035170595295444372 0.0008098756291950725 -0.0084143775926865047
leaf_weight=127.37312468886375 60.035303294658661 747.1224554926157 82.02458718791604 62.175118699669838 1441.5254256799817 68.207533143460751 228.59176894277334 33.484519712626934 290.73859541118145 41.795422203838825 26.009910628199577 5530.9169271066785 87.33973266929388 64.151177853345871
leaf_count=1254 318 5597 596 310 7070 343 1172 181 1532 216 130 28505 457 311
internal_value=-5.15758e-06 -0.000172317 -0.000368677 -0.00339354 -0.000211988 0.00210481 0.00434089 -0.000123519 0.000172773 0.000482572 0.0042187 -7.80534e-05 -0.00552435 -0.00322754
internal_weight=8891.49 8243.92 7496.8 363.496 7133.3 647.573 296.799 7005.93 350.774 129.98 67.8053 6972.44 233.515 151.491
internal_count=47992 44627 39030 2020 37010 3365 1515 35756 1850 656 346 35575 1364 768
is_linear=0
shrinkage=0.02


Tree=208
num_leaves=15
num_cat=0
split_feature=13 14 0 0 11 1 2 0 0 0 12 11 12 3
split_gain=7.60817 6.48135 5.42094 9.50912 7.09626 6.61374 5.38374 5.27411 6.97701 5.78567 9.92145 5.16776 4.80599 5.33315
threshold=92.500000000000014 1.6474730737365371 55.292265571526364 55.957563312799458 21.080004259063152 1.5000000000000002 156.50000000000003 49.115674195756334 43.880903490759756 51.894592744695423 40.500000000000007 28.408637509829699 94.500000000000014 57.900000000000006
decision_type=2 2 2 2 2 2 2 2 2 2 2 2 2 2
left_child=2 -2 4 6 -1 7 -4 8 -6 -9 -11 -10 13 -3
right_child=1 12 3 -5 5 -7 -8 9 11 10 -12 -13 -14 -15
leaf_value=-0.0071973832139213415 7.2023303040510042e-05 -0.0042293708206464151 -0.0021199582481168859 -0.00070781657430331758 -0.0037867728616324831 0.0010309105719983444 0.0081300680411403644 -0.0066189222140614649 0.003949354740704211 0.001137623902317202 -0.0078830024364547838 -0.0029186122242266205 -0.0066963172927149072 0.0025572055081554447
leaf_weight=91.810185234993696 6110.5344403237104 44.526501402258873 24.467271514236927 684.36356034874916 154.95268779247999 291.13332448899746 78.180825382471085 184.30472906678915 134.83314887434244 149.06040396541357 66.577112823724747 59.23497923463583 20.317117266356945 794.85475430637598
leaf_count=887 30702 298 118 3088 1365 1840 374 1067 954 806 314 336 149 5694
internal_value=-5.13673e-06 0.000301761 -0.00111883 0.000153853 -0.00200227 -0.00150954 0.0056833 -0.00249999 -0.000680555 -0.00405483 -0.00175392 0.00182236 0.00192252 0.00217192
internal_weight=8889.15 6970.23 1918.92 787.012 1131.91 1040.1 102.648 748.963 349.021 399.942 215.638 194.068 859.698 839.381
internal_count=47992 36843 11149 3580 7569 6682 492 4842 2655 2187 1120 1290 6141 5992
is_linear=0
shrinkage=0.02


Tree=209
num_leaves=15
num_cat=0
split_feature=0 4 21 21 2 11 3 6 23 20 13 21 3 12
split_gain=7.56517 8.31161 7.02267 6.17333 5.51498 7.766 8.30044 6.84657 5.91899 6.32198 7.36896 7.30714 5.67799 5.53119
threshold=60.703627652292958 140.50000000000003 0.82999756013193193 1.0179853601363245 159.50000000000003 34.079559578546345 99.500000000000014 2.5000000000000004 1.5000000000000002 7.798083504449008 106.50000000000001 1.8371607502125984 68.100000000000009 48.500000000000007
decision_type=2 2 2 2 2 2 2 2 2 2 2 2 2 2
left_child=1 2 -1 -3 7 6 8 -4 9 10 -6 -11 -10 -9
right_child=-2 3 4 -5 5 -7 -8 13 12 11 -12 -13 -14 -15
leaf_value=-0.0087371915290130261 0.0013791545927509688 -0.0080676751893637051 -0.0018253679587950033 0.0022642161594590322 -7.0315791080175792e-05 0.0027558399585818662 -0.0077444837448699434 0.0049972709267941257 -0.0090191955994281155 -0.0018317319148124548 0.0035448842531956189 -0.012528122916433659 -0.0014810377867346927 -0.0018357223367475989
leaf_weight=35.7525365203619 1335.4085145667195 19.107938513159752 1534.1904871314764 632.37298649549484 4067.6802735179663 354.87999206036329 54.034635484218597 109.28383357822895 49.671178493648767 196.59990338981152 233.71232223510742 25.013467818498611 162.40352917462587 76.884287804365158
leaf_count=367 6834 135 8066 4878 20604 1755 268 538 323 1198 1529 146 880 471
internal_value=-5.33887e-06 -0.000251185 -0.000455715 0.001899 -0.000405962 -7.72768e-05 -0.000290287 -0.00138452 -0.000196722 -4.13991e-05 0.000129536 -0.00329764 -0.00342288 0.00219069
internal_weight=8887 7551.59 6900.11 651.481 6864.35 5144 4789.12 1720.36 4735.08 4523.01 4301.39 221.613 212.075 186.168
internal_count=47992 41158 36145 5013 35778 26703 24948 9075 24680 23477 22133 1344 1203 1009
is_linear=0
shrinkage=0.02


Tree=210
num_leaves=15
num_cat=0
split_feature=0 6 0 3 8 20 0 11 2 3 3 3 0 10
split_gain=7.44902 6.75087 7.72931 7.33348 8.85566 7.28612 7.1487 5.31451 5.25124 5.01707 9.66316 5.01273 4.90586 4.87804
threshold=41.356605065023963 1.5000000000000002 49.115674195756334 59.100000000000009 1.0000000180025095e-35 8.3411362080766605 62.027378507871326 23.430528703152891 158.50000000000003 63.20000000000001 69.65000000000002 75.800000000000011 57.37850787132102 1.0000000180025095e-35
decision_type=2 2 2 2 2 2 2 2 2 2 2 2 2 2
left_child=-1 3 8 4 -2 6 -4 -8 -3 -7 -11 -9 -12 -5
right_child=1 2 5 13 -6 9 7 11 -10 10 12 -13 -14 -15
leaf_value=-0.0030145102158544708 -0.0015603141860731364 -0.0010697812688156383 -0.00054142650444848463 0.0011608523400247275 -0.010946036239461812 0.0093847757933324429 -0.0041587934322530164 0.0096003800205310876 0.0050881034235196066 -0.0061028863564744421 0.0087278028521236249 0.0013770783329653453 0.0021168995318437455 -0.00027963527759643897
leaf_weight=312.42442316561937 651.79025579243898 66.976134367287159 1310.5662625953555 1178.9341895654798 38.24195671081543 40.280290067195892 22.08197620511055 60.34628039598465 267.08596216887236 43.551941640675068 54.323042258620262 59.043010592460632 213.98808823525906 4564.6155395433307
leaf_count=2499 3832 364 6640 5856 272 300 101 297 1431 326 427 310 1568 23769
internal_value=-5.67561e-06 0.00010545 0.00107781 -0.000217995 -0.00215836 0.000554176 -7.36902e-05 0.00411625 0.00385004 0.00311352 0.00216191 0.00576851 0.00359786 1.64471e-05
internal_weight=8884.25 8571.82 2138.24 6433.58 690.032 1804.18 1452.04 141.471 334.062 352.143 311.863 119.389 268.311 5743.55
internal_count=47992 45493 11764 33729 4104 9969 7348 708 1795 2621 2321 607 1995 29625
is_linear=0
shrinkage=0.02


Tree=211
num_leaves=15
num_cat=0
split_feature=0 13 21 2 2 0 23 11 2 10 6 7 0 4
split_gain=7.22967 7.05506 6.91865 6.79378 14.4016 6.13911 5.61103 10.0248 4.90887 4.88331 4.44422 10.2761 8.08638 5.00653
threshold=62.872005475701584 106.83333333333336 0.82999756013193193 164.50000000000003 166.50000000000003 63.500342231348398 1.5000000000000002 26.185690935609717 168.50000000000003 1.0000000180025095e-35 2.5000000000000004 2.5000000000000004 51.221081451060925 129.50000000000003
decision_type=2 2 2 2 2 2 2 2 2 2 2 2 2 2
left_child=1 2 -1 5 -5 -2 9 8 -8 -4 -11 12 13 -12
right_child=3 -3 6 4 -6 -7 7 -9 -10 10 11 -13 -14 -15
leaf_value=-0.0085923820360267328 0.0056977938102164274 0.0016840016460055807 0.00086748212376594675 0.011979910439801131 0.0017033034340700646 -0.0010975060416964833 -0.011285683481759184 0.00039782680144616502 -0.0032238581822428038 -0.00063641953082302274 0.014898142194129162 -0.0014803740208398967 0.0018867110635378377 0.0035624255612443437
leaf_weight=35.550889752805233 59.837742209434509 744.35755488276482 1388.4360820353031 67.891293972730637 228.24559212476015 290.49519351869822 56.296791419386864 155.39097135514021 72.909534454345703 5204.6429663896561 32.064131125807762 285.45652356743813 225.71534231305122 35.097935497760773
leaf_count=368 318 5597 6869 343 1172 1532 337 793 446 27104 149 1401 1328 235
internal_value=-5.44588e-06 -0.000166006 -0.000351089 0.00202257 0.00422572 0.000121363 -0.000305794 -0.00303572 -0.00704099 -0.000195139 -0.000451138 0.00120401 0.00380803 0.00965927
internal_weight=8882.39 8235.92 7491.56 646.47 296.137 350.333 7456.01 284.597 129.206 7171.41 5782.98 578.334 292.877 67.1621
internal_count=47992 44627 39030 3365 1515 1850 38662 1576 783 37086 30217 3113 1712 384
is_linear=0
shrinkage=0.02


Tree=212
num_leaves=15
num_cat=0
split_feature=0 14 4 21 0 1 0 0 1 3 9 8 14 0
split_gain=7.11093 6.43871 7.16727 7.93811 7.53505 9.49017 7.79598 11.7448 7.75082 7.12233 6.88011 6.82799 6.82169 6.65103
threshold=41.356605065023963 2.1602564102564106 140.50000000000003 1.0508095329663585 60.703627652292958 1.5000000000000002 49.613963039014386 51.642710472279269 1.5000000000000002 104.50000000000001 1.0000000180025095e-35 1.0000000180025095e-35 1.3989247311827959 50.413415468856954
decision_type=2 2 2 2 2 2 2 2 2 2 2 2 2 2
left_child=-1 2 4 -4 6 -6 9 8 -8 10 -2 -9 -13 -5
right_child=1 -3 3 13 5 -7 7 11 -10 -11 -12 12 -14 -15
leaf_value=-0.0029476382301057342 0.00094741255034411166 -0.0072628718457779899 -0.0096461668139431831 0.0060171556823623582 0.0028727126030150098 -0.00085024181019539987 -0.0043186534156872177 -4.3160198033787414e-05 -7.3504612202507228e-05 0.0077769544857100737 -0.0048978472147524627 0.0065258254416247323 -0.003974492066267649 0.0013497092838551383
leaf_weight=311.8489713780582 1503.1537981517613 42.194072186946869 18.0431147813797 149.07521370053291 709.70647186040878 439.9230789244175 525.77390024811029 3858.9853145927191 256.23000370711088 53.064695596694946 80.074135281145573 22.432043865323067 286.10819631814957 623.22070083767176
leaf_count=2499 8909 240 129 1177 3387 2034 2810 18297 1343 265 523 112 1447 4820
internal_value=-5.1318e-06 0.00010339 0.000144316 0.00195229 -4.12904e-05 0.00144882 -0.000302612 -0.000698389 -0.00293954 0.000891816 0.000636032 -0.000274357 -0.00311281 0.00228614
internal_weight=8879.83 8567.98 8525.79 790.339 7735.45 1149.63 6585.82 4949.53 782.004 1636.29 1583.23 4167.53 308.54 772.296
internal_count=47992 45493 45253 6126 39127 5421 33706 24009 4153 9697 9432 19856 1559 5997
is_linear=0
shrinkage=0.02


Tree=213
num_leaves=15
num_cat=0
split_feature=21 0 2 2 7 22 0 20 0 9 2 3 20 3
split_gain=6.93407 6.5103 6.63318 13.9102 6.07953 12.2583 9.96104 8.37965 12.72 10.1855 10.6921 6.73367 6.56218 5.99232
threshold=0.82999756013193193 62.872005475701584 164.50000000000003 166.50000000000003 2.5000000000000004 1.5000000000000002 49.321013004791247 5.7800958247775496 49.671457905544152 1.0000000180025095e-35 157.50000000000003 95.500000000000014 8.0342642026009603 90.850000000000009
decision_type=2 2 2 2 2 2 2 2 2 2 2 2 2 2
left_child=-1 4 -3 -4 5 7 13 9 -9 10 -2 -6 -8 -7
right_child=1 2 3 -5 11 6 12 8 -10 -11 -12 -13 -14 -15
leaf_value=-0.0081186205437209034 -0.0055143087161585204 8.0405852761490505e-05 0.011775761349417369 0.0016606987301527078 -0.0012004744313531821 0.0029367960807645268 -9.7103630808893437e-05 0.0032128691132679221 -0.00035347711866196674 -0.0094169643417292923 -0.00056015350140113304 -0.0074616645952926717 0.0031494368523953048 0.0090872078915851702
leaf_weight=36.937177319079638 205.15114246308804 350.08223982155323 67.611843898892403 228.07539717108011 586.48951500654221 342.17608015239239 1074.5248517841101 439.68488231301308 3979.0169688016176 62.173538040369749 1036.9279811754823 73.608149111270905 318.64065837860107 76.583842426538467
leaf_count=378 1482 1850 343 1172 2924 1872 5318 2558 19481 477 6951 405 2357 424
internal_value=-5.1322e-06 3.31102e-05 0.00195872 0.00413761 -0.000119487 4.20194e-05 0.0014736 -0.000411769 4.17195e-06 -0.0018171 -0.00139885 -0.00195252 0.000652612 0.00416027
internal_weight=8877.68 8840.75 645.769 295.687 8194.98 7534.88 1811.93 5722.95 4418.7 1304.25 1242.08 660.098 1393.17 418.76
internal_count=47992 47614 3365 1515 44249 40920 9971 30949 22039 8910 8433 3329 7675 2296
is_linear=0
shrinkage=0.02


Tree=214
num_leaves=15
num_cat=0
split_feature=11 0 4 12 8 3 3 2 21 12 1 2 0 2
split_gain=6.79275 7.07719 6.27003 6.76424 6.06265 7.41975 5.54364 5.219 6.17267 5.04365 4.89449 6.2384 7.49255 4.8692
threshold=20.450141799056251 62.090349075975361 140.50000000000003 80.500000000000014 1.0000000180025095e-35 73.100000000000009 90.850000000000009 158.50000000000003 2.3362260985363612 33.500000000000007 1.5000000000000002 164.50000000000003 62.292950034223146 163.50000000000003
decision_type=2 2 2 2 2 2 2 2 2 2 2 2 2 2
left_child=13 2 4 -4 6 9 -2 -8 -9 -6 11 12 -3 -1
right_child=1 10 3 -5 5 -7 7 8 -10 -11 -12 -13 -14 -15
leaf_value=-0.0063882331248795686 -0.00029871625183718812 0.0090376364004102847 0.0022689069896310024 -0.0050478854743887429 0.002260682318954444 -0.00035444127728046377 -0.0021198317189913243 0.0017997020119812012 0.0099137624342044602 -0.0060822191608132384 -0.0001054791671351251 0.0063438800127376942 0.00045493827993675124 -0.0009139089671400028
leaf_weight=103.88673070445657 5801.3213063850999 41.764844551682472 646.2855901569128 49.961308598518372 30.677200697362423 349.20005508512259 119.7554786503315 527.87789814174175 36.012912735342979 201.85796529054642 320.60547539591789 153.93395675718784 323.04434311389923 168.85812489688396
leaf_count=698 29949 216 5026 371 194 1815 595 2606 179 1171 1620 768 1726 1058
internal_value=-5.03968e-06 9.4075e-05 -9.47567e-05 0.00170877 -0.000273814 -0.00222084 -9.72716e-05 0.00159901 0.002404 -0.00494874 0.00183313 0.00302465 0.00155184 -0.00308371
internal_weight=8875.04 8602.3 7762.95 696.247 7066.7 581.735 6484.97 683.646 563.891 232.535 839.349 518.743 364.809 272.745
internal_count=47992 46236 41906 5397 36509 3180 33329 3380 2785 1365 4330 2710 1942 1756
is_linear=0
shrinkage=0.02


Tree=215
num_leaves=15
num_cat=0
split_feature=0 6 0 0 20 2 11 2 20 0 1 0 14 21
split_gain=6.7504 6.15243 7.09534 6.58819 6.26332 5.3942 5.28234 5.53733 7.49691 7.05869 6.32619 6.03856 7.98814 5.41272
threshold=41.356605065023963 1.5000000000000002 49.553730321697479 62.027378507871326 8.3411362080766605 171.50000000000003 20.450141799056251 159.50000000000003 6.260205338809036 64.149212867898711 1.5000000000000002 47.708418891170439 1.598701298701299 2.0546248286235573
decision_type=2 2 2 2 2 2 2 2 2 2 2 2 2 2
left_child=-1 6 -3 4 -4 -5 -2 8 11 13 -10 12 -8 -9
right_child=1 2 3 5 -6 -7 7 9 10 -11 -12 -13 -14 -15
leaf_value=-0.0028753764410551323 -0.0033654157918098031 0.0035344814238697599 -0.00056411652076971363 0.0046417435109305663 0.002950658331412905 -0.0032594698899864709 -0.0023102457277620033 -2.3503731681783056e-06 0.00028256683039298689 0.0054737646645746886 -0.0050701353178943124 -0.0048954989668629715 0.0080117373041495681 0.0038578738079203569
leaf_weight=311.07124277949333 200.22604559361935 368.83842309564352 1275.9457780122757 217.09209023416042 235.94456005841494 36.939137630164623 145.12957941740751 4438.1976909190416 975.21778183430433 95.849899053573608 92.039976619184017 302.70401479303837 32.466606818139553 145.17688746005297
leaf_count=2499 1279 1985 6459 1309 1793 218 1004 23064 4859 452 446 1679 200 746
internal_value=-4.81428e-06 0.000100865 0.00102996 0.00049722 -6.36671e-06 0.00344435 -0.000207988 -0.000103519 -0.0011388 0.000239303 -0.000198673 -0.00320014 -0.000244603 0.000123556
internal_weight=8872.84 8561.77 2134.76 1765.92 1511.89 254.031 6427.01 6226.78 1547.56 4679.22 1067.26 480.3 177.596 4583.37
internal_count=47992 45493 11764 9779 8252 1527 33729 32450 8188 24262 5305 2883 1204 23810
is_linear=0
shrinkage=0.02


Tree=216
num_leaves=15
num_cat=0
split_feature=13 14 19 14 21 19 23 9 21 8 19 19 0 21
split_gain=6.67146 5.46597 5.2438 7.97542 7.00282 5.81629 5.34226 4.77557 5.28793 4.78528 4.66935 12.3274 6.97078 4.77142
threshold=92.500000000000014 1.6474730737365371 9.5113480554312062 1.5932149246102736 1.6946429521467048 9.0682267445503619 1.0000000180025095e-35 1.0000000180025095e-35 1.464570103670122 1.0000000180025095e-35 18.734213090674938 14.589473504920932 56.234086242299803 2.5422109608276444
decision_type=2 2 2 2 2 2 2 2 2 2 2 2 2 2
left_child=2 10 5 -4 -5 7 -7 9 -9 -1 11 -2 -13 -12
right_child=1 -3 3 4 -6 6 -8 8 -10 -11 13 12 -14 -15
leaf_value=-0.00070463418103341221 -2.6878533553067246e-05 0.0017758172057126204 -0.0011303908305360568 0.013368367234720343 0.0022771670619395963 -0.011528656562813181 0.0013866096938295292 -0.0093799914162137586 0.0023128916169384735 -0.0051838956862456228 -0.010397023275524655 0.0017362727123668962 0.0097926790216258074 3.390368799627506e-05
leaf_weight=1374.2650629654527 5861.1631665676832 854.92824363708496 201.66089100390673 27.252769067883492 89.473435908555984 37.041462376713753 16.63467974960804 50.414396107196808 18.766148120164871 98.023293565958738 29.259229458868504 103.09730376303196 73.144726544618607 35.102051973342896
leaf_count=8245 29444 6141 1014 138 389 204 82 373 89 615 154 528 388 188
internal_value=-4.64769e-06 0.000282905 -0.00104911 0.00127615 0.00532588 -0.00151701 -0.00771494 -0.00127565 -0.00623908 -0.00102075 7.21207e-05 0.000131613 0.00526883 -0.00508691
internal_weight=8870.23 6956.69 1913.53 318.387 116.726 1595.15 53.6761 1541.47 69.1805 1472.29 6101.77 6037.41 176.242 64.3613
internal_count=47992 36843 11149 1541 527 9608 286 9322 462 8860 30702 30360 916 342
is_linear=0
shrinkage=0.02


Tree=217
num_leaves=15
num_cat=0
split_feature=18 14 4 18 1 18 18 1 8 14 24 14 11 14
split_gain=6.46403 6.18896 6.16023 6.60082 8.86696 7.26359 11.1845 7.44233 6.32903 6.54008 6.3261 8.53377 6.02586 8.69258
threshold=17.103687843783224 2.1602564102564106 140.50000000000003 36.849304176440519 1.5000000000000002 24.615453303106417 26.669695467976194 1.5000000000000002 1.0000000180025095e-35 1.3989247311827959 1.0000000180025095e-35 1.7791327913279134 38.196169316682507 1.5562587904360059
decision_type=2 2 2 2 2 2 2 2 2 2 2 2 2 2
left_child=-1 2 3 5 -5 10 7 -7 12 -10 11 -2 -8 -14
right_child=1 -3 -4 4 -6 6 8 -9 9 -11 -12 -13 13 -15
leaf_value=-0.0028158144016763075 -0.00095701551296943979 -0.0071151769868840753 0.001819653697228451 0.002741644015763448 -0.00085879121622139194 -0.0042018447286390846 -0.00017831428406923537 -4.0403740114990127e-05 0.0064488289916141322 -0.00382606258858503 0.0019829902042944269 0.0099485729351773463 0.0074057789424155553 -0.0029221638616592953
leaf_weight=310.59211929142475 699.99166449159384 42.298338264226913 786.37953428924084 708.16299138218164 439.68830377608538 524.69180205464363 3719.7587260082364 256.08270366489887 22.45015025883913 285.73882389068604 909.55930096283555 24.912725158035755 92.388154283165932 45.32530976831913
leaf_count=2499 4485 240 6126 3387 2034 2810 17632 1343 112 1447 5048 164 453 212
internal_value=-4.61363e-06 9.87701e-05 0.000138994 -3.28157e-05 0.00136301 -0.000277431 -0.000659525 -0.00284844 -0.000245852 -0.00298019 0.000876179 -0.000513902 -2.33015e-05 0.00400927
internal_weight=8868.02 8557.43 8515.13 7728.75 1147.85 6580.9 4946.44 780.775 4165.66 308.189 1634.46 724.904 3857.47 137.713
internal_count=47992 45493 45253 39127 5421 33706 24009 4153 19856 1559 9697 4649 18297 665
is_linear=0
shrinkage=0.02


Tree=218
num_leaves=15
num_cat=0
split_feature=21 6 20 0 9 7 11 11 0 12 20 0 11 0
split_gain=6.54448 5.7887 6.47807 7.13211 7.02372 6.33648 5.83168 6.8327 6.08394 9.09564 5.39296 5.97225 5.71974 5.01686
threshold=0.82999756013193193 1.5000000000000002 5.7161943874058876 49.553730321697479 1.0000000180025095e-35 1.5000000000000002 44.451284155808636 38.196169316682507 49.115674195756334 38.500000000000007 5.9420533880903497 58.772073921971263 36.221251957181565 52.031485284052032
decision_type=2 2 2 2 2 2 2 2 2 2 2 2 2 2
left_child=-1 2 4 -4 -2 6 7 8 -3 -10 -11 -12 -13 -5
right_child=1 5 3 13 -6 -7 -8 -9 9 10 11 12 -14 -15
leaf_value=-0.0079204773208166705 -0.0011870237398321248 0.0044360030059370312 0.002206842914208662 -0.001705529534734491 -0.007795614905115592 -0.00037508591416126735 -0.009349486818838567 0.0085923591411731434 -0.0046952855647815475 0.0084767143533513584 -9.9395360501932986e-05 0.0039207855759962494 -0.007757414649034085 7.1606792967993303e-05
leaf_weight=36.581742167472839 1191.7009526155889 243.7226132825017 541.36837959289551 746.65365292131901 63.449050918221474 889.38233612477779 13.555099204182623 54.782580316066742 98.397999010980129 38.281959354877472 529.29275943338871 309.82008463144302 13.060091800987719 4095.4460884258151
leaf_count=378 8212 1351 3075 3976 487 4686 84 344 472 188 3000 1872 87 19780
internal_value=-4.44868e-06 3.25886e-05 -0.000261411 4.03457e-05 -0.00155229 0.000923155 0.00181028 0.00196505 0.00163536 0.000924223 0.00157018 0.00120995 0.00333122 -0.000203492
internal_weight=8865.5 8828.91 6638.62 5383.47 1255.15 2190.3 1300.91 1287.36 1232.58 988.853 890.455 852.173 322.88 4842.1
internal_count=47992 47614 35530 26831 8699 12084 7398 7314 6970 5619 5147 4959 1959 23756
is_linear=0
shrinkage=0.02


Tree=219
num_leaves=15
num_cat=0
split_feature=21 0 7 22 0 20 0 0 20 3 4 0 20 3
split_gain=6.34231 5.61206 5.9235 11.0298 9.09857 7.51626 7.84922 6.75795 9.77187 6.65535 6.05242 5.81218 5.80463 5.79647
threshold=0.82999756013193193 62.872005475701584 2.5000000000000004 1.5000000000000002 49.321013004791247 5.531882272416154 49.671457905544152 52.031485284052032 7.039349760438057 95.500000000000014 170.50000000000003 55.467488021902817 8.0342642026009603 90.850000000000009
decision_type=2 2 2 2 2 2 2 2 2 2 2 2 2 2
left_child=-1 2 3 5 13 -2 -7 8 -8 -4 -9 -12 -6 -5
right_child=1 -3 9 4 12 6 7 10 -10 -11 11 -13 -14 -15
leaf_value=-0.0078133544025158295 -0.0019982922006670425 0.0018223491678522805 -0.0011713364337865757 0.0027785730164145901 -8.0051223959273866e-05 0.0019314811430699999 -0.0030995377827578471 6.3880309066946886e-05 0.003652366322442837 -0.0073935016521769542 0.0034732206177444311 -0.0146603097444792 0.0029808985864897952 0.0088321839909047805
leaf_weight=36.411893639713526 952.03514724224806 643.9307576417923 586.28529981523752 341.79553925246 1074.0307215824723 676.47871552407742 607.8363693729043 3358.6661254018545 95.121799923479557 73.668252319097519 7.9306854754686382 16.29498028755188 316.59303533285856 76.25907426327467
leaf_count=378 7050 3365 2924 1872 5318 3786 3112 16138 676 405 62 125 2357 424
internal_value=-4.5187e-06 3.18721e-05 -0.000109805 4.98326e-05 0.00140904 -0.000380883 -5.53712e-05 -0.000386774 -0.00216373 -0.00191927 -1.42885e-05 -0.00907695 0.000623562 0.0039789
internal_weight=8863.34 8826.93 8183 7523.04 1808.68 5714.36 4762.33 4085.85 702.958 659.954 3382.89 24.2257 1390.62 418.055
internal_count=47992 47614 44249 40920 9971 30949 23899 20113 3788 3329 16325 187 7675 2296
is_linear=0
shrinkage=0.02


Tree=220
num_leaves=15
num_cat=0
split_feature=20 14 20 10 3 23 24 21 3 21 4 20 0 3
split_gain=6.19843 5.68114 5.63631 6.21615 6.47404 5.83186 9.87713 6.36631 7.29431 6.2469 9.22868 7.811 5.55809 5.81772
threshold=4.4299657768651617 2.1602564102564106 8.1464476386036981 1.0000000180025095e-35 55.100000000000009 1.0000000180025095e-35 1.5000000000000002 1.9618684585664035 73.100000000000009 1.460889210413751 124.50000000000001 5.7419575633128002 64.149212867898711 62.850000000000009
decision_type=2 2 2 2 2 2 2 2 2 2 2 2 2 2
left_child=-1 2 3 4 -2 -5 -7 8 -8 11 -11 -10 13 -4
right_child=1 -3 12 5 -6 6 7 -9 9 10 -12 -13 -14 -15
leaf_value=-0.0042211785579917881 -0.0044704228497310927 -0.0067273875514287131 0.005158968475415208 -0.00015334645018870655 0.0013272202824003612 -0.00422459170738576 -0.0025107768853122876 -0.0093252754420384068 -0.0011903556686137194 0.0080580969727246793 -0.0039069420787988156 0.012294786378529349 0.0067915526017151909 0.00046956277431969606
leaf_weight=132.3017693310976 76.240391358733177 44.021054469048977 116.83680309355259 5408.6004458516836 1499.5039868652821 382.27009503915906 111.95996146649122 19.000636741518974 23.444179862737656 36.1112911850214 64.133689895272255 49.855785265564919 68.925426095724106 827.28463167697191
leaf_count=1323 419 250 814 27765 7342 2160 588 101 115 161 358 291 439 5866
internal_value=-4.53754e-06 6.15294e-05 0.000100025 -8.52383e-05 0.00103219 -0.000375047 -0.0021044 0.000576035 0.00139102 0.00391923 0.000562283 0.00815558 0.00149839 0.00107611
internal_weight=8860.49 8728.19 8684.17 7671.12 1575.74 6095.38 686.776 304.506 285.505 173.545 100.245 73.3 1013.05 944.121
internal_count=47992 46669 46419 39300 7761 31539 3774 1614 1513 925 519 406 7119 6680
is_linear=0
shrinkage=0.02


Tree=221
num_leaves=15
num_cat=0
split_feature=21 6 20 9 18 7 11 11 18 12 20 18 11 14
split_gain=6.09424 5.3361 5.93063 6.73961 6.61929 5.92447 5.67453 6.6202 5.70055 8.7015 5.21934 5.65566 5.53573 4.98763
threshold=0.82999756013193193 1.5000000000000002 5.7161943874058876 1.0000000180025095e-35 24.55572190669476 1.5000000000000002 44.451284155808636 38.196169316682507 24.123494535776413 38.500000000000007 5.9420533880903497 34.541566749636111 36.221251957181565 1.7278338945005614
decision_type=2 2 2 2 2 2 2 2 2 2 2 2 2 2
left_child=-1 2 3 13 -4 6 7 8 -3 -10 -11 -12 -13 -2
right_child=1 5 4 -5 -6 -7 -8 -9 9 10 11 12 -14 -15
leaf_value=-0.0076798387688822847 -0.0013891249318596225 0.0042867946417522538 0.002125066734214762 -0.0076247966174828501 -0.00019762141339947081 -0.00036842615257919211 -0.0092513841996450345 0.0084367919996749426 -0.0046120374516000467 0.0083035788657842974 -0.00011036190818146397 0.0038140231932175046 -0.0076600678843263426 0.0052402893273885628
leaf_weight=36.189167261123657 1147.1341445036232 243.43994832038879 541.0660335496068 62.986832991242409 4840.2090295925736 889.41871008276939 13.588457867503164 54.503862954676151 98.338420391082764 38.380046159029007 529.07831761240959 308.86444170773029 13.099480986595152 42.302297480404377
leaf_count=378 7908 1351 3075 487 23756 4686 84 344 472 188 3000 1872 87 304
internal_value=-4.48307e-06 3.11065e-05 -0.000251263 -0.00148794 3.73003e-05 0.000886464 0.00174514 0.0018983 0.00157428 0.000885521 0.00151798 0.00116291 0.00323107 -0.00113073
internal_weight=8858.6 8822.41 6633.7 1252.42 5381.28 2188.71 1299.29 1285.7 1231.2 987.761 889.422 851.042 321.964 1189.44
internal_count=47992 47614 35530 8699 26831 12084 7398 7314 6970 5619 5147 4959 1959 8212
is_linear=0
shrinkage=0.02


Tree=222
num_leaves=15
num_cat=0
split_feature=11 18 14 4 8 11 14 9 20 20 20 21 14 20
split_gain=5.99506 5.89212 5.49999 6.99128 5.23269 7.58339 5.64839 5.05138 4.62766 6.58709 4.61045 7.88933 7.35664 4.54914
threshold=20.450141799056251 38.552114502504317 2.1602564102564106 140.50000000000003 1.0000000180025095e-35 26.488523975574783 1.6238207547169814 1.0000000180025095e-35 6.2003011635865848 5.7285694729637244 6.492156057494868 1.4744069453880517 1.4551208285385504 4.4299657768651617
decision_type=2 2 2 2 2 2 2 2 2 2 2 2 2 2
left_child=-1 2 3 4 13 6 7 -6 9 -7 -10 -12 -13 -2
right_child=1 -3 -4 -5 5 8 -8 -9 10 -11 11 12 -14 -15
leaf_value=-0.0029048848009837285 -0.0040477130368355005 0.0016781646920699276 -0.0073056662236921574 0.0018953124450959841 -0.00054227122584191449 -0.00053862678829087502 -0.0091086374361463249 -0.007199445983770647 -0.007515216552216192 0.0091865871465264398 0.012423457171769625 -0.0099546904454278409 0.00082770639923906205 3.3271201930677014e-06
leaf_weight=271.21988882124424 107.8330267034471 836.48122023046017 36.956437319517136 672.95917710661888 150.73381740599871 67.353464923799038 70.365634545683861 61.430846489965916 37.44481486082077 41.488262891769409 13.011827141046522 27.706396460533142 108.04909160733223 6353.6265645474195
leaf_count=1756 1039 4330 207 5269 872 387 376 406 180 206 70 130 542 32222
internal_value=-4.47973e-06 8.85506e-05 -8.37579e-05 -4.41798e-05 -0.0002311 -0.00204661 -0.00435847 -0.0026004 0.00019621 0.00339152 -0.00170085 -2.75834e-05 -0.00163411 -6.70475e-05
internal_weight=8856.66 8585.44 7748.96 7712 7039.04 577.584 282.53 212.165 295.054 108.842 186.212 148.767 135.755 6461.46
internal_count=47992 46236 41906 41699 36430 3169 1654 1278 1515 593 922 742 672 33261
is_linear=0
shrinkage=0.02


Tree=223
num_leaves=15
num_cat=0
split_feature=21 13 19 12 21 19 10 18 20 19 19 9 21 8
split_gain=5.83569 5.21601 4.652 5.96929 9.36939 5.85082 6.33477 5.10472 4.892 4.33645 9.50147 4.23913 4.89487 4.31393
threshold=0.82999756013193193 92.500000000000014 9.5113480554312062 44.500000000000007 1.8123998665202941 9.0682267445503619 1.0000000180025095e-35 17.103687843783224 7.0736481861738545 18.734213090674938 14.589473504920932 1.0000000180025095e-35 1.464570103670122 1.0000000180025095e-35
decision_type=2 2 2 2 2 2 2 2 2 2 2 2 2 2
left_child=-1 2 5 7 -5 11 -7 -4 -6 10 -3 13 -13 -2
right_child=1 9 3 4 8 6 -8 -9 -10 -11 -12 12 -14 -15
leaf_value=-0.0075360465793858824 -0.00055882339427836328 0.00020373634898418526 -0.011066809349646451 0.012110241015022415 -0.0051465878072965753 0.0041357506547401845 -0.010923768122230657 0.00026440564941393501 0.0052805495907587785 -0.0041307463249217009 0.0043940572082018878 -0.0089201808693809472 0.0023517073335717511 -0.0048415876141681934
leaf_weight=35.964995384216309 1354.2756799012423 6626.8949459940195 12.207195512950419 39.94214528799057 30.766473785042763 11.509855054318903 41.933391958475113 204.00567819178104 31.215475782752037 82.814518384635448 218.87034941464663 48.953104134649038 18.743017449975014 96.520784337073565
leaf_count=378 8017 35001 90 185 130 54 232 998 138 477 1238 362 89 603
internal_value=-4.6617e-06 3.00797e-05 -0.000899546 0.00128817 0.00515714 -0.00134626 -0.00756989 -0.000601983 7.70703e-05 0.00028443 0.000341109 -0.00110178 -0.00582472 -0.000860777
internal_weight=8854.62 8818.65 1890.07 318.137 101.924 1571.94 53.4432 216.213 61.9819 6928.58 6845.77 1518.49 67.6961 1450.8
internal_count=47992 47614 10898 1541 453 9357 286 1088 268 36716 36239 9071 451 8620
is_linear=0
shrinkage=0.02


Tree=224
num_leaves=15
num_cat=0
split_feature=0 14 6 3 8 0 21 3 22 2 21 13 21 0
split_gain=5.7481 5.6109 5.23679 6.44588 7.60812 6.3472 6.57363 7.70411 5.88481 5.25393 4.81763 6.69935 4.81845 8.53191
threshold=41.356605065023963 2.1602564102564106 1.5000000000000002 59.100000000000009 1.0000000180025095e-35 49.115674195756334 1.244656976357964 63.20000000000001 7.5000000000000009 158.50000000000003 1.3334718113153234 98.166666666666671 0.96248474198058631 40.297056810403838
decision_type=2 2 2 2 2 2 2 2 2 2 2 2 2 2
left_child=10 2 3 4 -2 9 -7 8 -8 -4 11 12 -1 -14
right_child=1 -3 5 -5 -6 6 7 -9 -10 -11 -12 -13 13 -15
leaf_value=-0.0069304215792013518 -0.0014293190480064246 -0.0067577772375358655 -0.0013964353923692507 6.5468155424250094e-05 -0.010215957597686126 -0.0031291979006804476 0.006493576894096892 0.00038870296768602467 -0.0012625381022018324 0.0047637845992874999 -0.0091666584453700805 0.0041982877531372047 0.0019886535385518654 -0.0092235428759851173
leaf_weight=82.474130567163229 645.51045944541693 42.552555330097675 66.682329766452312 5701.9901050627232 37.362834427505732 173.37161803990602 148.92380085587502 1413.8947987556458 49.987670511007309 264.42077948898077 35.175888784229755 56.527033843100071 103.13070368021727 31.24944594502449
leaf_count=858 3815 240 364 29477 271 884 800 7975 244 1423 216 342 829 254
internal_value=-4.85207e-06 9.24636e-05 0.000130935 -0.000154767 -0.00198374 0.000991774 0.000514444 0.000915821 0.00455145 0.00351488 -0.00266464 -0.00167123 -0.00327037 -0.000841682
internal_weight=8853.25 8544.7 8502.14 6384.86 682.873 2117.28 1786.18 1612.81 198.911 331.103 308.557 273.381 216.854 134.38
internal_count=47992 45493 45253 33563 4086 11690 9903 9019 1044 1787 2499 2283 1941 1083
is_linear=0
shrinkage=0.02


Tree=225
num_leaves=15
num_cat=0
split_feature=21 0 2 2 14 0 7 24 6 9 0 20 3 0
split_gain=5.57659 5.03884 6.42567 13.3875 5.97337 5.96049 5.36435 10.6762 10.5629 10.1481 7.73671 7.67428 7.07233 6.25521
threshold=0.82999756013193193 62.872005475701584 164.50000000000003 166.50000000000003 2.1602564102564106 63.500342231348398 2.5000000000000004 1.5000000000000002 2.5000000000000004 1.0000000180025095e-35 54.079397672826836 5.766475017111568 95.500000000000014 56.398357289527731
decision_type=2 2 2 2 2 2 2 2 2 2 2 2 2 2
left_child=-1 4 5 -4 6 -3 7 8 9 -2 -10 -11 -8 -13
right_child=1 2 3 -5 -6 -7 12 -9 10 11 -12 13 -14 -15
leaf_value=-0.0073912990823134404 -0.00028475511630226934 0.0053954786876177609 0.011402631155360703 0.0014503177550031486 -0.0073656305240277983 -0.0013223388939270319 -0.0010198838467834945 0.001521008946175419 0.010496062897222751 -0.01073340516630736 0.0010622203054032936 0.0012904040936391726 -0.0074417543027102944 -0.0070856229508837604
leaf_weight=35.701697509735823 5517.2036834135652 59.388943806290627 67.023389063775539 227.06767521798611 40.086133278906345 289.04072112590075 583.23193328082561 1621.820383336395 55.287296161055565 57.13827745616436 86.488384187221527 84.007121339440346 73.367674469947815 55.059930995106697
leaf_count=378 29160 318 343 1172 224 1532 2907 9627 282 447 476 462 402 262
internal_value=-5.12608e-06 2.87304e-05 0.00172723 0.00387784 -0.000105515 -0.000111514 -6.49854e-05 8.74405e-05 -0.000310259 -0.000446302 0.00498693 -0.00485903 -0.0017913 -0.0021428
internal_weight=8851.91 8816.21 642.521 294.091 8173.69 348.43 8133.6 7477.01 5855.18 5713.41 141.776 196.205 656.6 139.067
internal_count=47992 47614 3365 1515 44249 1850 44025 40716 31089 30331 758 1171 3309 724
is_linear=0
shrinkage=0.02


Tree=226
num_leaves=15
num_cat=0
split_feature=0 14 4 21 0 14 23 3 6 7 20 2 0 12
split_gain=5.5001 5.1992 5.20466 7.61662 5.80058 6.48991 8.0492 7.55952 5.78495 7.23318 7.90874 7.86722 6.84475 5.89591
threshold=41.356605065023963 2.1602564102564106 149.50000000000003 1.0508095329663585 50.342231348391515 1.6474730737365371 1.5000000000000002 104.50000000000001 2.5000000000000004 2.5000000000000004 6.2411498973305966 156.50000000000003 52.376454483230667 40.500000000000007
decision_type=2 2 2 2 2 2 2 2 2 2 2 2 2 2
left_child=-1 2 8 -4 -5 6 -6 -7 -2 10 -10 -11 13 -12
right_child=1 -3 3 4 5 7 -8 -9 9 11 12 -13 -14 -15
leaf_value=-0.0026102800368094327 -0.00021401579492741896 -0.0064904110271150929 -0.0098177500341888914 0.0057069863866854517 -0.0029232487281574478 0.0033234515559463231 0.013159938751574023 -0.006921457811334868 0.0089300018381555536 0.0056074223326627818 -0.013840094733861816 -0.0016427211290477185 0.0031065177117797845 0.00043400121317095164
leaf_weight=307.77207168936729 6942.3017089739442 42.749894425272942 17.329366683959961 136.23955965042114 178.90545488148928 381.86360784620047 8.393911734223364 26.380307622253895 78.810722529888153 67.856048494577408 13.707086049020289 330.32822109758854 288.50235379487276 28.926452562212944
leaf_count=2499 34934 240 124 1104 1392 3010 65 208 406 354 79 1617 1769 191
internal_value=-5.13337e-06 8.99661e-05 0.000127095 0.00171329 0.00205385 0.00117425 -0.00186864 0.00258086 -2.69659e-05 0.00156887 0.00341735 -0.00034802 0.00198606 -0.00508431
internal_weight=8850.07 8542.29 8499.54 749.112 731.783 595.543 187.299 408.244 7750.43 808.131 409.947 398.184 331.136 42.6335
internal_count=47992 45493 45253 5903 5779 4675 1457 3218 39350 4416 2445 1971 2039 270
is_linear=0
shrinkage=0.02


Tree=227
num_leaves=15
num_cat=0
split_feature=13 11 14 21 11 10 14 11 11 0 21 0 0 9
split_gain=5.42731 4.79316 7.48981 6.56656 5.51497 6.16536 4.52624 4.33645 11.0391 6.72812 4.61316 4.27967 4.26528 4.12825
threshold=92.500000000000014 30.840473245365903 1.5932149246102736 1.6946429521467048 30.113496445536359 1.0000000180025095e-35 1.6474730737365371 43.283037195056544 38.196169316682507 56.234086242299803 2.5422109608276444 62.20533880903492 54.898015058179332 1.0000000180025095e-35
decision_type=2 2 2 2 2 2 2 2 2 2 2 2 2 2
left_child=1 4 -3 -4 13 -6 7 8 -2 -10 -9 -11 -5 -1
right_child=6 2 3 12 5 -7 -8 10 9 11 -12 -13 -14 -15
leaf_value=-0.00092714098867894906 -2.952056875429406e-05 -0.0010640881596766262 0.012960364813524581 -0.003617813258134582 0.0040835033780064695 -0.010775792984148103 0.0016173225483216667 -0.010126763129064338 0.0015327524678977007 0.011816826634275411 0.00011214477652416154 0 0.0051457744766170163 -0.0058180275467172807
leaf_weight=1467.2815580740571 5852.0563435852528 201.12009604275227 27.400566652417183 29.103511422872543 11.515127576887606 41.740081414580345 849.85551334917545 29.286560028791428 102.69086972624063 56.930815830826759 35.166195183992386 15.576895184814928 60.377323269844055 67.951712340116501
leaf_count=8860 29444 1014 138 129 54 232 6141 154 528 301 188 87 260 462
internal_value=-5.06073e-06 -0.000949019 0.00127439 0.00519325 -0.00139798 -0.00745379 0.000254404 6.27649e-05 0.000120248 0.00499599 -0.0049056 0.0094598 0.00223365 -0.0011631
internal_weight=8848.05 1906.49 318.001 116.881 1588.49 53.2552 6941.56 6091.71 6027.25 175.199 64.4528 72.5077 89.4808 1535.23
internal_count=47992 11149 1541 527 9608 286 36843 30702 30360 916 342 388 389 9322
is_linear=0
shrinkage=0.02


Tree=228
num_leaves=15
num_cat=0
split_feature=11 0 13 10 20 8 3 14 12 1 0 11 6 21
split_gain=5.38844 5.44218 4.7866 5.05008 5.03537 4.90782 7.52484 5.77 4.74916 4.45309 5.82137 4.21555 4.17755 4.12792
threshold=20.450141799056251 62.090349075975361 106.83333333333336 1.0000000180025095e-35 9.7872689938398363 1.0000000180025095e-35 73.100000000000009 1.3850160256410258 38.500000000000007 1.5000000000000002 62.292950034223146 36.886990268525146 2.5000000000000004 1.853936784438635
decision_type=2 2 2 2 2 2 2 2 2 2 2 2 2 2
left_child=-1 2 3 11 -4 8 7 -7 12 10 -3 -2 13 -5
right_child=1 9 4 5 -6 6 -8 -9 -10 -11 -12 -13 -14 -15
leaf_value=-0.0027595559064915102 0.00055022985383974972 0.0084042913875373177 0.0020798336946509506 -0.0032167372826992337 -0.0032617778393967773 0.0043414863560365296 -0.00035321584318348179 -0.0065607075940975158 -0.00012360741065634432 -0.00023702045936075473 0.001927269268281739 0.0053053974462377038 0.0037615507648966718 0.0033644980976240036
leaf_weight=270.25856332853436 1365.7319721840322 59.598601296544075 625.63474909961224 439.17558215558529 74.713828414678574 18.086627215147018 286.4761611521244 174.41281837597489 4605.1912588849664 319.57260846346617 456.05759534984827 74.187349408864975 39.553928479552269 37.382491216063499
leaf_count=1756 6795 307 4745 2668 589 107 1508 1050 23741 1620 2403 362 177 164
internal_value=-4.8978e-06 8.32373e-05 -8.24108e-05 -0.000239869 0.00148807 -0.000511707 -0.00243772 -0.00544227 -0.000328982 0.00161213 0.00275323 0.00081412 -0.0021389 -0.00266676
internal_weight=8846.03 8575.78 7740.55 7040.2 700.349 5600.28 478.976 192.499 5121.3 835.229 515.656 1439.92 516.112 476.558
internal_count=47992 46236 41906 36572 5334 29415 2665 1157 26750 4330 2710 7157 3009 2832
is_linear=0
shrinkage=0.02


Tree=229
num_leaves=15
num_cat=0
split_feature=21 11 21 6 7 9 20 21 13 0 11 11 11 0
split_gain=5.29687 4.8983 10.8524 4.58284 5.47121 5.31498 5.98243 6.5871 5.4131 8.19989 6.91493 5.86428 6.42667 6.60192
threshold=0.82999756013193193 43.283037195056544 2.2319522899833122 1.5000000000000002 1.5000000000000002 1.0000000180025095e-35 5.766475017111568 1.1260926261018291 103.16666666666667 49.728952772073931 22.778247647520264 20.786176581102236 22.759887158975058 64.149212867898711
decision_type=2 2 2 2 2 2 2 2 2 2 2 2 2 2
left_child=-1 2 3 5 -5 8 -7 -8 -2 10 -10 -11 -13 -14
right_child=1 -3 -4 4 -6 6 7 -9 9 11 -12 12 13 -15
leaf_value=-0.0072260921422236529 -0.00045340112398810947 -0.0043813264240803512 0.0047391460812012363 0.001629993502569239 -0.00046109909269592778 -0.0079690363252134105 -0.012857212291848887 -0.00019460920470912538 -0.0059204542440889083 -0.0092755004140394875 0.0050599832385973247 0.0065677186176698278 -0.0003679762945674014 0.010266173193200336
leaf_weight=35.445057909935713 5001.3987316042185 94.611116282641888 190.40208562463522 1238.6551758795977 832.52555044740438 66.718341372907162 12.94155904650688 201.89586166292429 20.916161239147186 20.731005385518074 246.08475718647242 57.967814370989799 804.29401504993439 19.043799497187138
leaf_count=378 25598 532 1085 7026 4348 515 81 1069 128 119 1576 361 5047 129
internal_value=-4.64299e-06 2.8273e-05 7.88666e-05 -2.77239e-05 0.000789415 -0.000290755 -0.00295394 -0.00124156 -0.000166617 0.00105531 0.00409943 0.00013442 0.000409105 -5.91102e-05
internal_weight=8843.63 8808.19 8713.57 8523.17 2071.18 6451.99 281.556 214.837 6170.44 1169.04 267.001 902.037 881.306 823.338
internal_count=47992 47614 47082 45997 11374 34623 1665 1150 32958 7360 1704 5656 5537 5176
is_linear=0
shrinkage=0.02


Tree=230
num_leaves=15
num_cat=0
split_feature=20 11 21 6 13 11 0 3 13 20 22 11 0 11
split_gain=5.23298 4.57704 10.3321 4.48901 7.04444 8.56456 7.5356 8.05023 6.26722 9.1126 8.28486 10.5725 7.34458 6.6109
threshold=4.4299657768651617 43.283037195056544 2.2319522899833122 2.5000000000000004 103.16666666666667 20.786176581102236 52.165639972621499 56.100000000000009 102.83333333333336 8.3241957563312816 7.5000000000000009 29.327160493827162 53.961670088980156 28.731834188907118
decision_type=2 2 2 2 2 2 2 2 2 2 2 2 2 2
left_child=-1 2 3 4 -2 -6 -7 -8 10 13 12 -12 -5 -10
right_child=1 -3 -4 8 5 6 7 -9 9 -11 11 -13 -14 -15
leaf_value=-0.0039075983989343664 -0.00047955442225418445 -0.0042308022075947605 0.0046557221689484873 0.0096213421858207908 -0.0074865235807687223 0.0030806250505142408 0.0095476578313511001 -0.00013530449421487697 0.00025478982581207682 0.0030421855515943242 -0.0020617688726083626 0.0060812895157567473 0.0025880359103228694 -0.0069935343433986351
leaf_weight=130.33506281673908 5919.3919284753501 93.501190073788166 190.03091141581535 91.236154057085514 41.144415438175201 570.3308399990201 30.590690322220325 970.22266459465027 94.009422428905964 137.49285899102688 213.93381254374981 84.968848124146461 172.80123361200094 101.25727953761816
leaf_count=1323 29572 524 1085 483 236 3666 196 6233 597 1039 956 427 989 666
internal_value=-4.79804e-06 5.55754e-05 0.000104742 -3.41572e-07 -0.000160057 0.00100957 0.00125638 0.000204666 0.00133387 -0.000830169 0.00261262 0.00030844 0.00515942 -0.00357467
internal_weight=8841.25 8710.91 8617.41 8427.38 7531.68 1612.29 1571.14 1000.81 895.7 332.76 562.94 298.903 264.037 195.267
internal_count=47992 46669 46145 45060 39903 10331 10095 6429 5157 2302 2855 1383 1472 1263
is_linear=0
shrinkage=0.02


Tree=231
num_leaves=15
num_cat=0
split_feature=18 18 18 1 1 13 24 21 18 2 20 20 14 14
split_gain=5.16134 5.1028 9.29427 13.111 9.16467 8.23806 7.26387 8.53312 7.25068 6.85938 6.68653 9.44853 5.66145 6.11618
threshold=17.103687843783224 24.123494535776413 27.027188394960742 1.5000000000000002 1.5000000000000002 93.166666666666671 1.0000000180025095e-35 1.196087915296228 23.273194913519241 159.50000000000003 6.5596714579055453 7.8143463381245732 1.7791327913279134 1.8525314305130822
decision_type=2 2 2 2 2 2 2 2 2 2 2 2 2 2
left_child=-1 6 3 5 -4 -3 8 -8 12 10 -6 -12 -2 -14
right_child=1 2 4 -5 9 -7 7 -9 -10 -11 11 -13 13 -15
leaf_value=-0.0025328819725357749 -0.0014870428745252407 -0.0065000056636931218 0.00077256051188094002 0.0012107489470933766 0.0037429199251475553 -0.0019454846770440581 0.00019152852137415625 0.0040298946698526048 0.0068370102678586755 -0.00060689303912198338 -0.011354777718679057 0.0020416177011307558 0.01699795828256908 -0.0017133123101074996
leaf_weight=306.63561929389834 589.08514914289117 211.16010549664497 3763.813697040081 413.94313035532832 22.154037661850452 637.93776661157608 435.8843062967062 493.56062477827072 44.847686104476452 1801.4546036347747 69.922778934240341 27.079718939960003 9.1292703300714511 11.858700506389139
leaf_count=2499 3894 1278 18998 2277 112 3401 2696 2799 241 9176 307 171 75 68
internal_value=-4.52381e-06 8.75419e-05 -0.00014598 -0.00169445 0.000198915 -0.0031119 0.00111004 0.0022426 -0.000499054 -0.000923305 -0.00547375 -0.00767861 -0.00109279 0.00805313
internal_weight=8838.47 8531.83 6947.47 1263.04 5684.42 849.098 1584.37 929.445 654.921 1920.61 119.157 97.0025 610.073 20.988
internal_count=47992 45493 35720 6956 28764 4679 9773 5495 4278 9766 590 478 4037 143
is_linear=0
shrinkage=0.02


Tree=232
num_leaves=15
num_cat=0
split_feature=21 0 2 2 0 14 7 24 8 6 0 3 2 3
split_gain=5.04767 4.57296 6.36366 12.9318 5.75876 5.5873 5.14235 9.47245 9.53586 8.6976 7.33911 6.89982 5.91991 5.2403
threshold=0.82999756013193193 62.872005475701584 164.50000000000003 166.50000000000003 63.500342231348398 2.1602564102564106 2.5000000000000004 1.5000000000000002 1.0000000180025095e-35 2.5000000000000004 54.079397672826836 95.500000000000014 154.50000000000003 97.500000000000014
decision_type=2 2 2 2 2 2 2 2 2 2 2 2 2 2
left_child=-1 5 4 -4 -3 6 7 8 9 13 -11 -8 -9 -2
right_child=1 2 3 -5 -6 -7 11 12 -10 10 -12 -13 -14 -15
leaf_value=-0.0070734278914417609 -0.00038152249454438041 0.0052416338909520386 0.011205100559475607 0.001405830601958716 -0.0013726386093549953 -0.007111288247162376 -0.00098854216759665793 -0.0021478954226666915 -0.004056115935830649 0.010102482363823103 0.0008904379310391698 -0.0073270552397907106 0.001844141961828385 0.0025052176976285627
leaf_weight=35.222340319305658 5194.4381505921483 59.144089944660664 66.699960470199585 226.75459671765566 288.51379866153002 40.220096126198769 582.94398132711649 160.75794266164303 251.64052821695805 54.715509839355946 86.092029705643654 73.490721598267555 1456.9031051658094 259.23451258987188
leaf_count=378 27526 318 343 1172 1532 224 2907 958 1513 282 476 402 8669 1292
internal_value=-4.32497e-06 2.77373e-05 0.00164761 0.00379024 -0.000183375 -0.000100212 -6.08848e-05 8.85836e-05 -0.000286153 -0.000112752 0.00470748 -0.00175121 0.0014408 -0.000241769
internal_weight=8836.77 8801.55 641.112 293.455 347.658 8160.44 8120.22 7463.78 5846.12 5594.48 140.808 656.435 1617.66 5453.67
internal_count=47992 47614 3365 1515 1850 44249 44025 40716 31089 29576 758 3309 9627 28818
is_linear=0
shrinkage=0.02


Tree=233
num_leaves=15
num_cat=0
split_feature=20 14 11 21 4 9 21 21 14 0 0 1 1 20
split_gain=4.95222 4.56562 4.61838 9.37323 5.34195 5.67511 8.97444 5.00484 4.85817 4.84068 11.4462 10.4422 6.57256 8.44077
threshold=4.4299657768651617 2.1602564102564106 43.283037195056544 2.2319522899833122 148.50000000000003 1.0000000180025095e-35 1.2181830500064164 1.0179853601363245 1.3850160256410258 49.115674195756334 51.642710472279269 1.5000000000000002 1.5000000000000002 6.2720328542094466
decision_type=2 2 2 2 2 2 2 2 2 2 2 2 2 2
left_child=-1 2 3 4 5 9 -7 -6 -8 -2 11 -11 -12 -14
right_child=1 -3 -4 -5 7 6 8 -9 -10 10 12 -13 13 -15
leaf_value=-0.0038095158886790222 0.001006433330746886 -0.0060013718059506987 -0.0042178846660997291 0.004496048084057451 -0.0075848498195901668 -0.0085918404146362124 0.0066659500910239604 0.0020004078959018389 -0.0017417201379750697 -0.0038026185790850028 0.00062694631109307564 0.00089783748745096963 0.0031917970145441911 -0.0014466230475302447
leaf_weight=129.72842959314585 1530.9328674003482 44.506802283227444 93.425486087799072 188.04752191901207 17.591375954449177 72.36019553989172 25.548654466867447 682.38603769242764 270.28020925074816 606.58656131476164 3315.8021794259548 270.35786730051041 171.45080275833607 1415.796211451292
leaf_count=1323 9286 250 523 1075 124 524 129 5418 1377 3264 15772 1409 894 6624
internal_value=-4.20068e-06 5.44332e-05 8.92297e-05 0.000138865 3.82179e-05 -0.000114428 -0.00252015 0.00170459 -0.000910236 8.09378e-06 -0.00025663 -0.00235435 0.000120171 -0.000935886
internal_weight=8834.8 8705.07 8660.57 8567.14 8379.09 7679.12 368.189 699.977 295.829 7310.93 5779.99 876.944 4903.05 1587.25
internal_count=47992 46669 46419 45896 44821 39279 2030 5542 1506 37249 27963 4673 23290 7518
is_linear=0
shrinkage=0.02


Tree=234
num_leaves=15
num_cat=0
split_feature=0 0 0 1 1 13 24 21 0 2 20 20 14 14
split_gain=4.88991 4.85181 8.59023 12.2427 8.51995 7.95138 6.95106 8.11335 6.95784 6.56404 6.42625 9.06914 5.48774 5.90233
threshold=41.356605065023963 49.115674195756334 51.987679671457911 1.5000000000000002 1.5000000000000002 93.166666666666671 1.0000000180025095e-35 1.196087915296228 48.2422997946612 159.50000000000003 6.5596714579055453 7.8143463381245732 1.7791327913279134 1.8525314305130822
decision_type=2 2 2 2 2 2 2 2 2 2 2 2 2 2
left_child=-1 6 3 5 -4 -3 8 -8 12 10 -6 -12 -2 -14
right_child=1 2 4 -5 9 -7 7 -9 -10 -11 11 -13 13 -15
leaf_value=-0.0024678276107909995 -0.0014635528178237849 -0.0063422108362921224 0.00074218594521796208 0.0011742637251354218 0.0036804479970843507 -0.0018599652414883431 0.00019076426592993978 0.0039351477336783498 0.0066828226848502812 -0.00058364244979297727 -0.011112679283375202 0.0020153390737599726 0.016647335108071138 -0.001697048302825305
leaf_weight=306.0149853900075 588.62095796316862 210.0885439068079 3762.5968236774206 413.90166118741035 22.18167507648468 637.42523857206106 435.67587694525719 493.01465007662773 45.000569365918636 1800.9500595480204 69.871363893151283 27.048633687198162 9.2365875840187091 11.851292647421358
leaf_count=2499 3894 1278 18998 2277 112 3401 2696 2799 241 9176 307 171 75 68
internal_value=-4.32652e-06 8.52382e-05 -0.000142507 -0.00163226 0.000188977 -0.00300409 0.00108259 0.00219112 -0.0004915 -0.000893182 -0.00534555 -0.00751013 -0.00107432 0.00791187
internal_weight=8833.48 8527.46 6944.06 1261.42 5682.65 847.514 1583.4 928.691 654.709 1920.05 119.102 96.92 609.709 21.0879
internal_count=47992 45493 35720 6956 28764 4679 9773 5495 4278 9766 590 478 4037 143
is_linear=0
shrinkage=0.02


Tree=235
num_leaves=15
num_cat=0
split_feature=3 0 0 0 14 4 21 0 21 23 20 21 6 11
split_gain=4.83515 5.56099 4.63903 5.13992 4.57757 4.92029 5.05949 8.36987 6.33562 4.54978 8.78551 4.80698 4.39322 7.08988
threshold=50.350000000000009 62.090349075975361 45.436002737850792 49.82203969883642 2.1602564102564106 140.50000000000003 1.0508095329663585 43.804243668720062 1.3986120722727871 1.0000000180025095e-35 7.5352361396303911 1.2580923717882373 1.5000000000000002 26.778167414559132
decision_type=2 2 2 2 2 2 2 2 2 2 2 2 2 2
left_child=2 4 -1 -4 5 -2 7 -7 9 10 11 -8 13 -10
right_child=1 -3 3 -5 -6 6 8 -9 12 -11 -12 -13 -14 -15
leaf_value=-0.011182257599223035 -0.00022501496012656226 0.0016002684630315428 0.0063762416600298437 -0.00353450489505044 -0.0065704552996037812 0.0037492896057043142 0.0012315096456392799 -0.017578826397477935 -0.0079004459570829015 0.0096160486339556712 0.0066941207339286718 -0.011101560669384558 0.002874263677255955 0.0004836354836398602
leaf_weight=21.228984083980322 7124.0143104046583 840.84785314649343 20.49459221214056 114.97488393634558 38.586971253156662 11.997373901307585 27.283076837658882 9.306398391723631 43.748734623193741 55.671156764030457 74.725524932146072 16.884064376354218 202.64223233610392 229.41072869300842
leaf_count=233 37093 4361 156 640 213 90 217 65 339 449 595 137 1621 1783
internal_value=-4.13278e-06 5.94774e-05 -0.00343102 -0.00184732 -0.000106555 -7.01127e-05 0.00155942 -0.00706217 0.00189661 0.0051008 0.00266765 -0.00409197 0.000676061 -0.00096983
internal_weight=8831.82 8675.12 156.698 135.469 7834.27 7795.68 671.669 21.3038 650.366 174.564 118.893 44.1671 475.802 273.159
internal_count=47992 46963 1029 796 42602 42389 5296 155 5141 1398 949 354 3743 2122
is_linear=0
shrinkage=0.02


Tree=236
num_leaves=15
num_cat=0
split_feature=21 11 21 14 12 2 3 0 0 21 11 0 21 14
split_gain=4.74961 4.41604 9.54444 4.87692 5.09936 5.16556 6.18541 5.74534 5.60207 6.81238 6.529 5.94248 5.56756 4.74398
threshold=0.82999756013193193 43.283037195056544 2.2319522899833122 2.1602564102564106 53.500000000000007 164.50000000000003 104.50000000000001 64.214921286789888 49.728952772073931 1.2001280318937066 24.027759021225823 50.076659822039709 1.2244494055615895 1.4378511235955058
decision_type=2 2 2 2 2 2 2 2 2 2 2 2 2 2
left_child=-1 2 3 4 5 6 -2 8 9 10 -7 -10 -11 -13
right_child=1 -3 -4 -5 -6 7 -8 -9 11 12 -12 13 -14 -15
leaf_value=-0.0068861468747570351 -0.00079646970340893478 -0.0041540081783741833 0.0044596376871018613 -0.0064036628393510358 0.0013010322194558525 0.0020933030670115056 0.010017160538543519 0.0065740536383914272 -0.0043497653019277868 0.0093636460082038749 -0.0019602526702397296 -0.002596443323767939 0.0025023958140372522 0.00024697261495174603
leaf_weight=34.936331197619438 3493.5019752196968 94.901299200952053 189.14912108331919 42.676362454891205 1065.8581765666604 328.91617799922824 16.285104110836983 53.01605287194252 128.65661555528641 51.444286860525608 298.20001490414143 254.84740021824837 358.69684757292271 2419.2175638489425
leaf_count=378 18293 532 1085 237 7372 2213 81 241 700 281 1933 1291 1910 11445
internal_value=-4.31694e-06 2.66882e-05 7.4879e-05 -2.48908e-05 1.07776e-05 -0.000175477 -0.000731548 0.000325639 0.000230414 0.00148263 0.000162374 -0.000234118 0.00347024 -2.7608e-05
internal_weight=8830.3 8795.37 8700.47 8511.32 8468.64 7402.78 3509.79 3892.99 3839.98 1037.26 627.116 2802.72 410.141 2674.06
internal_count=47992 47614 47082 45997 45760 38388 18374 20014 19773 6337 4146 13436 2191 12736
is_linear=0
shrinkage=0.02


Tree=237
num_leaves=15
num_cat=0
split_feature=20 10 13 23 11 6 12 12 0 7 14 13 2 2
split_gain=4.64098 4.4012 5.74749 8.58408 6.38782 6.13759 6.2145 5.96557 5.49019 5.48381 4.95961 4.87726 4.97873 6.56247
threshold=4.4299657768651617 1.0000000180025095e-35 105.50000000000001 1.0000000180025095e-35 26.488523975574783 2.5000000000000004 39.500000000000007 30.500000000000004 48.491444216290219 2.5000000000000004 1.4801106427818758 102.83333333333336 157.50000000000003 154.50000000000003
decision_type=2 2 2 2 2 2 2 2 2 2 2 2 2 2
left_child=-1 -2 3 5 -5 6 -3 -6 -7 -4 -9 12 13 -10
right_child=1 2 9 4 7 8 -8 10 11 -11 -12 -13 -14 -15
leaf_value=-0.0036972988527110952 0.00094068056150399017 -0.0025692815697595651 0.0015816392796267186 -0.0046213730360154881 0.0073359593716037595 0.0075837353587586099 -0.00014305656848985366 -0.0071156649754082271 0.00048371556961479041 -0.0026833683913690888 -0.00025663105034306089 -0.0041702588468385806 0.00063282911842668221 0.011141752687075941
leaf_weight=129.05400663986802 1772.066822104156 465.19296387583017 1046.0312822163105 315.29679666087031 29.095648616552353 56.205070316791534 4177.484768524766 46.786290787160397 46.221868000924587 131.32861167192459 233.0656011402607 54.861760482192039 283.28924389183521 43.055151507258415
leaf_count=1323 9168 2567 7691 1815 146 292 20499 204 249 862 1169 327 1450 230
internal_value=-4.11606e-06 5.25304e-05 -0.000174872 -0.000435911 -0.00264075 -0.000164721 -0.000389095 -0.000571639 0.00196703 0.00109487 -0.00151513 0.00114469 0.00197749 0.00596323
internal_weight=8829.04 8699.98 6927.92 5750.56 624.244 5126.31 4642.68 308.948 483.633 1177.36 279.852 427.428 372.566 89.277
internal_count=47992 46669 37501 28948 3334 25614 23066 1519 2548 8553 1373 2256 1929 479
is_linear=0
shrinkage=0.02


Tree=238
num_leaves=15
num_cat=0
split_feature=0 21 13 0 0 1 1 13 24 21 0 2 20 20
split_gain=4.58587 4.84761 6.04991 4.64401 8.14087 11.7894 8.19433 7.61397 6.54204 7.62824 6.64737 6.28031 6.22456 8.69139
threshold=41.356605065023963 1.3334718113153234 98.166666666666671 49.115674195756334 51.987679671457911 1.5000000000000002 1.5000000000000002 93.166666666666671 1.0000000180025095e-35 1.196087915296228 48.2422997946612 159.50000000000003 6.5596714579055453 7.8143463381245732
decision_type=2 2 2 2 2 2 2 2 2 2 2 2 2 2
left_child=1 2 -1 8 5 7 -6 -5 10 -10 -2 12 -8 -14
right_child=3 -3 -4 4 6 -7 11 -9 9 -11 -12 -13 13 -15
leaf_value=-0.0029341998752204107 -0.0010399533210255715 -0.0089161004777219607 0.0041759119249859212 -0.0062136893856787291 0.00072524322660119038 0.0011630560897654249 0.0036400260436917514 -0.0018203952415934582 0.00019441564229722005 0.0038270091640543774 0.0065319668651803442 -0.00057616334935050955 -0.010896666519110374 0.0019650137859107183
leaf_weight=213.79334865882993 609.02436042204499 35.0097421631217 56.406735628843307 209.21586002036929 3760.3506373614073 413.63214023038745 22.194632083177567 637.04089893400669 435.37462611123919 492.48109113425016 45.149529010057449 1800.0203743204474 69.804240599274635 26.996919073164463
leaf_count=1941 4037 216 342 1278 18998 2277 112 3401 2696 2799 241 9176 307 171
internal_value=-3.9832e-06 -0.00239285 -0.00139373 8.26981e-05 -0.000140172 -0.0015914 0.000182528 -0.00293899 0.0010589 0.00213482 -0.000468741 -0.000879015 -0.00523609 -0.00736968
internal_weight=8826.5 305.21 270.2 8521.29 6939.26 1259.89 5679.37 846.257 1582.03 927.856 654.174 1919.02 118.996 96.8012
internal_count=47992 2499 2283 45493 35720 6956 28764 4679 9773 5495 4278 9766 590 478
is_linear=0
shrinkage=0.02


Tree=239
num_leaves=15
num_cat=0
split_feature=3 11 21 14 12 9 24 11 2 11 20 20 11 11
split_gain=4.55847 4.33591 8.98795 5.01347 5.36142 5.01306 9.92383 11.8519 6.33386 5.91177 4.56206 7.84813 4.28691 10.8549
threshold=50.350000000000009 43.283037195056544 2.2319522899833122 2.1602564102564106 53.500000000000007 1.0000000180025095e-35 1.5000000000000002 26.488523975574783 168.50000000000003 33.69999127045606 5.766475017111568 7.2330458590006854 27.411055485240521 29.769841269841276
decision_type=2 2 2 2 2 2 2 2 2 2 2 2 2 2
left_child=-1 2 3 4 5 -2 10 8 -8 -9 -7 -12 -6 -14
right_child=1 -3 -4 -5 12 6 7 9 -10 -11 11 -13 13 -15
leaf_value=-0.0033357253428468459 -2.8513444537130586e-05 -0.0040833128145793965 0.0043654513137768927 -0.0064532347095218011 0.0027430445678778676 -0.010042965464155021 -0.012166153659073064 0.0079028634969599415 0.00029063063375853122 -0.0034169271811335688 -6.6423698684972532e-05 -0.010128455838481739 -0.0035436814600368345 0.0022084568660138272
leaf_weight=156.28656719997525 6937.163928642869 94.953683957457542 188.70041406154633 42.765621662139893 486.37333185225725 56.214961301535368 25.180601388216019 77.141343921422958 34.41610499098897 20.402881100773811 99.181478053331375 40.424478679895401 197.40577758103609 368.0353729724884
leaf_count=1029 35827 532 1085 237 3285 448 136 401 194 106 517 186 1375 2634
internal_value=-4.01737e-06 5.77096e-05 0.000106159 7.51971e-06 4.47267e-05 -0.000147921 -0.002456 0.00126202 -0.00547592 0.00546449 -0.00540671 -0.0032433 0.00137624 0.000183316
internal_weight=8824.65 8668.36 8573.41 8384.71 8341.94 7290.13 352.962 157.141 59.5967 97.5442 195.821 139.606 1051.81 565.441
internal_count=47992 46963 46431 45346 45109 37815 1988 837 330 507 1151 703 7294 4009
is_linear=0
shrinkage=0.02


Tree=240
num_leaves=15
num_cat=0
split_feature=21 11 21 14 4 21 9 3 24 11 11 0 3 2
split_gain=4.51246 4.10411 8.78625 4.52093 4.63406 4.98324 4.66838 7.62476 4.47157 8.09938 6.49457 5.4934 5.01048 4.3388
threshold=0.82999756013193193 43.283037195056544 2.2319522899833122 2.1602564102564106 148.50000000000003 1.0179853601363245 1.0000000180025095e-35 61.100000000000009 1.5000000000000002 26.262264297897307 33.69999127045606 47.393566050650243 72.65000000000002 164.50000000000003
decision_type=2 2 2 2 2 2 2 2 2 2 2 2 2 2
left_child=-1 2 3 4 6 -6 13 -8 11 -10 -11 -9 -13 -2
right_child=1 -3 -4 -5 5 -7 7 8 9 10 -12 12 -14 -15
leaf_value=-0.0067353498422434085 -0.00052013043225049825 -0.0040011561659922716 0.0042880899122492008 -0.0061542936917243166 -0.0080344575801742334 0.0018576329008299659 -0.010377107018306391 -0.0097532098624400088 -0.0050870005301425917 0.0066651706808961335 -0.0050069242913068765 0.003219620696382982 -0.0042424716997273406 0.00044870253754238201
leaf_weight=34.662976205348969 3563.9530591629446 95.066831216216087 188.35636958479881 42.839285038411617 16.060969188809395 678.65455441921949 36.747868355363607 37.073998592793941 50.251250632107258 85.197188206017017 20.035123877227306 53.232967346906662 89.787153489887714 3831.316625457257
leaf_count=378 18602 532 1085 237 114 5418 241 287 272 442 101 295 441 19547
internal_value=-4.35645e-06 2.57784e-05 7.2319e-05 -2.32736e-05 1.11434e-05 0.0015703 -0.000128967 -0.00229896 -0.00126912 0.0011887 0.00429847 -0.00337666 -0.00143659 -1.79664e-05
internal_weight=8823.24 8788.57 8693.51 8505.15 8462.31 694.716 7767.6 372.326 335.578 155.484 105.232 180.094 143.02 7395.27
internal_count=47992 47614 47082 45997 45760 5532 40228 2079 1838 815 543 1023 736 38149
is_linear=0
shrinkage=0.02


Tree=241
num_leaves=15
num_cat=0
split_feature=19 0 2 2 2 2 19 19 3 4 20 14 4 9
split_gain=4.36958 4.70726 4.94656 4.64369 6.55502 4.59528 4.00243 5.94216 4.61536 4.61564 5.96163 4.55563 5.03277 5.18822
threshold=4.1820830061028831 64.149212867898711 154.50000000000003 163.50000000000003 169.50000000000003 161.50000000000003 18.734213090674938 14.589473504920932 130.50000000000003 129.50000000000003 8.1857357973990439 2.1602564102564106 140.50000000000003 1.0000000180025095e-35
decision_type=2 2 2 2 2 2 2 2 2 2 2 2 2 2
left_child=3 6 -3 5 -5 -1 7 11 9 -8 -11 12 13 -2
right_child=1 2 -4 4 -6 -7 8 -9 -10 10 -12 -13 -14 -15
leaf_value=-0.003212462314424232 -3.599690092058853e-05 -0.0057802799604775214 0.0045737878318939723 0.0033960097757832577 -0.0043067890851528024 -0.013445863245682499 0.00064797293592725738 0.0031066567726461269 0.0037077402275765927 -0.014237771729401136 0 -0.0063634640723654948 0.0016283812199845654 -0.0025185126776196406
leaf_weight=82.265063647180796 6976.7002742625773 16.509947575628757 147.48539935052395 85.078568451106548 81.69751862436533 19.727485504001379 24.871268436312675 242.72170689702034 20.379987604916096 30.969155475497246 17.380716301500797 40.287798315286636 686.79792551696301 348.93759506940842
leaf_count=563 35900 95 750 538 520 135 113 1356 114 170 125 223 5452 1938
internal_value=-4.77927e-06 7.45629e-05 0.0033794 -0.00249224 -0.000381195 -0.00574636 7.74481e-06 5.55625e-05 -0.00399776 -0.00626795 -0.00959031 -3.80247e-05 -2.02124e-06 -0.000156155
internal_weight=8821.81 8553.04 163.995 268.769 166.776 101.993 8389.05 8295.45 93.6011 73.2211 48.3499 8052.72 8012.44 7325.64
internal_count=47992 46236 845 1756 1058 698 45391 44869 522 408 295 43513 43290 37838
is_linear=0
shrinkage=0.02


Tree=242
num_leaves=15
num_cat=0
split_feature=20 10 3 0 0 3 0 2 22 1 14 20 4 8
split_gain=4.34613 4.14041 6.33008 5.19008 9.79557 8.95058 7.81352 4.54347 4.49086 4.83764 6.1446 4.47687 4.34972 6.84562
threshold=4.1803148528405218 1.0000000180025095e-35 55.100000000000009 42.410677618069819 49.115674195756334 79.970000000000013 59.579739904175234 173.50000000000003 7.5000000000000009 1.5000000000000002 1.5562587904360059 8.1464476386036981 138.50000000000003 1.0000000180025095e-35
decision_type=2 2 2 2 2 2 2 2 2 2 2 2 2 2
left_child=-1 2 -2 -4 5 -5 7 8 9 10 -6 -11 13 -3
right_child=1 12 3 4 6 -7 -8 -9 -10 11 -12 -13 -14 -15
leaf_value=-0.0053951323728148905 -0.0042969768051828268 -0.00023071861979828616 -0.0030364140297405189 0.0021466554904276225 0.0011740848579955745 0.010078056460564621 0.0030796801247752704 -0.0037862767447542408 -0.005277066217592009 0.0022491477831787714 -0.0032234328238781047 0.012420913487949794 0.00078206373244646995 -0.0027645541080707132
leaf_weight=54.438911486417055 84.487971279770136 5064.7561074383557 105.47465109080076 162.82288056612015 379.34864680469036 86.502133473753929 401.90158592909575 120.09391418099403 48.937668859958649 195.54905986785889 184.80834961682558 14.685820788145064 1455.5438697487116 461.1852990090847
leaf_count=567 493 25235 747 922 1782 462 2047 594 237 921 979 115 10408 2483
internal_value=-5.0557e-06 3.1246e-05 0.000889748 0.00116052 0.00144799 0.00505032 0.000762674 -0.000233302 0.00030226 0.000689004 -0.000278617 0.00324102 -0.000188398 -0.000444858
internal_weight=8820.54 8766.1 1784.61 1700.12 1594.65 249.325 1345.33 943.423 823.33 774.392 564.157 210.235 6981.49 5525.94
internal_count=47992 47425 9299 8806 8059 1384 6675 4628 4034 3797 2761 1036 38126 27718
is_linear=0
shrinkage=0.02


Tree=243
num_leaves=15
num_cat=0
split_feature=21 2 6 4 18 18 20 22 14 1 20 20 4 11
split_gain=4.28603 3.8982 7.12659 8.01601 5.97833 5.82868 4.81242 7.42962 6.47059 5.77719 6.78144 11.0157 4.79242 4.75357
threshold=0.82999756013193193 159.50000000000003 2.5000000000000004 130.50000000000003 41.151215134449373 26.669695467976194 6.260205338809036 1.5000000000000002 1.7791327913279134 1.5000000000000002 7.8143463381245732 6.9467761806981532 129.50000000000003 34.773181462673456
decision_type=2 2 2 2 2 2 2 2 2 2 2 2 2 2
left_child=-1 2 6 -4 13 -5 7 8 -2 -8 11 -11 -6 -3
right_child=1 4 3 5 12 -7 9 -9 -10 10 -12 -13 -14 -15
leaf_value=-0.0065844126925522686 -0.0041682513749282859 4.3876035568677843e-05 0.0048485822574677994 -0.01061541755069513 0.0012979542320271822 0.00032687251739072978 -2.3667581749238794e-05 0.0012219969821279332 0.0068005416138711573 0.00083755313742345933 0.0039071263866065535 -0.013358429406773309 0.009405009186196675 0.0022490860357378402
leaf_weight=34.428471460938454 479.72211236506701 5959.3287947289646 176.12218563258648 19.051041968166828 76.040745839476585 99.228134453296661 1231.9510388597846 158.46072869002819 17.996398411691189 36.582439005374908 24.2340949177742 46.512074932456017 45.136763535439968 413.65423654764891
leaf_count=378 3120 32092 922 135 321 715 6270 795 119 171 153 206 291 2304
internal_value=-4.90965e-06 2.43819e-05 -0.000684012 0.00219419 0.000274805 -0.00177842 -0.00111407 -0.00251113 -0.00370397 -0.000421302 -0.00476345 -0.00739312 0.00458659 0.000188975
internal_weight=8818.45 8784.02 2289.86 294.401 6494.16 118.279 1995.46 656.179 497.719 1339.28 107.329 83.0945 121.178 6372.98
internal_count=47992 47614 12606 1772 35008 850 10834 4034 3239 6800 530 377 612 34396
is_linear=0
shrinkage=0.02


Tree=244
num_leaves=15
num_cat=0
split_feature=0 21 3 0 0 1 1 24 21 0 20 24 2 14
split_gain=4.18799 4.74263 4.78875 4.6192 7.61879 11.2567 7.85046 6.09314 7.09127 6.36746 6.08866 9.11982 5.88852 5.31018
threshold=41.356605065023963 1.3334718113153234 87.500000000000014 49.115674195756334 51.987679671457911 1.5000000000000002 1.5000000000000002 1.0000000180025095e-35 1.196087915296228 48.2422997946612 7.017056810403834 1.5000000000000002 154.50000000000003 1.8480769230769234
decision_type=2 2 2 2 2 2 2 2 2 2 2 2 2 2
left_child=1 2 -1 7 5 10 -6 9 13 -2 -5 -12 -8 -9
right_child=3 -3 -4 4 6 -7 12 8 -10 -11 11 -13 -14 -15
leaf_value=-0.0021442918305425705 -0.00098420118139941207 -0.0087469713249428808 0.0067277741228246035 -0.00353320322858852 0.00069927169151340698 0.0011424132559508906 -0.009226307476356374 0.00075797321930427906 0.00372391188319402 0.0064195940714039269 0.0071759938900368657 -0.0037391654349766411 -0.00072168750119873393 -0.0086632925553458487
leaf_weight=247.07017127797008 607.94139652699232 34.939952552318573 21.985252402722836 731.73772454634309 3757.2529612928629 413.40330732613802 28.239129230380058 414.50592770799994 491.80825337767601 45.258167378604412 52.391083352267742 60.785448335111141 1888.9983226284385 20.370048999786377
leaf_count=2144 4037 216 139 3871 18998 2277 140 2567 2799 241 372 436 9626 129
internal_value=-4.82797e-06 -0.00229232 -0.00130252 7.7923e-05 -0.000144413 -0.00154925 0.000167847 0.00105221 0.00209111 -0.000423307 -0.00286757 0.00138653 -0.000871666 0.000218666
internal_weight=8816.69 303.995 269.055 8512.69 6932.81 1258.32 5674.49 1579.88 926.684 653.2 844.914 113.177 1917.24 434.876
internal_count=47992 2499 2283 45493 35720 6956 28764 9773 5495 4278 4679 808 9766 2696
is_linear=0
shrinkage=0.02


Tree=245
num_leaves=15
num_cat=0
split_feature=10 13 23 11 12 7 0 0 11 0 2 6 12 14
split_gain=4.14092 5.31669 7.0973 6.74188 5.65456 5.24078 5.16744 8.29501 8.48899 6.38782 6.11673 5.24132 5.04241 5.12021
threshold=1.0000000180025095e-35 105.50000000000001 1.0000000180025095e-35 26.4421759068596 39.500000000000007 2.5000000000000004 42.410677618069819 49.115674195756334 26.997375176023933 57.969883641341553 162.50000000000003 2.5000000000000004 30.500000000000004 1.4801106427818758
decision_type=2 2 2 2 2 2 2 2 2 2 2 2 2 2
left_child=6 2 4 -4 -2 -3 -1 8 10 11 -8 -9 -5 -14
right_child=1 5 3 12 -6 -7 7 9 -10 -11 -12 -13 13 -15
leaf_value=-0.0031026780363250161 -0.002108010350519387 0.0014789902526931992 -0.0045001148020016443 0.006483171974738554 3.3706442859910434e-06 -0.0026914635346314982 -0.0053533703802784065 -8.25439367309478e-06 0.008429071707992921 0.0022215264918533724 0.0034839779287774188 -0.0050996523669098702 -0.0069746522086925845 -2.6049349916692492e-05
leaf_weight=118.24933836981654 564.24412032961845 1042.0480764359236 316.97465007379651 32.864605754613876 4650.6009267382324 131.28094138205051 37.495641797780991 784.94639501720667 111.63302166759968 540.36267256736755 114.62973986193538 85.272483587265015 46.795071817934513 237.77425049990416
leaf_count=883 3346 7691 1877 175 23248 862 240 3849 602 2713 648 455 204 1199
internal_value=-4.85953e-06 -0.000224191 -0.00047099 -0.00246011 -0.000226497 0.00100123 0.000851505 0.00114036 0.00436228 0.000523219 0.00119199 -0.000535727 -0.000378664 -0.0012763
internal_weight=8815.17 7022.58 5849.25 634.409 5214.85 1173.33 1792.59 1674.34 263.758 1410.58 152.125 870.219 317.434 284.569
internal_count=47992 38602 30049 3455 26594 8553 9390 8507 1490 7017 888 4304 1578 1403
is_linear=0
shrinkage=0.02


Tree=246
num_leaves=15
num_cat=0
split_feature=21 7 6 20 18 18 2 21 2 13 18 11 18 2
split_gain=4.10602 3.9243 7.95114 8.24007 9.1604 7.80277 7.73493 8.79541 6.53808 7.29133 6.77467 8.37141 6.72937 5.70274
threshold=0.82999756013193193 2.5000000000000004 2.5000000000000004 6.2411498973305966 27.432929861078907 26.373602808311563 176.50000000000003 2.5422109608276444 159.50000000000003 103.16666666666667 32.80364863123858 19.815865052037939 41.151215134449373 163.50000000000003
decision_type=2 2 2 2 2 2 2 2 2 2 2 2 2 2
left_child=-1 2 8 -4 5 -5 7 -3 -2 -10 11 -11 13 -12
right_child=1 6 3 4 -6 -7 -8 -9 9 10 12 -13 -14 -15
leaf_value=-0.006460760102710305 -0.0010149971649312708 -0.00045291719862770093 0.0081269776160001594 0.0005143020352685922 0.0026361680768825736 -0.013165307681411807 -0.009162270079047026 -0.014808873242198813 -3.8881181061196637e-05 -0.012024798142160547 0.0031037913743674444 0.0031428259596600235 0.0092098704470242737 -0.0022534580528237439
leaf_weight=34.233499303460121 1926.027167622 670.64839465171099 83.843097247183323 37.184389412403107 351.69375546276569 24.351857885718346 42.83635701239109 12.547171443700789 4441.8508792035282 9.976303428411482 101.38429648429155 744.06087755411863 23.075558848679066 309.53593073785305
leaf_count=378 10500 3418 440 268 2317 161 217 73 22521 54 671 4806 163 2005
internal_value=-4.86108e-06 2.3749e-05 0.00015125 0.00258847 0.00137621 -0.00545163 -0.00137909 -0.000825153 -1.04262e-05 0.000333486 0.00172171 0.00286163 -0.0002643 -0.000905459
internal_weight=8813.25 8779.02 8052.98 497.073 413.23 61.5362 726.032 683.196 7555.91 5629.88 1188.03 754.037 433.996 410.92
internal_count=47992 47614 43906 3186 2746 429 3708 3491 40720 30220 7699 4860 2839 2676
is_linear=0
shrinkage=0.02


Tree=247
num_leaves=15
num_cat=0
split_feature=20 11 21 14 2 11 6 13 20 7 11 11 3 0
split_gain=4.07286 3.81863 8.08847 4.35458 4.2016 4.58802 3.94237 5.37225 9.48033 7.33332 10.3056 7.17261 6.1187 6.11724
threshold=4.1803148528405218 43.283037195056544 2.2319522899833122 2.1602564102564106 156.50000000000003 49.7242412443345 2.5000000000000004 102.83333333333336 8.3411362080766605 2.5000000000000004 29.327160493827162 28.731834188907118 92.100000000000009 53.961670088980156
decision_type=2 2 2 2 2 2 2 2 2 2 2 2 2 2
left_child=-1 2 3 6 -3 -6 -2 9 11 13 -11 -9 -13 -8
right_child=1 4 -4 -5 5 -7 7 8 -10 10 -12 12 -14 -15
leaf_value=-0.0052426450987814212 -0.00013159498625956459 -0.0086324864734219613 0.0041281910787365926 -0.0060113459101606113 -0.0036329520194870765 0.007878374617297448 0.00896088711365472 0.0005032319151779867 0.0033479544929011801 -0.0020330429711954124 0.0060316629749162312 -0.0099442970248827135 0.00047650403952077656 0.0025008668533363443
leaf_weight=53.996438395231962 7542.525474537164 37.449409820139408 187.55057317018509 43.20241716876626 42.359291270375252 14.56286111474037 90.498342983424664 94.977634467184544 131.25366727262735 214.45814201235771 84.095371320843697 73.186370730400085 30.542319007217884 170.80611447989941
leaf_count=567 40435 208 1085 239 238 80 483 604 1005 961 424 479 202 982
internal_value=-5.12798e-06 2.99102e-05 7.48101e-05 -1.70301e-05 -0.00386805 -0.000257266 1.69884e-05 0.00127239 -0.000740654 0.00245839 0.000293936 -0.00346705 -0.00697675 0.00487193
internal_weight=8811.46 8757.47 8663.1 8475.55 94.3716 56.9222 8432.34 889.818 329.96 559.858 298.554 198.706 103.729 261.304
internal_count=47992 47425 46899 45814 526 318 45575 5140 2290 2850 1385 1285 681 1465
is_linear=0
shrinkage=0.02


Tree=248
num_leaves=15
num_cat=0
split_feature=3 0 7 24 6 0 23 3 21 0 0 21 3 0
split_gain=3.9971 4.78761 4.73161 8.34605 7.85234 7.56013 6.47351 6.36138 5.8953 4.56108 4.92534 4.52293 6.45123 7.12253
threshold=50.350000000000009 62.090349075975361 2.5000000000000004 1.5000000000000002 2.5000000000000004 54.079397672826836 1.5000000000000002 95.500000000000014 1.1069466760038027 53.572895277207401 56.398357289527731 1.464570103670122 70.90000000000002 55.467488021902817
decision_type=2 2 2 2 2 2 2 2 2 2 2 2 2 2
left_child=-1 2 3 4 6 -6 -2 8 -4 -8 -11 -5 13 -13
right_child=1 -3 7 11 5 -7 9 -9 -10 10 -12 12 -14 -15
leaf_value=-0.0031322766956934896 -0.00034842035223282082 0.0014848683120264744 -0.0078067664012579988 0.0024717531658785259 0.0098239593845823679 0.00036879120795146826 -0.01030985720711868 -0.0071306865620536465 -0.00037512758501498448 0.0060774314797810451 -0.0066276541484310211 -0.015457980854530198 0.00099665750729466479 -0.0017608931502142494
leaf_weight=155.53099489584565 5402.0856842212379 838.00061298906803 41.676923654973507 734.71717149764299 53.796592801809311 81.704597532749176 39.845742870122194 72.543426498770714 518.71502158045769 17.701862029731274 21.393430337309837 13.778609082102774 727.47144703567028 91.479142732918262
leaf_count=1029 28782 4361 215 4288 280 454 331 395 2580 95 103 85 4443 551
internal_value=-5.02322e-06 5.27194e-05 -0.000101407 4.48735e-05 -0.000315156 0.00435293 -0.000434786 -0.00175221 -0.000995514 -0.00594835 -0.000792772 0.00133312 0.000317351 -0.00419171
internal_weight=8810.44 8654.91 7816.91 7183.97 5616.53 135.501 5481.03 632.935 560.392 78.941 39.0953 1567.45 832.729 105.258
internal_count=47992 46963 42602 39412 30045 734 29311 3190 2795 529 198 9367 5079 636
is_linear=0
shrinkage=0.02


Tree=249
num_leaves=15
num_cat=0
split_feature=20 10 3 18 18 3 18 13 23 11 12 14 7 3
split_gain=3.93032 3.76174 5.92542 4.76684 8.81951 8.35623 7.17455 4.64262 6.75362 6.51822 5.51606 5.07113 4.83247 5.32472
threshold=4.1803148528405218 1.0000000180025095e-35 55.100000000000009 17.986655778978051 24.123494535776413 79.970000000000013 35.497454089231269 105.50000000000001 1.0000000180025095e-35 26.488523975574783 30.500000000000004 1.4801106427818758 2.5000000000000004 94.500000000000014
decision_type=2 2 2 2 2 2 2 2 2 2 2 2 2 2
left_child=-1 2 -2 -4 5 -5 -6 8 -3 -10 -11 -12 -9 -14
right_child=1 7 3 4 6 -7 -8 12 9 10 11 -13 13 -15
leaf_value=-0.005160545237097457 -0.004176223430073964 -0.00017346856759176265 -0.002918184366720835 0.0020044674657360532 -0.00021941214912794848 0.0096701460064034014 0.0029579053126348991 0.0014250351294280662 -0.0043575616101644548 0.0071987914150370572 -0.0068668479728211662 3.7558452027365492e-05 -0.00029753995296967017 -0.0095251285864182064
leaf_weight=53.764629296958447 84.277389075607061 5172.2374830767512 105.1549888625741 162.89883815124631 943.10816259682178 86.269796952605247 400.95462299883366 1040.0296422764659 317.09373008459806 30.053520359098911 46.82894217222929 234.27973173558712 103.37382330000401 28.355699211359024
leaf_count=567 493 26172 747 922 4628 462 2047 7691 1863 152 204 1182 675 187
internal_value=-5.29009e-06 2.90679e-05 0.000847807 0.00110981 0.00138521 0.00480445 0.000734398 -0.000180438 -0.000412747 -0.00236258 -0.000286472 -0.00120554 0.000964718 -0.00257415
internal_weight=8808.68 8754.92 1782.66 1698.39 1593.23 249.169 1344.06 6972.25 5800.49 628.256 311.162 281.109 1171.76 131.73
internal_count=47992 47425 9299 8806 8059 1384 6675 38126 29573 3401 1538 1386 8553 862
is_linear=0
shrinkage=0.02


Tree=250
num_leaves=15
num_cat=0
split_feature=21 11 21 14 12 2 3 0 0 20 0 6 14 7
split_gain=3.89383 3.64034 7.77536 4.05077 3.88883 4.61735 5.89668 5.19527 5.19951 6.42978 5.65467 4.80738 4.51793 4.24413
threshold=0.82999756013193193 43.283037195056544 2.2319522899833122 2.1602564102564106 53.500000000000007 164.50000000000003 104.50000000000001 64.214921286789888 49.728952772073931 6.4598767967145792 50.076659822039709 1.5000000000000002 1.4378511235955058 1.5000000000000002
decision_type=2 2 2 2 2 2 2 2 2 2 2 2 2 2
left_child=-1 2 3 4 5 6 -2 8 9 11 -10 -7 -12 -6
right_child=1 -3 -4 -5 13 7 -8 -9 10 -11 12 -13 -14 -15
leaf_value=-0.0063119007579659648 -0.0007432173984610581 -0.0037640445522005802 0.0040448684633356251 -0.0058138492853099166 0.0017758843981869631 0.00039990000987169213 0.0098233086986343632 0.0062786778179939554 -0.004239441885296018 0.0084258213279476465 -0.0025259397668627504 0.0039625729345924114 0.00025202076221939469 -0.0013482319460041124
leaf_weight=33.989511076360941 3484.7471350990236 95.381471298635006 187.15791987627745 43.051669985055923 845.58554188907146 806.8361865952611 16.250274263322353 52.711114138364792 128.17150913178921 45.326402395963669 254.2368030063808 182.45666322857141 2416.7906908206642 213.96185538172722
leaf_count=378 18293 532 1085 237 5926 5105 81 241 700 331 1291 901 11445 1446
internal_value=-5.31178e-06 2.24766e-05 6.64724e-05 -2.33217e-05 9.37572e-06 -0.000153139 -0.000679662 0.000320904 0.000230398 0.00143851 -0.000217191 0.0010756 -1.58724e-05 0.00113976
internal_weight=8806.65 8772.67 8677.28 8490.13 8447.07 7387.53 3501 3886.53 3833.82 1034.62 2799.2 989.293 2671.03 1059.55
internal_count=47992 47614 47082 45997 45760 38388 18374 20014 19773 6337 13436 6006 12736 7372
is_linear=0
shrinkage=0.02


Tree=251
num_leaves=15
num_cat=0
split_feature=0 21 13 21 0 0 0 1 14 1 20 11 11 9
split_gain=3.81999 4.65849 5.55703 4.48012 8.53937 4.29272 9.78916 7.02043 6.70932 6.49172 6.88833 6.05082 5.90605 5.58897
threshold=41.356605065023963 1.3334718113153234 98.166666666666671 0.96248474198058631 40.297056810403838 49.671457905544152 51.642710472279269 1.5000000000000002 1.4378511235955058 1.5000000000000002 6.2720328542094466 27.685219516715168 21.080004259063152 1.0000000180025095e-35
decision_type=2 2 2 2 2 2 2 2 2 2 2 2 2 2
left_child=1 2 3 -1 -5 -2 7 8 -7 -8 11 13 -10 -11
right_child=5 -3 -4 4 -6 6 9 -9 12 10 -12 -13 -14 -15
leaf_value=-0.0062961448481769211 0.000944476188987531 -0.0085954167533033032 0.0041243536101908378 0.0024659141081793952 -0.00884723221011398 -0.0095548359216945794 0.00059607123609614512 0.00041720889138229677 -0.01233024031187124 0.0018590102434784912 -0.0011888426982238742 0.0084211568585438427 -0.00211903398348252 -0.010632447596079992
leaf_weight=79.637356262654066 1784.7136988118291 34.851095668971539 56.256231375038624 101.44180957600474 30.607845615595579 61.14788718521595 3922.7535046339035 266.4772311039269 19.317176572978497 130.1246091350913 1802.7420486286283 49.570492058992386 454.46534185856581 11.02100098878145
leaf_count=858 10927 216 342 829 254 370 19922 1464 131 705 9191 230 2481 72
internal_value=-5.07627e-06 -0.00219412 -0.00121198 -0.00270179 -0.000368877 7.3891e-05 -0.000157636 -0.00222497 -0.00353655 0.000123708 -0.000803979 0.00276115 -0.00266396 0.000539569
internal_weight=8805.13 302.794 267.943 211.687 132.05 8502.33 6717.62 801.408 534.93 5916.21 1993.46 190.716 473.783 141.146
internal_count=47992 2499 2283 1941 1083 45493 34566 4446 2982 30120 10198 1007 2612 777
is_linear=0
shrinkage=0.02


Tree=252
num_leaves=15
num_cat=0
split_feature=10 3 21 0 0 3 0 13 23 11 6 11 20 11
split_gain=3.7724 5.36635 5.13502 5.08869 8.33925 8.67831 6.87722 4.39747 6.42203 5.85689 4.81067 4.79803 8.73828 6.19589
threshold=1.0000000180025095e-35 55.100000000000009 0.82999756013193193 42.410677618069819 49.115674195756334 79.970000000000013 59.579739904175234 105.50000000000001 1.0000000180025095e-35 26.4421759068596 2.5000000000000004 26.228120253804075 7.6647227926078036 27.451745856759221
decision_type=2 2 2 2 2 2 2 2 2 2 2 2 2 2
left_child=1 -1 -2 -3 5 -5 -6 8 10 -10 11 12 -4 -13
right_child=2 3 7 4 6 -7 -8 -9 9 -11 -12 13 -14 -15
leaf_value=-0.0039329977419429122 -0.0080921231152266144 -0.0029921333713982885 -0.00012385015286477084 0.0018426003487170342 -0.00021434294012107082 0.0096291144807131735 0.0028975582404266536 0.00093936143006241677 -0.0042235738771966595 -0.00036760592224898054 0.001717170918613894 -0.0031103062876924369 0.0041065819911567233 -0.00049954041684729998
leaf_weight=85.573916867375374 27.96087458729744 110.65069780871272 2265.6816029958427 164.33850175887346 943.17840460687876 86.300095893442631 400.51246851682663 1168.2720026001334 312.41119638457894 317.4141803830862 484.3838667050004 454.12672721594572 208.64111343026161 1775.3620097339153
leaf_count=512 319 805 12111 934 4629 463 2047 8540 1837 1578 2561 2257 991 8408
internal_value=-5.44799e-06 0.00081237 -0.00021493 0.00106252 0.00135364 0.00466738 0.000719038 -0.000177353 -0.000402549 -0.00230163 -0.00016963 -0.000365969 0.000239626 -0.00103799
internal_weight=8804.81 1790.55 7014.25 1704.98 1594.33 250.639 1343.69 6986.29 5818.02 629.825 5188.2 4703.81 2474.32 2229.49
internal_count=47992 9390 38602 8878 8073 1397 6676 38283 29743 3415 26328 23767 13102 10665
is_linear=0
shrinkage=0.02


Tree=253
num_leaves=15
num_cat=0
split_feature=3 0 1 2 0 5 7 2 3 14 21 10 2 19
split_gain=3.66907 4.37141 5.24996 5.85475 6.54434 6.29158 4.56329 6.24544 5.83517 5.17281 5.06847 4.59579 6.09908 5.03583
threshold=50.350000000000009 62.090349075975361 1.5000000000000002 164.50000000000003 62.292950034223146 91.500000000000014 2.5000000000000004 176.50000000000003 92.100000000000009 1.3166248955722641 2.4447665080433896 1.0000000180025095e-35 160.50000000000003 13.001461435802904
decision_type=2 2 2 2 2 2 2 2 2 2 2 2 2 2
left_child=-1 6 3 4 -3 -6 8 10 11 -10 -8 12 13 -2
right_child=1 2 -4 -5 5 -7 7 -9 9 -11 -12 -13 -14 -15
leaf_value=-0.0030059940661900041 -0.0015688313717917134 0.0082706047203450327 -0.00055596633179201983 0.0058283640262687345 0.0010119465040052151 -0.0090563627079897867 -0.00083088020095174915 -0.0089621532860375518 0.012883021306073644 0.0014911041486243579 -0.011759225096472772 -0.00041082621813368406 0.001843218395978557 0.008197988729479997
leaf_weight=155.06344199925661 401.16327859833837 40.771220214664936 325.67827355861664 157.32060504704714 290.88745081424713 22.093564607203007 580.97205688804388 39.492979854345322 11.499247059226034 692.11843211948872 12.582556366920469 5161.3569798134267 893.55698787420988 17.291137710213661
leaf_count=1029 2125 214 1655 793 1533 166 2923 197 58 3815 70 28671 4654 89
internal_value=-5.37844e-06 4.99068e-05 0.00141945 0.00267534 0.00120587 0.000163699 -9.7382e-05 -0.00171834 4.64132e-05 0.00176969 -0.00116218 -0.00014181 0.000912504 -0.0010685
internal_weight=8801.85 8646.78 836.751 511.073 353.752 312.981 7810.03 633.048 7176.99 703.618 593.555 6473.37 1312.01 418.454
internal_count=47992 46963 4361 2706 1913 1699 42602 3190 39412 3873 2993 35539 6868 2214
is_linear=0
shrinkage=0.02


Tree=254
num_leaves=15
num_cat=0
split_feature=20 11 21 2 11 14 12 3 11 11 10 14 7 14
split_gain=3.7051 3.5246 7.33764 4.07 4.4553 4.06837 3.52597 4.2867 4.95806 10.3758 6.00313 6.79578 5.13796 4.87445
threshold=4.1803148528405218 43.283037195056544 2.2319522899833122 156.50000000000003 49.7242412443345 2.1602564102564106 53.500000000000007 52.150000000000006 27.411055485240521 29.769841269841276 1.0000000180025095e-35 1.7484939759036147 2.5000000000000004 1.8671568627450983
decision_type=2 2 2 2 2 2 2 2 2 2 2 2 2 2
left_child=-1 2 5 -3 -5 6 -2 -8 12 10 11 -10 -9 -12
right_child=1 3 -4 4 -6 -7 7 8 9 -11 13 -13 -14 -15
leaf_value=-0.0050267984374971052 -0.00013846787342102385 -0.0083917685464311338 0.0039408456851510966 -0.0034962826005335867 0.0078446805526981266 -0.0058025470145057611 -0.0064920005544155251 0.0034094603802843604 0.0018811833077007876 0.0020131605390188785 -0.0034457193229731234 -0.015178255879277035 -0.0039339331374796081 0.0049813878062825324
leaf_weight=53.388312872499228 7362.0537473298609 37.586191944777966 186.6814897954464 42.434154033660889 14.565122731029986 43.326646257191896 24.054139263927937 437.60111299902201 11.60114002227783 365.38672185689211 129.255720295012 26.27509755641222 37.314871311187744 29.694199368357658
leaf_count=567 38187 208 1085 238 80 239 148 3004 93 2634 910 171 227 201
internal_value=-5.22698e-06 2.80454e-05 7.12859e-05 -0.00371274 -0.000167116 -1.60745e-05 1.68768e-05 0.00109207 0.00130019 2.18507e-05 -0.00362319 -0.0102964 0.00279334 -0.00175531
internal_weight=8801.22 8747.83 8653.24 94.5855 56.9993 8466.56 8423.24 1061.18 1037.13 562.213 196.826 37.8762 474.916 158.95
internal_count=47992 47425 46899 526 318 45814 45575 7388 7240 4009 1375 264 3231 1111
is_linear=0
shrinkage=0.02


Tree=255
num_leaves=15
num_cat=0
split_feature=0 21 13 21 0 11 21 0 0 1 14 1 11 2
split_gain=3.56766 4.54817 5.31422 4.32077 8.29602 4.20948 4.63662 4.16305 9.31271 6.77173 6.49762 6.16518 5.74564 5.67838
threshold=41.356605065023963 1.3334718113153234 98.166666666666671 0.96248474198058631 40.297056810403838 23.147701634739175 0.91008259853997253 49.671457905544152 51.642710472279269 1.5000000000000002 1.4378511235955058 1.5000000000000002 21.080004259063152 154.50000000000003
decision_type=2 2 2 2 2 2 2 2 2 2 2 2 2 2
left_child=1 2 3 5 -5 6 -1 -2 9 10 -9 -10 -12 -13
right_child=7 -3 -4 4 -6 -7 -8 8 11 -11 12 13 -14 -15
leaf_value=-0.0051716202426710161 0.0009282882870622765 -0.0084505497298871766 0.004067802673038471 0.0024604890335634252 -0.008714974706584595 -0.012268190207249691 0.008016574976702039 -0.0093981503816522073 0.00057764360888761272 0.00042013279354440568 -0.01216000098226981 -0.0089965929936305922 -0.002069426444299131 -0.0006455566626059994
leaf_weight=45.486880730837584 1784.0374822281301 34.808559373021126 56.165577858686447 101.4526232033968 30.397315438836813 24.872269753366709 8.7034003958106023 60.905479058623314 3920.6341447159648 266.37263353914022 19.21638273447752 28.208861693739891 454.14103039354086 1964.738354191184
leaf_count=523 10927 216 342 829 254 245 90 370 19922 1464 131 140 2481 10058
internal_value=-5.43665e-06 -0.00212417 -0.00115215 -0.00261349 -0.000325621 -0.00615879 -0.00252144 7.07975e-05 -0.00015727 -0.00217469 -0.00346402 0.000117135 -0.00260606 -0.00078698
internal_weight=8800.14 301.887 267.078 210.912 131.85 79.0626 54.1903 8498.25 6714.22 800.636 534.263 5913.58 473.357 1992.95
internal_count=47992 2499 2283 1941 1083 858 613 45493 34566 4446 2982 30120 2612 10198
is_linear=0
shrinkage=0.02


Tree=256
num_leaves=15
num_cat=0
split_feature=20 11 21 2 11 14 6 13 20 2 16 11 21 2
split_gain=3.56012 3.37917 7.04873 3.9279 4.31498 3.92073 3.66779 5.20365 9.07194 7.01691 6.37831 6.16012 5.93667 7.42576
threshold=4.1803148528405218 43.283037195056544 2.2319522899833122 156.50000000000003 49.7242412443345 2.1602564102564106 2.5000000000000004 102.83333333333336 8.3241957563312816 157.50000000000003 1.0000000180025095e-35 28.731834188907118 1.426747472338133 170.50000000000003
decision_type=2 2 2 2 2 2 2 2 2 2 2 2 2 2
left_child=-1 2 5 -3 -5 6 -2 9 11 -8 -11 12 13 -9
right_child=1 3 -4 4 -6 -7 7 8 -10 10 -12 -13 -14 -15
leaf_value=-0.0049381786156420682 -0.00012754596088826467 -0.0082237848041903545 0.0038650340182442232 -0.0034233914616388491 0.0077431679965610668 -0.0056926925607211024 0.0067224177707664754 -0.0072021224276006537 0.0031791656186202846 0.0040630401529778825 -0.00075786513399157915 -0.0067531016225295297 0.0066606439524004744 0.0071378861957055728
leaf_weight=53.155518647283316 7533.6608844324946 37.679284490644932 186.34300349652767 42.476740702986717 14.530455164611338 43.400714181363583 113.9000079408288 46.328589603304863 134.00683517754078 180.88651181012392 263.763976380229 101.83657652139664 32.084707088768482 15.468346334993837
leaf_count=567 40435 208 1085 238 80 239 603 295 1027 1020 1227 666 201 101
internal_value=-5.93171e-06 2.66194e-05 6.89925e-05 -0.00363429 -0.000150045 -1.65639e-05 1.58099e-05 0.00122779 -0.000753211 0.00239708 0.00122223 -0.00346777 0.00023699 -0.00331713
internal_weight=8799.52 8746.37 8651.68 94.6865 57.0072 8465.34 8421.94 888.276 329.725 558.55 444.65 195.718 93.8816 61.7969
internal_count=47992 47425 46899 526 318 45814 45575 5140 2290 2850 2247 1263 597 396
is_linear=0
shrinkage=0.02


Tree=257
num_leaves=15
num_cat=0
split_feature=10 3 0 0 3 0 13 6 13 0 1 20 7 11
split_gain=3.52082 5.06111 4.84662 7.94691 8.37341 6.50796 4.43533 5.99386 6.83557 6.19187 7.43908 7.88324 6.78642 6.77479
threshold=1.0000000180025095e-35 55.100000000000009 42.410677618069819 49.115674195756334 79.970000000000013 59.579739904175234 105.50000000000001 2.5000000000000004 103.50000000000001 51.85078713210131 1.5000000000000002 6.7849828884325811 2.5000000000000004 25.611410141398611
decision_type=2 2 2 2 2 2 2 2 2 2 2 2 2 2
left_child=1 -1 -3 4 -4 -5 7 8 -2 12 -11 -12 -9 -13
right_child=6 2 3 5 -6 -7 -8 9 -10 10 11 13 -14 -15
leaf_value=-0.0038271456178883517 -0.00059693587132962113 -0.0029330748073671466 0.0017746379780379886 -0.00021583782028487467 0.0094224886380137023 0.002812988429566845 0.00091292529264811546 0.0096025162907410564 -0.012626599991508416 0.0020947188452640937 -0.011033504661072025 -0.0064264126801733355 0.00054360034502850044 0.0039728926401659962
leaf_weight=85.445598520338535 5275.0666284635663 110.44670467451215 164.46165177971125 943.10607951879501 86.224711954593658 399.88457681983709 1169.5071300715208 64.881109349429607 13.994117379188536 292.70592402666807 34.907421633601189 37.975851990282536 64.958679683506489 55.059453524649143
leaf_count=512 27070 805 934 4629 463 2047 8553 364 68 1582 156 195 296 318
internal_value=-5.77458e-06 0.000784496 0.00102742 0.00131146 0.00454579 0.000691621 -0.000208249 -0.000433722 -0.000641038 0.0015424 0.000337651 -0.0035947 0.0052734 -0.000362837
internal_weight=8798.63 1789.57 1704.12 1593.68 250.686 1342.99 7009.06 5839.55 5289.06 550.488 420.649 127.943 129.84 93.0353
internal_count=47992 9390 8878 8073 1397 6676 38602 30049 27138 2911 2251 669 660 513
is_linear=0
shrinkage=0.02


Tree=258
num_leaves=15
num_cat=0
split_feature=21 7 2 21 22 0 20 0 2 9 2 2 14 0
split_gain=3.48714 3.53007 7.07138 8.08339 6.52424 7.92582 6.09133 8.15412 7.83195 8.57912 5.53741 5.26056 4.65425 4.61536
threshold=0.82999756013193193 2.5000000000000004 176.50000000000003 2.5422109608276444 1.5000000000000002 39.943874058863798 5.7800958247775496 49.671457905544152 157.50000000000003 1.0000000180025095e-35 154.50000000000003 174.50000000000003 1.7593764650726678 52.031485284052032
decision_type=2 2 2 2 2 2 2 2 2 2 2 2 2 2
left_child=-1 4 3 -3 6 -6 8 11 12 -10 -7 -8 -2 -9
right_child=1 2 -4 -5 5 10 7 13 9 -11 -12 -13 -14 -15
leaf_value=-0.0060124957394477362 -0.0056053662213631028 -0.00042012083587693777 -0.008738483461940243 -0.014100090614328903 0.010470489410886465 -0.0018704247443913794 0.0036042411390324646 -0.001675896652328599 -0.00027807896030351847 -0.0081024331980671174 0.0013713053386752445 -0.002702834019033352 0.0070659732822863069 0.00015548779549952587
leaf_weight=33.49182977154851 196.54246056079865 670.25062879174948 42.997423216700554 12.765624344348906 30.892844177782536 235.89623755216599 376.53573913872242 640.551149494946 1025.7249135449529 54.374882929027081 1685.4380770921707 57.307954989373684 8.0060511082410795 3725.4328865036368
leaf_count=378 1460 3418 217 73 186 1328 2222 3449 6957 442 9450 336 60 18016
internal_value=-5.71747e-06 2.04285e-05 -0.00130997 -0.000779318 0.000141602 0.00114618 -0.00018107 0.00014629 -0.00140156 -0.000709339 0.000968434 0.00274526 -0.0049431 -0.000114354
internal_weight=8796.21 8762.72 726.014 683.016 8036.7 1952.23 6084.48 4799.83 1284.65 1080.1 1921.33 433.844 204.549 4365.98
internal_count=47992 47614 3708 3491 43906 10964 32942 24023 8919 7399 10778 2558 1520 21465
is_linear=0
shrinkage=0.02


Tree=259
num_leaves=15
num_cat=0
split_feature=11 2 2 2 21 0 2 13 20 24 2 20 11 10
split_gain=3.43105 4.32432 6.36368 4.61389 4.09376 3.86915 4.62803 3.97714 3.8143 3.73316 4.16071 3.60236 5.69147 5.75735
threshold=20.450141799056251 163.50000000000003 169.50000000000003 161.50000000000003 1.077480867401815 64.149212867898711 154.50000000000003 138.66666666666671 5.9018891170431216 1.5000000000000002 179.50000000000003 8.3584804928131433 24.568394210023282 1.0000000180025095e-35
decision_type=2 2 2 2 2 2 2 2 2 2 2 2 2 2
left_child=1 3 -3 4 8 7 -7 -2 -1 10 -4 12 -8 -14
right_child=5 2 9 -5 -6 6 11 -9 -10 -11 -12 -13 13 -15
leaf_value=-0.0041106045329107888 2.5048423924798349e-05 0.0035387125061008932 -0.008918196291659606 -0.013099153097055947 -0.0077863604007759367 -0.0057679076212943919 0.0072750397033466566 -0.0090045909244499053 0.0061120791968431098 0.0027749166108367285 0.0029190345550852894 0.0083820294982639119 0.0072566060072935638 -0.0056840933689811749
leaf_weight=25.177881356328726 8350.5686907730997 84.661866191774607 48.344448462128639 19.500627432018518 32.926709309220314 16.499410137534142 38.746008932590485 14.556935548782347 23.291066490113735 20.400484934449196 12.333655569702385 49.575697064399719 14.322908312082289 43.655563056468964
leaf_count=270 45275 538 328 135 171 95 164 116 122 118 74 335 64 187
internal_value=-5.93183e-06 -0.00221895 -0.000183711 -0.00537678 -0.00285249 6.42863e-05 0.00307127 3.72654e-06 0.000876544 -0.00407366 -0.00644261 0.00423902 0.00178826 -0.00213317
internal_weight=8794.56 266.637 165.74 100.896 81.3957 8527.93 162.8 8365.13 48.4689 81.0786 60.6781 146.3 96.7245 57.9785
internal_count=47992 1756 1058 698 563 46236 845 45391 392 520 402 750 415 251
is_linear=0
shrinkage=0.02


Tree=260
num_leaves=15
num_cat=0
split_feature=10 3 21 0 0 3 0 2 1 13 7 11 3 2
split_gain=3.36258 4.84007 4.73139 4.65324 7.67687 8.72769 5.72293 4.85349 5.2229 6.22464 5.39778 4.7303 4.26497 4.23055
threshold=1.0000000180025095e-35 55.100000000000009 0.82999756013193193 42.410677618069819 48.009582477754968 79.970000000000013 59.579739904175234 173.50000000000003 1.5000000000000002 111.50000000000001 2.5000000000000004 23.386520149842159 70.90000000000002 162.50000000000003
decision_type=2 2 2 2 2 2 2 2 2 2 2 2 2 2
left_child=1 -1 -2 -3 5 -5 7 8 9 11 -10 13 -13 -6
right_child=2 3 -4 4 6 -7 -8 -9 10 -11 -12 12 -14 -15
leaf_value=-0.0037465148446981108 -0.0078144020643363538 -0.0028794064175406346 -0.00016801791107709112 0.0017011227370341713 0.011823780127023379 0.010329474992341587 0.0027457334136352781 -0.0036049655178515341 0.0038777461965222989 -0.0084232170507334558 -0.0064194214321633102 -0.0027096047337263952 0.00091181666788122491 0.0014213289322121817
leaf_weight=85.31661606580019 27.537909485399723 110.28197962418199 6977.9960518963635 133.18765185773373 18.055080026388168 70.203197754919529 399.43352824449539 129.93034007400274 218.11234757304192 32.185636147856712 17.770773708820343 226.20001196861267 292.25563043355942 55.705318748950958
leaf_count=512 319 805 38283 771 91 383 2047 644 1081 248 85 1067 1393 263
internal_value=-5.98695e-06 0.000766516 -0.000203912 0.00100404 0.0012823 0.0048653 0.000740893 -7.55431e-05 0.000472951 -0.000485795 0.00297654 9.14646e-06 -0.000675163 0.004582
internal_weight=8794.17 1788.64 7005.53 1703.32 1593.04 203.391 1389.65 990.215 860.285 624.402 235.883 592.216 518.456 73.7604
internal_count=47992 9390 38602 8878 8073 1154 6919 4872 4228 3062 1166 2814 2460 354
is_linear=0
shrinkage=0.02


Tree=261
num_leaves=15
num_cat=0
split_feature=20 11 21 4 3 13 4 21 0 20 11 3 3 6
split_gain=3.37057 3.21593 6.73145 3.8392 4.38109 3.5876 3.42189 4.60296 3.96842 4.25209 5.6173 4.12193 3.8202 3.70084
threshold=4.1803148528405218 43.283037195056544 2.2319522899833122 124.50000000000001 105.25000000000001 138.66666666666671 148.50000000000003 1.0179853601363245 50.413415468856954 7.521478439425052 33.305555555555564 100.50000000000001 70.90000000000002 2.5000000000000004
decision_type=2 2 2 2 2 2 2 2 2 2 2 2 2 2
left_child=-1 2 5 -3 -5 6 13 -8 9 12 -11 -10 -9 -2
right_child=1 3 -4 4 -6 -7 7 8 11 10 -12 -13 -14 -15
leaf_value=-0.0048194277210274585 -0.00026485050184663398 0.0021042101213810008 0.0037808453557641106 -0.01550136340647232 -0.0030440617798433299 -0.0090161415795510166 -0.0073026974751908341 -0.0041221779540806143 0.0012199117552367808 0.012661730322616844 -0.0019558106813563608 -0.0065135387035023164 0.0042254048385849414 0.0011902713649642209
leaf_weight=52.810642302036285 6975.5545714944601 29.908419921994209 185.92390498518944 10.983747467398642 53.922076441347599 12.680945843458174 18.921803414821625 26.025929182767868 511.40327049046755 36.009067758917809 12.216111451387404 24.123994596302509 71.43982907384634 771.71516137570143
leaf_count=567 35918 134 1085 65 327 100 131 211 4060 298 102 190 594 4210
internal_value=-5.9e-06 2.56925e-05 6.70881e-05 -0.00354336 -0.00613872 -1.64764e-05 2.12247e-06 0.00133625 0.00163058 0.00450372 0.00908544 0.000810812 0.00188448 -0.000118972
internal_weight=8793.64 8740.83 8646.01 94.8142 64.9058 8460.09 8447.41 700.14 681.218 145.691 48.2252 535.527 97.4658 7747.27
internal_count=47992 47425 46899 526 392 45814 45714 5586 5455 1205 400 4250 805 40128
is_linear=0
shrinkage=0.02


Tree=262
num_leaves=15
num_cat=0
split_feature=7 2 21 6 20 18 18 24 8 21 20 3 3 2
split_gain=3.34734 6.77235 7.74568 6.54912 7.77783 8.80104 7.37163 5.71494 8.97171 5.64036 4.99695 4.74177 4.67285 5.85757
threshold=2.5000000000000004 176.50000000000003 2.5422109608276444 2.5000000000000004 6.2411498973305966 27.432929861078907 26.373602808311563 1.5000000000000002 1.0000000180025095e-35 1.6789033534095226 5.1918822724161542 63.20000000000001 97.500000000000014 169.50000000000003
decision_type=2 2 2 2 2 2 2 2 2 2 2 2 2 2
left_child=3 2 10 7 -5 6 -6 8 12 -10 -2 -7 -1 -14
right_child=1 -3 -4 4 5 11 -8 -9 9 -11 -12 -13 13 -15
leaf_value=-0.00026199610650951189 -0.0073817105005081849 -0.008566344809720159 -0.01378274733515826 0.0077291433769447384 0.00031823486708680695 0.0078684910228669566 -0.013004409538423951 0.0010996868626347086 -0.0049909607218605375 0.0030721088437625217 -1.2599681900569255e-06 0.0013798898261643763 -3.9464230777971196e-06 0.0058482524986779574
leaf_weight=5592.3131173327565 33.972589075565338 43.064814396202564 12.871017426252363 83.217421762645245 36.910671405494213 49.105328120291233 24.463356964290142 1433.5423970930278 231.76238267868757 36.879150234162807 637.07356426864862 299.74359992146492 167.04869818687439 110.06149157136679
leaf_count=29692 182 217 73 442 268 299 161 8389 1461 157 3243 2018 828 562
internal_value=-6.0917e-06 -0.00130132 -0.000782104 0.000111146 0.00233181 0.00115221 -0.00554157 -3.47534e-05 -0.000300706 -0.00384084 -0.000429695 0.00239718 -0.000135204 0.00237577
internal_weight=8792.03 726.982 683.917 8065.05 493.44 410.223 61.374 7571.61 6138.06 268.642 671.046 348.849 5869.42 277.11
internal_count=47992 3715 3498 44277 3188 2746 429 41089 32700 1618 3425 2317 31082 1390
is_linear=0
shrinkage=0.02


Tree=263
num_leaves=15
num_cat=0
split_feature=20 21 2 21 9 21 2 5 0 20 21 0 0 14
split_gain=3.25317 3.25108 3.38292 3.37359 3.19105 8.25057 5.75341 6.46942 3.80299 9.67383 4.71617 3.76676 7.601 6.75032
threshold=4.4299657768651617 0.95276496877286987 154.50000000000003 0.9851654003428677 1.0000000180025095e-35 1.1171005696926202 160.50000000000003 99.500000000000014 55.848049281314175 6.4339082819986322 1.7716895577357976 49.115674195756334 51.642710472279269 1.4378511235955058
decision_type=2 2 2 2 2 2 2 2 2 2 2 2 2 2
left_child=1 -1 -3 -4 11 -6 8 -8 9 -7 -10 -2 13 -13
right_child=4 2 3 -5 5 6 7 -9 10 -11 -12 12 -14 -15
leaf_value=-0.007768194201920633 0.00098037350163668368 -0.00864056135573627 0.010453392393266467 -0.00078492401410626509 -0.009830007163462124 -0.0092675932691152069 -0.00031269447870520994 0.0095187852263091521 -0.014860298732077198 0.0073300551518933913 -0.0010845319730456656 -0.006490895208766112 0.00019323180733428247 -0.0011300982580652696
leaf_weight=36.611855309456587 1653.9316835291684 13.306133810430763 7.5128450319170943 68.228876207023859 39.205469153821468 22.893253296613693 275.28791312128305 24.592866726219654 20.799794249236584 23.304364867508411 18.092172503471375 101.55701818317175 5637.3766275495291 847.55908093601465
leaf_count=508 10296 122 91 602 323 131 1500 183 109 133 98 607 28640 4649
internal_value=-6.2002e-06 -0.0031387 -0.000902229 0.000883342 4.07827e-05 -0.00164027 -0.000685755 0.000629898 -0.00512232 -0.000957677 -0.00935107 0.0001285 -8.56922e-05 -0.00173682
internal_weight=8790.26 125.66 89.0479 75.7417 8664.6 424.176 384.97 299.881 85.0896 46.1976 38.892 8240.42 6586.49 949.116
internal_count=47992 1323 815 693 46669 2477 2154 1683 471 264 207 44192 33896 5256
is_linear=0
shrinkage=0.02


Tree=264
num_leaves=15
num_cat=0
split_feature=0 21 0 11 12 0 0 1 14 1 20 2 20 11
split_gain=3.22156 4.49326 5.5488 4.75729 5.27079 3.90029 8.41544 6.4818 6.16918 5.90591 6.8492 6.48581 5.74796 5.71439
threshold=41.356605065023963 1.4297005084521381 39.943874058863798 24.975514295351591 39.500000000000007 49.671457905544152 51.642710472279269 1.5000000000000002 1.4378511235955058 1.5000000000000002 6.2720328542094466 159.50000000000003 7.8143463381245732 27.685219516715168
decision_type=2 2 2 2 2 2 2 2 2 2 2 2 2 2
left_child=1 2 3 -1 -5 -2 7 8 -7 -8 13 12 -12 -11
right_child=5 -3 -4 4 -6 6 9 -9 -10 10 11 -13 -14 -15
leaf_value=-0.002652515774519163 0.000896520380010155 -0.0098821936175690697 -0.0038176993219751322 -0.0058078388980207039 0.0070536697544823102 -0.0091393089131779279 0.0005568135814734103 0.00046442975125046384 -0.002503375210360695 0.00060941693065166196 -0.0083072565022282198 -0.00084835144689430206 0.0019108629510215891 0.0082714297408373379
leaf_weight=53.581150203943253 1781.4218655861914 21.752789542078972 149.16933607310057 11.458219312131403 64.406306698918343 60.489732280373573 3917.3288661018014 265.99781117588282 472.55717808753252 140.85253116115928 81.94019179046154 1691.9686237797141 26.916257664561272 49.661028042435646
leaf_count=535 10927 129 1268 97 470 370 19922 1464 2612 777 366 8654 171 230
internal_value=-6.46118e-06 -0.00202495 -0.00124104 0.00174491 0.0048474 6.58726e-05 -0.000154935 -0.00207473 -0.00333807 0.000105881 -0.000779358 -0.00116339 -0.00579016 0.00277735
internal_weight=8789.5 300.368 278.615 129.446 75.8645 8489.13 6707.71 799.045 533.047 5908.67 1991.34 1800.83 108.856 190.514
internal_count=47992 2499 2370 1102 567 45493 34566 4446 2982 30120 10198 9191 537 1007
is_linear=0
shrinkage=0.02


Tree=265
num_leaves=15
num_cat=0
split_feature=7 2 21 6 20 0 0 24 8 11 20 0 0 2
split_gain=3.24159 6.50865 7.48564 6.29492 7.52747 8.46785 7.06519 5.49207 8.57285 5.50068 4.81605 4.52961 4.52874 5.70011
threshold=2.5000000000000004 176.50000000000003 2.5422109608276444 2.5000000000000004 6.2411498973305966 52.376454483230667 51.355236139630399 1.5000000000000002 1.0000000180025095e-35 24.219488421550096 5.1918822724161542 49.953456536618766 60.703627652292958 159.50000000000003
decision_type=2 2 2 2 2 2 2 2 2 2 2 2 2 2
left_child=3 2 10 7 -5 6 11 8 12 -10 -2 -6 13 -1
right_child=1 -3 -4 4 5 -7 -8 -9 9 -11 -12 -13 -14 -15
leaf_value=-0.0014967338854310927 -0.0072605035419284619 -0.0083984692689503936 -0.013521167996048277 0.0076063191902404391 -0.0038677294439246213 0.0023518594787069452 -0.012697571401563093 0.0010781815395100424 -0.0077084483467255802 -0.0016425005471196955 -4.2135101965281197e-06 0.0095301536162757002 0.0012473736661872024 3.7974041444507696e-05
leaf_weight=1297.6713982522488 33.852469332516193 43.129032582044601 12.956255972385405 82.945329070091248 27.218152411282063 348.34469745308161 24.659371688961983 1432.8715905249119 88.601524133235216 179.38112011924386 637.01343622803688 9.68949296325445 812.64814980328083 3758.3040557987988
leaf_count=7167 182 217 73 442 204 2317 161 8389 640 978 3243 64 3783 20132
internal_value=-6.60313e-06 -0.00128122 -0.000771728 0.0001088 0.00228728 0.00112746 -0.00542641 -3.41956e-05 -0.000294923 -0.00375983 -0.000424335 0.000319322 -0.000133296 -0.00035662
internal_weight=8789.29 726.951 683.822 8062.33 492.857 409.912 61.567 7569.48 6136.61 267.983 670.866 36.9076 5868.62 5055.98
internal_count=47992 3715 3498 44277 3188 2746 429 41089 32700 1618 3425 268 31082 27299
is_linear=0
shrinkage=0.02


Tree=266
num_leaves=15
num_cat=0
split_feature=3 14 0 0 12 0 1 21 24 20 21 3 11 11
split_gain=3.18512 4.16772 4.72263 4.74978 4.80517 3.76578 4.81536 5.05231 5.12602 4.3356 4.68786 4.18584 4.25266 6.69876
threshold=50.350000000000009 1.770192606399503 44.127310061601655 62.142368240930871 48.500000000000007 62.090349075975361 1.5000000000000002 1.7001977965203656 1.0000000180025095e-35 7.587214236824094 1.5298793913858559 70.90000000000002 25.519105713910914 26.135649654604212
decision_type=2 2 2 2 2 2 2 2 2 2 2 2 2 2
left_child=1 2 -1 4 -4 -2 7 11 -9 10 -8 12 -7 -14
right_child=5 -3 3 -5 -6 6 9 8 -10 -11 -12 -13 13 -15
leaf_value=-0.010400666520977202 -9.2142686988258313e-05 -0.0126605296412139 -0.0010330566444824235 -0.0091361427167777672 0.0080291587368653706 0.0048390077404184715 -0.0095392644042888702 -0.0034975457106223235 0.0023653098795291625 0.00075342034417567438 -6.5827355210919711e-05 0.011428794646048049 -0.0099557931326483724 0.005677082680013941
leaf_weight=16.215183034539223 7798.4622890241444 10.684530500322579 85.479107867926359 15.240530490875242 26.650262050330639 161.0416572317481 34.297826461493969 77.877095207571983 207.75741145759821 245.27247580140829 45.682583585381508 28.438147328794003 17.662324413657188 16.55463795363903
leaf_count=199 42602 73 539 72 146 784 143 322 1279 1322 190 144 92 85
internal_value=-6.872e-06 -0.00280965 -0.00166179 -0.000183315 0.00135453 4.45785e-05 0.00131744 0.00252318 0.000727274 -0.000574252 -0.00447407 0.00474157 0.00349659 -0.00258189
internal_weight=8787.32 154.27 143.585 127.37 112.129 8633.05 834.584 509.331 285.635 325.253 79.9804 223.697 195.259 34.217
internal_count=47992 1029 956 757 685 46963 4361 2706 1601 1655 333 1105 961 177
is_linear=0
shrinkage=0.02


Tree=267
num_leaves=15
num_cat=0
split_feature=7 2 21 6 13 20 18 20 24 8 21 21 20 3
split_gain=3.14353 6.25973 7.23793 6.03288 7.30719 9.44713 6.95243 6.61052 5.26155 8.25794 5.38598 4.84534 4.6539 4.485
threshold=2.5000000000000004 176.50000000000003 2.5422109608276444 2.5000000000000004 102.83333333333336 8.3241957563312816 29.245812545297053 9.3071868583162232 1.5000000000000002 1.0000000180025095e-35 1.6789033534095226 1.5723471071017181 5.1918822724161542 97.500000000000014
decision_type=2 2 2 2 2 2 2 2 2 2 2 2 2 2
left_child=3 2 12 8 6 -6 -5 -7 9 13 -11 -9 -2 -1
right_child=1 -3 -4 4 5 7 -8 11 -10 10 -12 -13 -14 -15
leaf_value=-0.00025421974135004231 -0.0071490263711289463 -0.0082371503027118074 -0.01326944058076108 0.0086102036403524086 -0.0041094896574305996 0.0077304361649810673 0.0019443288888138374 0.0082614372687218572 0.0010557283585990323 -0.0048224584682690667 0.0030550800491942033 -0.0068498763682153753 -6.9723035522456814e-06 0.0023303507083781371
leaf_weight=5590.5588636510074 33.750449724495411 43.19389770925045 13.038616940379141 95.445463642477989 122.12395136058331 62.276371821761131 179.91191027313471 6.9832757264375678 1432.3242900371552 230.57000657171011 36.88497593998909 25.49404252320528 636.95030578970909 277.03021437674761
leaf_count=29692 182 217 73 516 838 499 1054 61 8389 1461 157 220 3243 1390
internal_value=-7.00607e-06 -0.0012622 -0.000762068 0.00010667 0.00224072 -0.000496761 0.00437436 0.00411207 -3.32674e-05 -0.000288489 -0.00369259 -0.00287858 -0.00041957 -0.000129972
internal_weight=8786.54 726.933 683.739 8059.6 492.235 216.878 275.357 94.7537 7567.37 6135.04 267.455 32.4773 670.701 5867.59
internal_count=47992 3715 3498 44277 3188 1618 1570 780 41089 32700 1618 281 3425 31082
is_linear=0
shrinkage=0.02


Tree=268
num_leaves=15
num_cat=0
split_feature=14 7 2 21 24 8 22 0 2 20 20 11 20 20
split_gain=3.11068 3.21171 6.49803 6.99928 6.45642 8.46796 6.34852 6.62177 5.80742 8.05772 5.81337 5.28165 4.51164 4.4456
threshold=2.2875939849624065 2.5000000000000004 176.50000000000003 2.5422109608276444 1.5000000000000002 1.0000000180025095e-35 2.5000000000000004 54.079397672826836 154.50000000000003 5.6669815195071882 8.9503901437371685 24.219488421550096 5.1918822724161542 5.466036960985627
decision_type=2 2 2 2 2 2 2 2 2 2 2 2 2 2
left_child=1 4 3 12 5 6 -1 -8 9 -6 -11 -7 -3 -14
right_child=-2 2 -4 -5 8 11 7 -9 -10 10 -12 -13 13 -15
leaf_value=-0.00012305399972929683 -0.0068968465026368929 -0.0070421809352188358 -0.0083757313881026203 -0.013016880883142878 0.0098230806761856106 -0.0075093569323221197 0.0092616231115288609 0.00079609744599328208 0.0015931148760293043 -0.0051803802199973728 0.0040853868753838027 -0.0015513987346514914 0.008369052101794958 -0.00033368211957806535
leaf_weight=5857.7159617617726 21.134910825639963 33.654106549918652 43.022397466003895 13.121928870677946 15.430803395807741 87.911816958338022 53.654459848999977 104.43299367278814 1573.1499074921012 138.70551565289497 29.183473870158195 178.95875245332718 19.402376972138882 615.37376826256514
leaf_count=31031 118 182 216 73 76 639 284 600 9520 806 239 978 89 3141
internal_value=-6.9922e-06 1.33187e-05 -0.00125704 -0.000747042 0.000128776 -0.000170839 -1.44625e-05 0.0038774 0.00119904 -0.00212459 -0.00348661 -0.00362342 -0.000408345 -1.22366e-06
internal_weight=8784.85 8763.72 724.575 681.552 8039.14 6282.67 6015.8 158.087 1756.47 183.32 167.889 266.871 668.43 634.776
internal_count=47992 47874 3701 3485 44173 33532 31915 884 10641 1121 1045 1617 3412 3230
is_linear=0
shrinkage=0.02


Tree=269
num_leaves=15
num_cat=0
split_feature=20 14 12 19 3 19 0 12 4 3 20 2 2 20
split_gain=3.10528 3.04907 3.33992 3.66932 5.12879 5.98976 6.0436 5.98313 4.3959 4.34237 5.79157 4.18187 5.50727 7.87443
threshold=4.1803148528405218 2.1602564102564106 73.500000000000014 18.734213090674938 103.50000000000001 11.813970630887466 49.912388774811781 50.500000000000007 124.50000000000001 131.50000000000003 8.1857357973990439 170.50000000000003 164.50000000000003 7.2330458590006854
decision_type=2 2 2 2 2 2 2 2 2 2 2 2 2 2
left_child=-1 2 3 4 -2 6 -6 11 -5 10 -10 12 -7 -14
right_child=1 -3 -4 8 5 7 -8 -9 9 -11 -12 -13 13 -15
leaf_value=-0.004647081380371205 -3.1329951059932005e-05 -0.0048917204091662638 0.0032635090662011456 0.002103105549300612 0.0058338556660785133 0.0085020635714397816 -0.0096220062457577655 -0.0022431200942576212 -0.013670366021434503 0.0029942007399216385 0.00032857812369780368 0.010696498091105733 -0.0067228930871960583 0.0087000679405803225
leaf_weight=52.320370342582464 8262.654515914619 45.191213596612215 122.61404475569725 29.92346765100956 11.801277860999106 38.72531908005476 22.126802854239941 37.539307497441769 32.207386419177055 11.767309620976446 16.58597457408905 52.783276468515396 31.559155136346817 15.783619515597819
leaf_count=567 44532 250 986 134 66 196 122 273 172 71 114 272 146 91
internal_value=-7.04231e-06 2.3177e-05 5.17775e-05 3.68004e-06 4.78211e-05 0.00309518 -0.00413578 0.00457272 -0.00389482 -0.00682332 -0.00928639 0.00644325 0.00336881 -0.00120292
internal_weight=8783.58 8731.26 8686.07 8563.46 8472.97 210.319 33.9281 176.391 90.4841 60.5607 48.7934 138.851 86.0681 47.3428
internal_count=47992 47425 47175 46189 45698 1166 188 978 491 357 286 705 433 237
is_linear=0
shrinkage=0.02


Tree=270
num_leaves=15
num_cat=0
split_feature=3 14 18 18 12 18 1 2 18 5 20 21 7 24
split_gain=3.0815 4.06004 4.59807 4.61192 4.64383 3.59997 4.6388 5.56871 6.41732 6.14729 4.17008 4.51354 3.83246 6.1109
threshold=50.350000000000009 1.770192606399503 19.472194951466864 38.616739324654105 48.500000000000007 38.552114502504317 1.5000000000000002 164.50000000000003 38.80411625840177 91.500000000000014 7.587214236824094 1.5298793913858559 2.5000000000000004 1.5000000000000002
decision_type=2 2 2 2 2 2 2 2 2 2 2 2 2 2
left_child=1 2 -1 4 -4 12 7 8 -7 -10 11 -8 13 -2
right_child=5 -3 3 -5 -6 6 10 -9 9 -11 -12 -13 -14 -15
leaf_value=-0.010285341506540036 -0.00026615805971036362 -0.012488343986342828 -0.0010064749942934775 -0.0089954975754590934 0.0079077543490888354 0.0080522319445790278 -0.0093666318908710265 0.0055560959702381178 0.0008527831503453079 -0.0091083001093226843 0.00073445169239907244 -6.73532961923392e-05 -0.0015751134575980822 0.0011470509687399799
leaf_weight=16.079137288033962 5601.5796779170632 10.682188794016836 85.408351942896843 15.246584266424177 26.606644600629807 40.551957793533802 34.264293432235718 156.42566614598036 289.70233358442783 22.056324914097786 245.11614006757736 45.675435870885849 633.22273098677397 1560.5830460526049
leaf_count=199 30045 73 539 72 146 214 143 793 1533 166 1322 190 3190 9367
internal_value=-6.87952e-06 -0.00276586 -0.00163131 -0.000175291 0.00134123 4.37073e-05 0.00128886 0.0024732 0.0010402 9.09228e-06 -0.000568053 -0.00439355 -8.99579e-05 4.20762e-05
internal_weight=8783.2 154.023 143.341 127.262 112.015 8629.18 833.792 508.736 352.311 311.759 325.056 79.9397 7795.39 7162.16
internal_count=47992 1029 956 757 685 46963 4361 2706 1913 1699 1655 333 42602 39412
is_linear=0
shrinkage=0.02


Tree=271
num_leaves=15
num_cat=0
split_feature=11 2 2 2 21 20 24 2 0 2 13 20 11 10
split_gain=3.02905 4.11961 6.07564 4.55265 4.06605 3.5343 3.52793 4.07412 3.51945 4.43995 3.76925 3.50206 5.50361 5.53346
threshold=20.450141799056251 163.50000000000003 169.50000000000003 161.50000000000003 1.077480867401815 5.9018891170431216 1.5000000000000002 179.50000000000003 64.149212867898711 154.50000000000003 138.66666666666671 8.3584804928131433 24.568394210023282 1.0000000180025095e-35
decision_type=2 2 2 2 2 2 2 2 2 2 2 2 2 2
left_child=1 3 -3 4 5 -1 7 -4 10 -10 -2 12 -11 -14
right_child=8 2 6 -5 -6 -7 -8 -9 9 11 -12 -13 13 -15
leaf_value=-0.0038216665222118064 2.1947111180768519e-05 0.0035288027152768566 -0.0087051009034892698 -0.012870495032776406 -0.0076019959211005442 0.0060576474188719486 0.0027274531320311663 0.0030034734500628125 -0.0057146250206441245 0.0070798328086340168 -0.0087376568050438787 0.0081856653244729988 0.0070567932391122912 -0.0056500383502560234
leaf_weight=24.771318785846233 8339.7241362854838 84.523252759128809 47.961886681616306 19.344274345785379 32.818990677595139 23.252186186611652 20.380241714417934 12.292943220585583 16.506456539034843 38.642756849527359 14.695579707622526 49.133145712316036 14.252939164638518 43.649499177932739
leaf_count=270 45275 538 328 135 171 122 118 74 95 164 116 335 64 187
internal_value=-7.07681e-06 -0.00209149 -0.000105586 -0.0051856 -0.00268089 0.00104417 -0.00392218 -0.00623861 5.88199e-05 0.00293203 1.08254e-06 0.00408215 0.00167389 -0.0021781
internal_weight=8781.95 265.345 165.158 100.187 80.8425 48.0235 80.6351 60.2548 8516.6 162.185 8354.42 145.678 96.5452 57.9024
internal_count=47992 1756 1058 698 563 392 520 402 46236 845 45391 750 415 251
is_linear=0
shrinkage=0.02


Tree=272
num_leaves=15
num_cat=0
split_feature=18 21 13 3 21 18 11 21 18 18 1 14 11 1
split_gain=3.00386 4.50005 4.83568 4.08264 3.95278 7.93075 4.36879 4.38738 3.85548 8.02631 6.23767 5.99087 5.60782 5.55175
threshold=17.103687843783224 1.3334718113153234 98.166666666666671 98.500000000000014 0.96248474198058631 16.238527894548714 23.147701634739175 0.91008259853997253 24.672537323362011 26.669695467976194 1.5000000000000002 1.4378511235955058 21.080004259063152 1.5000000000000002
decision_type=2 2 2 2 2 2 2 2 2 2 2 2 2 2
left_child=1 2 4 -3 6 -6 7 -1 -2 10 11 -10 -13 -11
right_child=8 3 -4 -5 5 -7 -8 -9 9 13 -12 12 -14 -15
leaf_value=-0.0047735820552778649 0.00088893491753819557 -0.014408198871609681 0.0039911233942978384 -0.0011080656751025822 0.0025005274616626788 -0.0084742155349393691 -0.012062957101582091 0.0080706626106042418 -0.0090014600093601127 0.00053519205626704331 0.00045882261338682501 -0.011921641638004998 -0.0019234631400604511 -0.0007608179489914579
leaf_weight=44.500331073999405 1779.8431554660201 15.752359949052332 55.964951395988464 18.905837818980217 101.21103508770466 30.013924542814493 24.453261252492666 8.6774181537330133 60.243259660899639 3914.5265011638403 265.73377097398043 19.031886450946331 453.06452212482691 1989.6518952697515
leaf_count=523 10927 105 342 111 829 254 245 90 370 19922 1464 131 2481 10198
internal_value=-7.10195e-06 -0.00195911 -0.0009896 -0.0082579 -0.00239569 -0.000213852 -0.0058235 -0.00212982 6.26959e-05 -0.00015692 -0.00203298 -0.00327326 -0.00245143 9.78364e-05
internal_weight=8781.57 299.479 264.821 34.6582 208.856 131.225 77.631 53.1777 8482.09 6702.25 798.073 532.34 472.096 5904.18
internal_count=47992 2499 2283 216 1941 1083 858 613 45493 34566 4446 2982 2612 30120
is_linear=0
shrinkage=0.02


Tree=273
num_leaves=15
num_cat=0
split_feature=20 14 10 3 6 13 24 0 3 0 21 13 20 20
split_gain=2.95582 2.96465 2.93861 4.99997 3.86822 4.9734 6.60695 6.17795 9.58272 7.34329 6.07802 8.3062 4.89225 5.46255
threshold=4.1803148528405218 2.2875939849624065 1.0000000180025095e-35 55.100000000000009 2.5000000000000004 106.50000000000001 2.5000000000000004 55.957563312799458 62.850000000000009 64.214921286789888 2.0546248286235573 123.50000000000001 6.250417522245038 6.7849828884325811
decision_type=2 2 2 2 2 2 2 2 2 2 2 2 2 2
left_child=-1 2 3 -2 5 6 -4 -7 -9 10 11 -10 -6 -14
right_child=1 -3 4 -5 12 7 -8 8 9 -11 -12 -13 13 -15
leaf_value=-0.0045452444827565252 -0.0038656888402075406 -0.0066908884086442286 -0.00046052247657305049 0.0010089515153848486 0.0044740138652833621 0.0025021228133121571 -0.0061527000368615352 0.0066161025756275487 -0.0028639212136984706 0.010500533610331982 0.0027945421472948158 -0.017001146361991102 -0.0033215815769680511 0.0013249954931241251
leaf_weight=52.051385384052992 83.560075089335442 21.233952756971121 5150.0639009214938 1689.5846606604755 141.93340335041285 510.08173876255751 77.995040506124496 55.801924332976341 276.11725817620754 13.171880908310412 65.01690760999918 13.153268188238142 120.87311837822199 510.37434163689613
leaf_count=567 492 118 26234 8783 693 3739 383 411 2004 104 488 104 603 3269
internal_value=-7.52573e-06 2.18906e-05 4.23197e-05 0.000767884 -0.000143335 -0.000311177 -0.000551621 0.00102929 -0.000749479 -0.00194718 -0.00255522 -0.00379149 0.00118501 0.000413001
internal_weight=8781.01 8728.96 8707.73 1773.14 6934.58 6161.4 5228.06 933.343 423.261 367.459 354.287 289.271 773.181 631.247
internal_count=47992 47425 47307 9275 38032 33467 26617 6850 3111 2700 2596 2108 4565 3872
is_linear=0
shrinkage=0.02


Tree=274
num_leaves=15
num_cat=0
split_feature=2 6 4 18 18 4 10 19 7 2 19 19 10 2
split_gain=2.95496 5.54782 7.28704 5.24747 4.7748 4.45963 4.28233 6.68684 4.01556 5.75935 4.90995 5.98987 6.23546 5.32442
threshold=159.50000000000003 2.5000000000000004 130.50000000000003 26.669695467976194 41.151215134449373 129.50000000000003 1.0000000180025095e-35 6.0360599490580276 2.5000000000000004 176.50000000000003 11.614163822732449 11.09260031185566 1.0000000180025095e-35 160.50000000000003
decision_type=2 2 2 2 2 2 2 2 2 2 2 2 2 2
left_child=1 -1 -3 -4 8 6 -6 -8 10 -10 11 12 -2 -14
right_child=4 2 3 -5 5 -7 7 -9 9 -11 -12 -13 13 -15
leaf_value=-0.0010043996462115673 0.0015525011154460451 0.0044733884589683165 -0.010187503244256832 0.0001633311363450904 0.0081161256828263112 0.008807914778715344 0.0048719200696514227 -0.0078176015534789922 -0.00086335898597663502 -0.0081594522851392397 0.0023145520709042891 -0.0047640660874058265 0.0020806770898274991 -0.0003650511408250256
leaf_weight=1992.5314418710768 1092.5614968761802 174.38181368261576 19.295576207339764 98.572973109781742 18.856867089867592 43.896545939147472 26.928661808371544 29.869591593742371 476.28551612049341 42.958565697073936 435.59522298723459 93.65688594430685 387.22758588567376 3846.6538823135197
leaf_count=10924 5709 923 135 715 85 291 111 125 2397 215 2432 512 2149 21269
internal_value=-7.54326e-06 -0.000625592 0.0019238 -0.00186048 0.000209895 0.00408874 0.000949508 -0.00186158 0.000133692 -0.00154286 0.000283889 0.00011834 0.000208952 -0.000138704
internal_weight=8779.27 2284.78 292.25 117.869 6494.49 119.552 75.6551 56.7983 6374.94 519.244 5855.7 5420.1 5326.44 4233.88
internal_count=47992 12697 1773 850 35295 612 321 236 34683 2612 32071 29639 29127 23418
is_linear=0
shrinkage=0.02


Tree=275
num_leaves=15
num_cat=0
split_feature=21 2 6 4 12 0 0 4 2 7 2 11 11 24
split_gain=2.90153 3.07866 5.3712 7.07219 5.23954 5.79906 4.54324 4.32539 4.07692 4.01353 5.55047 4.54822 5.8558 4.5336
threshold=0.82999756013193193 159.50000000000003 2.5000000000000004 130.50000000000003 49.500000000000007 55.527720739219724 64.149212867898711 129.50000000000003 153.50000000000003 2.5000000000000004 176.50000000000003 34.079559578546345 33.305555555555564 1.5000000000000002
decision_type=2 2 2 2 2 2 2 2 2 2 2 2 2 2
left_child=-1 2 -2 -4 -5 -6 9 -8 -7 11 -11 12 13 -3
right_child=1 6 3 4 5 8 7 -9 -10 10 -12 -13 -14 -15
leaf_value=-0.0055469529775993244 -0.00098874537725251533 -5.1542121860028757e-05 0.0044116791179879475 0.0094660521353691542 -0.0095600194999846452 -0.0060677119739581918 0.0009373704790315027 0.0086882269853052266 0.0031674803289795466 -0.00084395731767017185 -0.0080029949052769569 0.0022699883007627061 -0.0046702855759141884 0.0013950884251523674
leaf_weight=32.661192830651999 1985.9723728261888 4216.2994897030294 173.95288991183043 9.7426091730594617 33.360815420746803 24.090393364429474 75.624543204903603 43.68228530138731 50.790645882487297 475.54036995768547 43.019557885825634 435.36427338421345 93.726477310061455 1084.8511240333319
leaf_count=378 10834 22393 922 64 235 174 321 291 377 2391 215 2432 512 6453
internal_value=-7.38554e-06 1.62304e-05 -0.000615028 0.00189437 -0.00182927 -0.00323667 0.000239157 0.00402663 0 0.000164555 -0.00151245 0.000315223 0.000155149 0.000245162
internal_weight=8778.68 8746.02 2277.91 291.937 117.984 108.242 6468.11 119.307 74.881 6348.8 518.56 5830.24 5394.88 5301.15
internal_count=47992 47614 12606 1772 850 786 35008 612 551 34396 2606 31790 29358 28846
is_linear=0
shrinkage=0.02


Tree=276
num_leaves=15
num_cat=0
split_feature=0 21 13 3 21 0 11 21 0 0 1 14 11 1
split_gain=2.8819 4.41338 4.62347 3.92357 3.80401 7.6985 4.33589 4.23953 3.72161 7.72454 5.98382 5.83008 5.46208 5.35269
threshold=41.356605065023963 1.3334718113153234 98.166666666666671 98.500000000000014 0.96248474198058631 40.297056810403838 23.147701634739175 0.91008259853997253 49.671457905544152 51.642710472279269 1.5000000000000002 1.4378511235955058 21.080004259063152 1.5000000000000002
decision_type=2 2 2 2 2 2 2 2 2 2 2 2 2 2
left_child=1 2 4 -3 6 -6 7 -1 -2 10 11 -10 -13 -11
right_child=8 3 -4 -5 5 -7 -8 -9 9 13 -12 12 -14 -15
leaf_value=-0.0046567231128931772 0.0008728955424193224 -0.014200566646129809 0.0039140993519430995 -0.0011349071088691998 0.0024673461922940618 -0.0083651864722191164 -0.01195024663508161 0.0079576340979853714 -0.0088731907094866166 0.0005246767632368798 0.00044445343828409829 -0.011766906886035655 -0.0018816491415491361 -0.00074807556835929556
leaf_weight=44.224336486309767 1779.3365989178419 15.716205708682535 55.846634835004807 18.891551084816456 101.29721124470234 29.835950113832951 24.237722828984261 8.7206066995859128 60.013455301523209 3912.8467823788524 265.65734094381332 18.93723913282156 452.79817626625299 1989.1834973096848
leaf_count=523 10927 105 342 111 829 254 245 90 370 19922 1464 131 2481 10198
internal_value=-7.29115e-06 -0.00192156 -0.000960074 -0.00816246 -0.00233727 -0.000199343 -0.00571214 -0.00203712 6.10197e-05 -0.000154802 -0.00199608 -0.00321186 -0.00240193 9.51076e-05
internal_weight=8777.54 298.77 264.162 34.6078 208.316 131.133 77.1827 52.9449 8478.77 6699.44 797.406 531.749 471.735 5902.03
internal_count=47992 2499 2283 216 1941 1083 858 613 45493 34566 4446 2982 2612 30120
is_linear=0
shrinkage=0.02


Tree=277
num_leaves=15
num_cat=0
split_feature=13 13 3 14 0 0 12 0 1 11 21 2 24 2
split_gain=2.88084 3.21038 3.06254 4.41172 4.34274 4.57856 4.2021 3.13735 6.3279 9.32866 7.86364 7.69097 4.83002 4.56006
threshold=138.66666666666671 122.83333333333336 50.350000000000009 1.770192606399503 44.127310061601655 62.142368240930871 48.500000000000007 60.703627652292958 1.5000000000000002 33.23368542576241 2.2319522899833122 152.50000000000003 1.0000000180025095e-35 159.50000000000003
decision_type=2 2 2 2 2 2 2 2 2 2 2 2 2 2
left_child=1 2 3 4 -1 6 -6 13 9 11 -11 -9 -13 -4
right_child=-2 -3 7 -5 5 -7 -8 8 -10 10 -12 12 -14 -15
leaf_value=-0.010081512820759655 -0.0075050768820230799 0.0034959690118053391 -0.0010264493116543224 -0.013033855656785363 -0.00091224154534793071 -0.0090135236191547369 0.0076140311290208871 0.0097867046513711031 -0.00083278442079923176 -0.0074059014514366384 0.0015731434358283007 1.3051390964934219e-05 0.0038162144387669733 0.00014233274516839263
leaf_weight=15.831929117441176 15.45328978449106 99.400793768465519 1758.3441489674151 10.365285933017729 85.142452824860811 15.124666452407835 26.177783623337746 58.342192739248276 489.89395868033171 63.840912342071533 86.218331582844257 217.24357579648495 346.4005659148097 5489.213105071336
leaf_count=199 121 809 9663 71 539 71 143 318 2461 355 512 890 1966 29874
internal_value=-7.70436e-06 9.56407e-06 -3.22065e-05 -0.00279445 -0.00161773 -0.000199606 0.00131668 1.87193e-05 0.000937189 0.00206101 -0.00234961 0.00313856 0.00236689 -0.000141464
internal_weight=8776.99 8761.54 8662.14 152.642 142.277 126.445 111.32 8509.5 1261.94 772.046 150.059 621.986 563.644 7247.56
internal_count=47992 47871 47062 1023 952 753 682 46039 6502 4041 867 3174 2856 39537
is_linear=0
shrinkage=0.02


Tree=278
num_leaves=15
num_cat=0
split_feature=11 21 4 3 14 3 0 3 3 3 12 2 3 0
split_gain=2.86158 6.11888 3.5394 4.20251 3.50373 3.3124 4.65161 3.23708 4.41626 3.23616 2.99157 4.17276 5.53017 4.40352
threshold=43.283037195056544 2.2319522899833122 124.50000000000001 105.25000000000001 2.1602564102564106 105.25000000000001 57.578370978781663 103.50000000000001 100.50000000000001 64.600000000000009 53.500000000000007 164.50000000000003 104.50000000000001 64.214921286789888
decision_type=2 2 2 2 2 2 2 2 2 2 2 2 2 2
left_child=1 4 -2 -4 10 7 -7 8 -3 -6 11 12 -1 -13
right_child=2 5 3 -5 9 6 -8 -9 -10 -11 -12 13 -14 -15
leaf_value=-0.00072214305836483343 0.0019792346215621814 0.0013932983616892333 -0.014973834003438567 -0.0028460197611582822 0.0026735613119845208 -0.0016797281638960253 0.011457987707079342 -0.0058073246482897231 0.012203083868445541 -0.0083899703354484625 0.00097556496252615356 0.00020730297146877356 0.0095198799584487979 0.0058027009550937845
leaf_weight=3484.4709158241749 30.765525750815868 110.79330484569073 11.121325016021727 54.1226407289505 11.710766036063431 13.004980735480784 33.617444269359112 14.475584916770456 13.001555189490317 31.847715452313423 1056.3240978233516 3842.4997197203338 16.211352586746216 52.146513789892197
leaf_count=18455 140 647 65 327 65 79 199 84 76 174 7388 19971 81 241
internal_value=-7.80993e-06 3.08913e-05 -0.00335487 -0.00586046 -4.82163e-05 0.00358172 0.00794683 0.00186995 0.00297379 -0.00540532 -1.71906e-05 -0.000159826 -0.000660633 0.000290078
internal_weight=8776.11 8680.1 96.0095 65.244 8495.21 184.893 46.6224 138.27 123.795 43.5585 8451.65 7395.33 3500.68 3894.65
internal_count=47992 47460 532 392 46375 1085 278 807 723 239 46136 38748 18536 20212
is_linear=0
shrinkage=0.02


Tree=279
num_leaves=15
num_cat=0
split_feature=20 11 21 4 3 14 3 0 3 3 3 0 0 1
split_gain=2.79424 2.82466 5.81723 3.43318 4.06679 3.41171 3.21195 4.52669 3.13786 4.31713 3.12273 2.83907 7.5034 6.77324
threshold=4.1803148528405218 43.283037195056544 2.2319522899833122 124.50000000000001 105.25000000000001 2.1602564102564106 105.25000000000001 57.578370978781663 103.50000000000001 100.50000000000001 64.600000000000009 49.671457905544152 51.642710472279269 1.5000000000000002
decision_type=2 2 2 2 2 2 2 2 2 2 2 2 2 2
left_child=-1 2 5 -3 -5 11 8 -8 9 -4 -7 -2 13 -13
right_child=1 3 6 4 -6 10 7 -9 -10 -11 -12 12 -14 -15
leaf_value=-0.0044314179136204423 0.00067130149007695191 0.0020236415093621983 0.0013674252328660821 -0.014696844034241164 -0.0027904905281547275 0.0026374140240762178 -0.0016546093021025091 0.01130920368363862 -0.0057105856817056657 0.012072037764621898 -0.0082251924466573024 -0.0033314577728029773 6.3840319115275382e-05 0.0005812084777716759
leaf_weight=51.744936380535364 1993.0617063120008 29.91914601624012 110.72711196541786 11.197764396667479 54.194422982633114 11.702455315738915 13.0141744017601 33.446037754416466 14.51073322445154 12.934788666665552 31.935288198292255 520.61229819059372 5622.6517229825258 263.62739272788167
leaf_count=567 12678 134 647 65 327 65 79 199 84 76 174 2926 28519 1452
internal_value=-7.49509e-06 2.10404e-05 6.00268e-05 -0.00331541 -0.00575685 -1.75298e-05 0.00352432 0.00783105 0.00183932 0.00292828 -0.00529935 1.28075e-05 -0.000192089 -0.00201831
internal_weight=8775.28 8723.54 8628.22 95.3113 65.3922 8443.59 184.633 46.4602 138.173 123.662 43.6377 8399.95 6406.89 784.24
internal_count=47992 47425 46899 526 392 45814 1085 278 807 723 239 45575 32897 4378
is_linear=0
shrinkage=0.02


Tree=280
num_leaves=15
num_cat=0
split_feature=18 21 18 22 18 18 1 14 11 1 2 3 21 5
split_gain=2.78373 4.35644 5.24973 4.44534 3.52084 7.10115 5.49083 5.66958 5.35975 5.16372 5.20587 4.65607 6.43469 5.4722
threshold=17.103687843783224 1.4297005084521381 15.955130767043284 1.5000000000000002 24.672537323362011 26.669695467976194 1.5000000000000002 1.4378511235955058 21.080004259063152 1.5000000000000002 154.50000000000003 104.50000000000001 1.9989274190838058 91.500000000000014
decision_type=2 2 2 2 2 2 2 2 2 2 2 2 2 2
left_child=1 2 3 -1 11 6 7 -6 -9 -7 -11 13 -13 -2
right_child=4 -3 -4 -5 5 9 -8 8 -10 10 -12 12 -14 -15
leaf_value=-0.00056651164541441886 0.00038966380141945158 -0.0096300674705665241 -0.0036370101571901233 0.0073219929086819693 -0.0086768958491177436 0.00051121910516996219 0.00042006970132430768 -0.011582407383575891 -0.0017725238088650832 -0.0086063123258251998 -0.00060340104947911302 0.0096710850445843703 -0.0033200685711438573 0.0057694920704780142
leaf_weight=93.133849691599607 1640.7523009628057 21.696286104619503 147.80519584938884 35.585807502269745 59.72325923293829 3911.6481627523899 265.68298457562923 18.819936320185661 452.32970001548529 28.151338584721088 1960.8508526496589 45.875098630785942 18.537396393716335 74.445791840553284
leaf_count=885 9997 129 1268 217 370 19922 1464 131 2481 140 10058 259 102 569
internal_value=-7.44821e-06 -0.00189059 -0.00111599 0.00179162 5.96418e-05 -0.000150346 -0.00191679 -0.00308304 -0.00228609 8.91956e-05 -0.00073897 0.000849218 0.00593368 0.000640422
internal_weight=8775.04 298.221 276.525 128.72 8476.82 6697.21 796.556 530.873 471.15 5900.65 1989 1779.61 64.4125 1715.2
internal_count=47992 2499 2370 1102 45493 34566 4446 2982 2612 30120 10198 10927 361 10566
is_linear=0
shrinkage=0.02


Tree=281
num_leaves=15
num_cat=0
split_feature=7 3 20 20 2 6 6 20 0 14 11 1 3 11
split_gain=2.77273 5.58594 5.73345 5.29564 8.07277 6.42244 5.18362 6.90575 7.81687 7.02317 7.34185 5.73012 5.43713 4.96627
threshold=2.5000000000000004 94.500000000000014 5.1918822724161542 7.0535112936344975 166.50000000000003 1.5000000000000002 2.5000000000000004 6.2411498973305966 52.376454483230667 1.598701298701299 29.063484217216303 1.5000000000000002 64.600000000000009 36.221251957181565
decision_type=2 2 2 2 2 2 2 2 2 2 2 2 2 2
left_child=6 2 -2 4 -3 -5 -1 -8 9 -9 -11 12 -10 -4
right_child=1 3 13 5 -6 -7 7 8 11 10 -12 -13 -14 -15
leaf_value=-3.0273206442306459e-05 -0.0081267862652637333 0.0092153744451642546 -0.00035020273855324724 -0.020143284192307077 -0.0073366900932550581 -0.0046214752807784863 0.0072020097575464948 -0.011144470823227741 0.0098932332280099282 0.010484369078538005 -0.0067415547871254511 -0.001512233891839824 0.0022956258297510807 0.009769993473960471
leaf_weight=7557.3831912428141 32.032620787620544 16.742600902915001 586.03545151650906 11.602876394987105 20.727449625730515 44.648906409740448 82.109155721962452 32.033563353121281 44.106010615825653 13.939359977841379 15.813432306051252 111.66651774942875 190.29637222737074 15.053471267223356
leaf_count=41089 176 80 2941 64 97 271 442 209 278 100 120 726 1313 86
internal_value=-7.58818e-06 -0.00118644 -0.00048896 -0.00561452 0.000226321 -0.00923871 9.93094e-05 0.00208219 0.000971891 -0.00530748 0.00161864 0.00215832 0.00391034 -1.49482e-05
internal_weight=8774.19 726.843 633.122 93.7218 37.4701 56.2518 8047.35 489.964 407.855 61.7864 29.7528 346.069 234.402 601.089
internal_count=47992 3715 3203 512 177 335 44277 3188 2746 429 220 2317 1591 3027
is_linear=0
shrinkage=0.02


Tree=282
num_leaves=15
num_cat=0
split_feature=13 13 9 3 21 20 14 11 0 20 20 20 22 21
split_gain=2.78795 3.05646 3.22391 7.75137 5.36313 3.44387 3.42569 5.81261 7.47938 4.92751 4.79402 4.17783 5.89072 3.69506
threshold=138.66666666666671 122.83333333333336 1.0000000180025095e-35 61.100000000000009 1.1397661412004145 4.4299657768651617 1.429401993355482 23.229444012384075 56.398357289527731 5.7419575633128002 7.8700889801505829 5.766475017111568 1.5000000000000002 1.6892174272160954
decision_type=2 2 2 2 2 2 2 2 2 2 2 2 2 2
left_child=1 2 5 -4 -5 -1 9 -8 11 -6 -10 12 -9 -13
right_child=-2 -3 3 4 6 -7 7 8 10 -11 -12 13 -14 -15
leaf_value=-0.0032698823671273285 -0.0073694177857078196 0.0034169458669246295 -0.0096200699038325194 -0.0077227860993344831 -0.003810737419916237 0.0001064146750527795 0.0097061167531685907 -0.009630213002399142 -0.0088579777549574554 0.0095978821573582656 -0.00037334800352079137 0.0044503558003932357 0.004579842971291828 -0.0027402682499693162
leaf_weight=117.64918745681643 15.529049642384051 99.056541763246059 39.672945857048035 34.965683661401272 13.153534866869448 8122.4973936192691 15.004911027848719 24.855342760682106 62.59684456884861 26.614232182502747 45.554412864148617 107.36657873541117 15.07969957590103 34.179552339017391
leaf_count=1254 121 809 274 284 81 43345 84 164 281 136 295 606 72 186
internal_value=-7.55975e-06 9.46245e-06 -3.12359e-05 -0.00173206 -0.000787556 5.60131e-05 1.1256e-05 -0.000730914 -0.00143395 0.00518791 -0.00547626 0.00104653 -0.00430736 0.00266611
internal_weight=8773.78 8758.25 8659.19 419.044 379.371 8240.15 344.405 304.637 289.632 39.7678 108.151 181.481 39.935 141.546
internal_count=47992 47871 47062 2463 2189 44599 1905 1688 1604 217 576 1028 236 792
is_linear=0
shrinkage=0.02


Tree=283
num_leaves=15
num_cat=0
split_feature=11 2 2 2 21 24 2 20 18 18 2 20 11 10
split_gain=2.72529 3.91371 5.89515 4.45991 4.0779 3.37954 3.96404 3.31976 3.23303 3.00303 4.21526 3.21472 3.23065 4.1512
threshold=20.450141799056251 163.50000000000003 169.50000000000003 161.50000000000003 1.077480867401815 1.5000000000000002 179.50000000000003 5.9018891170431216 35.677113319569131 41.151215134449373 154.50000000000003 8.3768104038329927 24.568394210023282 1.0000000180025095e-35
decision_type=2 2 2 2 2 2 2 2 2 2 2 2 2 2
left_child=1 3 -3 4 7 6 8 -1 -4 -2 -11 12 -12 -14
right_child=9 2 5 -5 -6 -7 -8 -9 -10 10 11 -13 13 -15
leaf_value=-0.0035730610561269306 1.5317477426579069e-06 0.0035252375172084593 -0.010855066351795265 -0.012638103776513173 -0.0074695152380807456 0.0026817856287387858 0.0030036849225207043 0.0060362805167121728 0.0013305985249357866 -0.0056935005929159193 0.0059422928001391798 0.0084043853767277032 0.0070683621849412862 -0.0036802604522700568
leaf_weight=24.424995400011539 8347.5983715206385 84.394842762500048 38.406439229846001 19.193319007754326 32.731843635439873 20.35672539845109 12.282762482762335 23.21504133939743 9.2778599932789785 16.497740752995014 40.18363319337368 39.408012710511684 14.383266091346739 50.668408468365669
leaf_count=270 45391 538 286 135 171 118 74 122 42 95 172 291 65 222
internal_value=-7.66724e-06 -0.00198879 -5.3797e-05 -0.00501524 -0.00253786 -0.00382389 -0.00609955 0.00120016 -0.00854489 5.4764e-05 0.00271729 0.00384815 0.00182 -0.000940253
internal_weight=8773.02 264.284 164.719 99.5652 80.3719 80.3238 59.9671 47.64 47.6843 8508.74 161.141 144.643 105.235 65.0517
internal_count=47992 1756 1058 698 563 520 402 392 328 46236 845 750 459 287
is_linear=0
shrinkage=0.02


Tree=284
num_leaves=15
num_cat=0
split_feature=14 19 21 4 3 21 19 0 0 3 4 3 3 13
split_gain=2.7049 2.77333 5.56529 3.36629 3.86687 3.31711 3.69205 3.28323 2.93191 2.87916 4.28424 3.07046 4.16722 2.84396
threshold=2.2875939849624065 18.734213090674938 2.2319522899833122 124.50000000000001 105.25000000000001 2.2040798853542802 16.334573321974457 59.579739904175234 50.219028062970573 105.25000000000001 144.50000000000003 103.50000000000001 100.50000000000001 138.66666666666671
decision_type=2 2 2 2 2 2 2 2 2 2 2 2 2 2
left_child=1 2 5 -3 -5 6 13 -7 -8 11 -11 12 -4 -1
right_child=-2 3 9 4 -6 7 8 -9 -10 10 -12 -13 -14 -15
leaf_value=-1.2945877120540581e-05 -0.0064031236753930992 0.0019227933099054989 0.0013898473142971511 -0.014419988130748336 -0.0028072088501940422 0.0019851714547772822 0.0011395174987201486 -0.010165287111075743 0.011813591858287169 0.010691258900639931 -0.0023272389662491624 -0.0056109393259300066 0.011935154627090033 -0.0080767919260997679
leaf_weight=8387.5190336816013 21.373408354818821 30.760061033070087 110.08263426274061 11.274424716830252 54.098485536873341 11.247816458344461 26.806962728500366 19.98213754594326 13.634973309934137 34.659274056553841 11.166274629533289 14.546977438032625 12.862831145524977 12.53283505886793
leaf_count=45772 118 140 644 65 326 60 148 115 72 182 93 84 76 97
internal_value=-7.5652e-06 1.1474e-05 5.01485e-05 -0.00328102 -0.00572065 -2.5194e-05 4.89371e-07 -0.00606393 0.00568617 0.00345082 0.00756283 0.00184898 0.00293205 -3.00126e-05
internal_weight=8772.55 8751.17 8655.04 96.133 65.3729 8471.72 8440.49 31.23 40.4419 183.318 45.8255 137.492 122.945 8400.05
internal_count=47992 47874 47343 531 391 46264 46089 175 220 1079 275 804 720 45869
is_linear=0
shrinkage=0.02


Tree=285
num_leaves=15
num_cat=0
split_feature=18 7 3 20 20 2 6 6 20 18 18 19 13 2
split_gain=2.69665 2.79139 5.53426 5.80166 4.96986 7.68795 6.20409 4.92087 7.00352 7.54682 6.86916 4.81906 4.53887 4.52761
threshold=15.64389293897788 2.5000000000000004 94.500000000000014 5.1918822724161542 7.0535112936344975 166.50000000000003 1.5000000000000002 2.5000000000000004 6.2411498973305966 27.432929861078907 26.373602808311563 13.119791324931478 81.500000000000014 159.50000000000003
decision_type=2 2 2 2 2 2 2 2 2 2 2 2 2 2
left_child=-1 7 3 -3 5 -4 -6 13 12 10 -10 -5 -9 -2
right_child=1 2 4 11 6 -7 -8 8 9 -11 -12 -13 -14 -15
leaf_value=-0.0046113841601652331 -0.0008385812273173246 -0.0083252189467539969 0.0089620353951056948 -0.00033099417983617501 -0.019748618528464861 -0.0072267626554249585 -0.0045308273664750503 -0.0029895922968105971 0.00043428167513149168 0.0021193915431125406 -0.012346689787992509 0.0096546690358945073 0.0091607440884390132 0.00028706768389125321
leaf_weight=45.600915670394897 1913.479115895927 30.49777964502573 16.552160143852234 585.57722649723291 11.696822792291639 20.74882760643959 44.759774640202522 11.97762708365917 37.065995655953884 345.62501003593206 24.890823021531105 14.985732711851595 68.759214051067829 5600.4374754875898
leaf_count=380 10504 168 79 2938 64 97 271 52 268 2317 161 86 383 30224
internal_value=-7.50892e-06 1.89451e-05 -0.00116491 -0.000468585 -0.00557042 0.000119869 -0.00906643 0.000127085 0.00206208 0.000950908 -0.00520909 -8.61991e-07 0.00726564 0
internal_weight=8772.65 8727.05 724.818 631.061 93.7576 37.301 56.4566 8002.24 488.319 407.582 61.9568 600.563 80.7368 7513.92
internal_count=47992 47612 3703 3192 511 176 335 43909 3181 2746 429 3024 435 40728
is_linear=0
shrinkage=0.02


Tree=286
num_leaves=15
num_cat=0
split_feature=13 11 14 21 11 10 20 20 0 1 3 0 0 21
split_gain=2.68105 3.74835 6.93062 6.65284 5.84979 5.85087 3.91443 3.94013 3.76658 3.75784 3.47441 3.44834 3.21522 7.93782
threshold=92.500000000000014 30.840473245365903 1.5932149246102736 1.6946429521467048 30.113496445536359 1.0000000180025095e-35 8.1857357973990439 7.0273237508555795 54.898015058179332 1.5000000000000002 87.500000000000014 51.7987679671458 55.388090349075988 1.5723471071017181
decision_type=2 2 2 2 2 2 2 2 2 2 2 2 2 2
left_child=1 4 -3 -4 6 -6 7 10 11 -9 12 -5 -1 -14
right_child=-2 2 3 8 5 -7 -8 9 -10 -11 -12 -13 13 -15
leaf_value=-0.0014340453348669071 0.00017497197833093038 -0.00096954225597644631 0.012885550016269244 0.0031163461180933843 0.0039134842268442474 -0.010606817568715071 0.0087851730351180372 -0.0011680139051376567 0.0048345860222143971 -0.0075383302799789742 0.006273132546505621 -0.0089454095193846391 0.0021988965045515872 -0.003813312681579873
leaf_weight=881.12706466019154 6888.6220632866025 199.22482474148273 27.329217009246349 14.140377655625345 11.485922485589979 41.155422694981098 11.741844698786734 89.686113998293877 60.139836028218269 62.111610516905785 23.894117273390293 14.862054571509359 332.97034098207951 113.66154988110065
leaf_count=6372 36843 1014 138 64 54 232 56 380 260 264 124 65 1619 507
internal_value=-7.70485e-06 -0.000675561 0.00129553 0.00506685 -0.00107659 -0.00733926 -0.000834266 -0.00093959 0.00209149 -0.0039446 -0.000587344 -0.00341229 -0.000735375 0.000639167
internal_weight=8772.15 1883.53 315.696 116.471 1567.83 52.6413 1515.19 1503.45 89.1423 151.798 1351.65 29.0024 1327.76 446.632
internal_count=47992 11149 1541 527 9608 286 9322 9266 389 644 8622 129 8498 2126
is_linear=0
shrinkage=0.02


Tree=287
num_leaves=15
num_cat=0
split_feature=3 14 0 0 12 0 1 2 0 5 20 3 11 20
split_gain=2.63535 3.90395 4.29205 4.35492 4.24956 3.04505 4.12094 5.21787 6.3133 6.05088 3.85955 3.74217 5.34223 4.42066
threshold=50.350000000000009 1.770192606399503 44.127310061601655 62.142368240930871 48.500000000000007 62.090349075975361 1.5000000000000002 164.50000000000003 62.292950034223146 91.500000000000014 7.587214236824094 64.600000000000009 26.301053376215467 7.4690349075975364
decision_type=2 2 2 2 2 2 2 2 2 2 2 2 2 2
left_child=1 2 -1 4 -4 -2 7 8 -7 11 -8 13 -13 -10
right_child=5 -3 3 -5 -6 6 10 -9 9 -11 -12 12 -14 -15
leaf_value=-0.0099154809238741169 -8.3656773512161983e-05 -0.012095992732204859 -0.00084150933798673294 -0.0086289375768017294 0.0077029041888449024 0.0078872833138939145 -0.0042449804417694923 0.0052984947694059417 -0.0051980671660771206 -0.0091515101600061505 0.00069072463177459248 -0.0093608892043851224 0.00043065500614157494 0.0060790091832843675
leaf_weight=15.624298270791767 7787.0958588272333 10.662357375025747 84.934502772986889 15.256877303123472 26.520415171980858 40.38511748611927 79.875702977180481 155.5340254381299 12.76627606153488 22.024128623306751 244.70688427239656 20.263623841106892 184.06458669155836 71.658158197999001
leaf_count=199 42602 73 539 72 146 214 333 793 53 166 1322 100 1008 372
internal_value=-7.46073e-06 -0.0025673 -0.00145366 -5.82887e-05 0.00141787 3.92133e-05 0.00118622 0.00230572 0.000918798 -9.09649e-05 -0.000563795 0.000737311 -0.000731236 0.00415608
internal_weight=8771.37 152.998 142.336 126.712 111.455 8618.37 831.279 506.696 351.162 310.777 324.583 288.753 204.328 84.4244
internal_count=47992 1029 956 757 685 46963 4361 2706 1913 1699 1655 1533 1108 425
is_linear=0
shrinkage=0.02


Tree=288
num_leaves=15
num_cat=0
split_feature=14 7 3 6 2 13 18 18 18 12 11 18 3 14
split_gain=2.64015 2.76128 5.65711 5.35659 6.52404 5.97714 5.85402 5.06694 7.49337 5.00179 4.73759 5.28962 4.66223 4.38037
threshold=2.2875939849624065 2.5000000000000004 94.500000000000014 2.5000000000000004 150.50000000000003 103.16666666666667 29.245812545297053 29.080218934365138 26.373602808311563 49.500000000000007 29.327160493827162 22.461501048713039 74.40000000000002 1.6879058441558443
decision_type=2 2 2 2 2 2 2 2 2 2 2 2 2 2
left_child=1 3 10 -1 9 6 13 8 -7 -5 11 -3 -9 -6
right_child=-2 2 -4 4 5 7 -8 12 -10 -11 -12 -13 -14 -15
leaf_value=-1.3368432683374889e-05 -0.0063219853571373306 -0.0075924579928685013 -0.0056285368910925695 0.0031794893381988537 0.010679255751209491 0.0013667032616096187 0.0023085311959266741 0.0069610737730938467 -0.011534100564122036 -0.013218991758486566 0.00214399698958495 -0.00078937291567636903 -0.0004693734223917342 0
leaf_weight=7537.5083561353385 21.408644121140242 47.144375547766685 93.455974638462067 9.294111832976343 73.434006862342358 39.155086256563663 168.28766593337059 48.264333300292492 26.620379932224751 14.078040480613707 189.22083529829979 394.58008836209774 89.538610592484474 18.771550752222538
leaf_count=40994 118 253 508 52 388 290 994 369 185 98 1018 1922 687 116
internal_value=-7.6745e-06 1.11494e-05 -0.00116681 0.000118392 0.00213936 0.00268671 0.00466385 9.6066e-05 -0.00427218 -0.00721639 -0.000463739 -0.00159678 0.00227168 0.00860218
internal_weight=8770.76 8749.35 724.401 8024.95 487.444 464.072 260.493 203.578 65.7755 23.3722 630.945 441.724 137.803 92.2056
internal_count=47992 47874 3701 44173 3179 3029 1498 1531 475 150 3193 2175 1056 504
is_linear=0
shrinkage=0.02


Tree=289
num_leaves=15
num_cat=0
split_feature=10 3 0 0 3 0 11 11 0 6 2 1 13 5
split_gain=2.61612 4.17627 4.23394 7.03688 8.34007 4.9422 5.92599 6.38941 5.6312 4.96797 4.10029 5.7023 4.50523 4.09277
threshold=1.0000000180025095e-35 55.100000000000009 42.410677618069819 48.009582477754968 79.970000000000013 57.969883641341553 22.778247647520264 23.334793563870971 57.731690622861059 2.5000000000000004 172.50000000000003 1.5000000000000002 113.16666666666667 89.500000000000014
decision_type=2 2 2 2 2 2 2 2 2 2 2 2 2 2
left_child=1 -1 -3 4 -4 8 -7 -8 9 10 11 12 -5 -13
right_child=-2 2 3 5 -6 6 7 -9 -10 -11 -12 13 -14 -15
leaf_value=-0.0035296864371754076 -0.00018258365783912358 -0.0028173456223100708 0.0015099461215751179 0.00055787777333915858 0.0099459612220403632 0.0084925622130067463 -0.0082022328625349014 0.0019960463116857575 -0.0068388448997564223 -0.0044862479509513147 -0.0028455281893205102 0.0023929556374853735 -0.0078400683699354125 0.0095139568107005922
leaf_weight=84.790797270834446 6986.4325943663716 109.74269260466099 133.1524974219501 446.13674756139517 69.917831622064114 48.944341361522675 21.062096402049065 439.09815818071365 44.255850568413734 79.276268132030964 110.24202493578196 134.69354002177715 22.081875860691071 40.571327202022076
leaf_count=512 38602 805 771 2117 383 227 99 2258 212 424 543 617 170 252
internal_value=-7.73245e-06 0.000674505 0.000895213 0.00116083 0.00459332 0.000641915 0.00219955 0.00144181 -0.000267113 0.000118366 0.000631684 0.00124783 7.8939e-05 0.00427063
internal_weight=8770.4 1783.97 1699.18 1589.43 203.07 1386.36 509.105 460.16 877.258 833.002 753.726 643.483 468.219 175.265
internal_count=47992 9390 8878 8073 1154 6919 2584 2357 4335 4123 3699 3156 2287 869
is_linear=0
shrinkage=0.02


Tree=290
num_leaves=15
num_cat=0
split_feature=21 2 6 4 12 0 0 4 10 11 2 20 0 0
split_gain=2.593 2.66573 4.8147 6.65711 5.10938 5.30499 4.05204 4.15084 4.05031 6.28385 3.82822 4.66479 3.72802 9.56863
threshold=0.82999756013193193 159.50000000000003 2.5000000000000004 130.50000000000003 49.500000000000007 55.527720739219724 64.149212867898711 129.50000000000003 1.0000000180025095e-35 24.568394210023282 154.50000000000003 8.9727720739219716 49.115674195756334 47.393566050650243
decision_type=2 2 2 2 2 2 2 2 2 2 2 2 2 2
left_child=-1 2 -2 -4 -5 -6 12 8 -8 -10 11 -7 13 -3
right_child=1 6 3 4 5 10 7 -9 9 -11 -12 -13 -14 -15
leaf_value=-0.0052779973310100418 -0.00092706034161182851 0.00012229888929676219 0.0042585181345323351 0.0093787210318299428 -0.0091962711925189719 -0.010854721379030681 0.0078000504329758785 0.0084066662505145866 0.0046227513067023792 -0.0076868680434814818 0.0034181908843943639 0.0034830994697707725 -0.00011117118471029304 0.0039206427549747496
leaf_weight=32.184106167405844 1983.7420528903604 1097.5131779722869 173.08780237287283 9.6819425299763662 33.703528985381126 17.06613573431969 18.707669273018837 43.150759033858776 26.866104274988174 29.885542497038841 45.690372668206692 11.908617272973059 4901.3632207922637 345.50516608729959
leaf_count=378 10834 7282 922 64 235 116 85 291 111 125 341 94 25178 1936
internal_value=-7.59964e-06 1.45914e-05 -0.000573224 0.00180592 -0.00180079 -0.00318683 0.000222086 0.00380921 0.000796297 -0.00192467 -4.21513e-05 -0.00525765 0.000151762 0.00104352
internal_weight=8770.06 8737.87 2274.88 291.138 118.051 108.369 6462.99 118.61 75.4593 56.7516 74.6651 28.9748 6344.38 1443.02
internal_count=47992 47614 12606 1772 850 786 35008 612 321 236 551 210 34396 9218
is_linear=0
shrinkage=0.02


Tree=291
num_leaves=15
num_cat=0
split_feature=0 0 0 22 3 3 3 22 0 0 20 3 14 3
split_gain=2.57526 2.84355 6.29599 5.37432 4.24865 5.28614 4.79014 3.71602 3.33196 6.7673 5.58008 7.57924 4.7106 4.42358
threshold=39.552361396303908 39.943874058863798 41.356605065023963 3.5000000000000004 74.40000000000002 87.500000000000014 56.100000000000009 1.5000000000000002 49.671457905544152 51.642710472279269 6.5299247091033541 71.750000000000014 1.7769485903814264 104.50000000000001
decision_type=2 2 2 2 2 2 2 2 2 2 2 2 2 2
left_child=-1 7 3 4 6 -6 -3 -2 13 10 -10 12 -12 -4
right_child=1 2 8 -5 5 -7 -8 -9 9 -11 11 -13 -14 -15
leaf_value=-0.0045116784973541647 0.00065289589871389022 -0.0089762052568121403 0.00062067864327760181 -0.014557413817548106 -0.010744616054189525 0.00079685536427269704 0.0024242361143937269 0.0091605481532113769 -0.0028727424136357239 8.5353632515262207e-05 -0.0059755121299270011 0.0037243564078497751 0.0063054756945526659 0.0057833601432721654
leaf_weight=45.481972597539425 65.539258971810341 13.094562292098997 1713.7286999002099 12.249910973012446 36.372006122022867 24.20630993694067 74.405277900397778 25.906157657504082 585.25099911168218 5898.381184540689 65.973966576159 134.03186057507992 10.738262377679346 64.325207598507404
leaf_count=380 618 163 10566 67 282 153 679 157 3166 30120 384 826 70 361
internal_value=-7.29308e-06 1.85314e-05 -1.9381e-05 -0.00388495 -0.00254234 -0.00639317 0.000303532 0.00343378 5.57813e-05 -0.000148496 -0.00187355 0.00089428 -0.00395129 0.000824266
internal_weight=8769.69 8724.2 8632.76 160.328 148.078 60.5783 87.4998 91.4454 8472.43 6694.38 795.995 210.744 76.7122 1778.05
internal_count=47992 47612 46837 1344 1277 435 842 775 45493 34566 4446 1280 454 10927
is_linear=0
shrinkage=0.02


Tree=292
num_leaves=15
num_cat=0
split_feature=11 21 14 4 3 3 0 3 0 11 4 21 3 9
split_gain=2.55222 5.50694 3.14059 3.13948 3.79562 3.06584 4.39486 3.00586 2.94425 5.93301 2.76443 4.2477 3.71729 3.9276
threshold=43.283037195056544 2.2319522899833122 2.1602564102564106 124.50000000000001 105.25000000000001 105.25000000000001 57.578370978781663 64.600000000000009 57.578370978781663 40.416051117596901 148.50000000000003 1.0179853601363245 118.50000000000001 1.0000000180025095e-35
decision_type=2 2 2 2 2 2 2 2 2 2 2 2 2 2
left_child=1 2 10 -2 -5 8 -7 -4 -3 -10 12 -12 13 -1
right_child=3 5 7 4 -6 6 -8 -9 9 -11 11 -13 -14 -15
leaf_value=-4.3871854842268404e-05 0.0018665904018583929 0.0088166197824081499 0.0026649596629780004 -0.014087352149919409 -0.002643626705636711 -0.0016937646456269204 0.011071375759185827 -0.0079696095326150379 0.0024012232744887807 -0.0090939478186619366 -0.0073212198314101216 0.0014768361660187424 0.0090681090162116045 -0.0021502002920102598
leaf_weight=7378.4909181594849 30.760975003242493 15.348807983100412 11.694790199398993 11.368421539664267 54.37735503911972 13.014908857643603 33.201966799795628 32.085718125104904 106.10556492954493 16.41541712731123 17.721944935619831 668.63310284167528 12.551173493266104 367.11621334776282
leaf_count=38444 140 84 65 65 327 79 199 174 627 96 124 5418 64 2086
internal_value=-7.3396e-06 2.93189e-05 -4.56207e-05 -0.00316046 -0.00550647 0.00340522 0.00762318 -0.00510589 0.00175997 0.000549232 -1.61432e-05 0.00119547 -0.000124292 -0.000145286
internal_weight=8768.89 8672.38 8488.29 96.5068 65.7458 184.087 46.2169 43.7805 137.87 122.521 8444.51 686.355 7758.16 7745.61
internal_count=47992 47460 46375 532 392 1085 278 239 807 723 46136 5542 40594 40530
is_linear=0
shrinkage=0.02


Tree=293
num_leaves=15
num_cat=0
split_feature=13 4 13 20 0 0 10 13 13 0 11 11 2 2
split_gain=2.60235 3.68642 3.50811 4.1376 5.72198 4.47987 2.80176 5.91938 4.35391 4.29776 4.19161 7.35106 6.19971 5.07011
threshold=138.66666666666671 169.50000000000003 113.16666666666667 9.7872689938398363 58.090349075975361 56.108145106091726 1.0000000180025095e-35 112.50000000000001 109.16666666666667 64.305270362765242 29.395454305989968 29.034263797737456 151.50000000000003 153.50000000000003
decision_type=2 2 2 2 2 2 2 2 2 2 2 2 2 2
left_child=1 6 -3 -4 5 -5 7 8 9 10 11 -1 -12 -14
right_child=-2 2 3 4 -6 -7 -8 -9 -10 -11 12 -13 13 -15
leaf_value=0.00028869505333807978 -0.0070928594966332493 -0.005325923908069654 0.0089859842226377405 0.0023368803610478469 0.0049953115138611564 -0.013834210038074427 -0.00022225920438552612 -0.0045774330624797155 0.0068945624011548315 0.0091340001206192626 0.010579568531140667 -0.0084865944535822465 -0.0066403069658532874 0.0021524508642754791
leaf_weight=1142.1272035129368 15.685422129929064 11.940440520644186 43.903038375079632 10.109298802912237 44.970391675829887 9.8481752872467023 6878.1313793025911 76.93486288189888 42.679027542471886 19.155545309185982 28.52290290594101 34.499156698584557 23.205814644694328 386.36243757605553
leaf_count=5790 121 88 368 81 367 77 37742 600 333 95 142 171 111 1906
internal_value=-7.27306e-06 9.23925e-06 0.00340882 0.00457657 0.00113708 -0.00673562 -4.00412e-05 0.00067218 0.000927162 0.000749506 0.000620915 -1.72929e-06 0.00227888 0.00157536
internal_weight=8768.08 8752.39 120.771 108.831 64.9279 19.9575 8631.62 1753.49 1676.55 1633.87 1614.72 1176.63 438.091 409.568
internal_count=47992 47871 981 893 525 158 46890 9148 8548 8215 8120 5961 2159 2017
is_linear=0
shrinkage=0.02


Tree=294
num_leaves=15
num_cat=0
split_feature=7 2 21 22 0 20 9 2 0 21 20 2 3 3
split_gain=2.51719 5.11236 6.41235 4.76803 7.45376 5.99927 7.11419 7.50103 6.51768 5.61505 5.48603 4.91124 4.66781 4.37058
threshold=2.5000000000000004 176.50000000000003 2.5422109608276444 1.5000000000000002 39.943874058863798 5.7800958247775496 1.0000000180025095e-35 157.50000000000003 49.671457905544152 1.0114473425558173 6.104503764544833 154.50000000000003 64.600000000000009 60.550000000000004
decision_type=2 2 2 2 2 2 2 2 2 2 2 2 2 2
left_child=3 2 -2 5 -5 6 7 -1 9 10 -7 -6 -9 -11
right_child=1 -3 -4 4 11 8 -8 12 -10 13 -12 -13 -14 -15
leaf_value=-0.004526492437047119 -0.00035138980471208193 -0.0074123619628440138 -0.012348701863444484 0.0098965879542192627 -0.0018924787129277066 0.0044917065346811065 -0.0079207352270504391 -0.0026624479270346848 -8.7352639262884259e-05 0.0093824651873982302 -0.010638767101152222 0.0011613936842331117 0.00041998949878225547 0.002381899793637573
leaf_weight=201.38073423877358 669.8585437014699 43.503783114254475 13.339692920446394 31.666528970003128 235.71573562920094 11.774549052119257 58.545883618295193 256.57535506039858 4357.5302735865116 35.959200702607632 19.799199171364307 1680.6351848170161 783.67565064504743 367.66968346387148
leaf_count=1542 3425 217 73 195 1333 73 495 2175 21468 206 119 9486 5008 2177
internal_value=-7.11741e-06 -0.00113043 -0.000676564 9.47932e-05 0.000954938 -0.000180441 -0.00138273 -0.00104231 0.000146401 0.00246585 -0.00509892 0.000780772 -0.000347472 0.00311765
internal_weight=8767.63 726.702 683.198 8040.93 1948.02 6092.91 1300.18 1241.63 4792.73 435.203 31.5737 1916.35 1040.25 403.629
internal_count=47992 3715 3498 44277 11014 33263 9220 8725 24043 2575 192 10819 7183 2383
is_linear=0
shrinkage=0.02


Tree=295
num_leaves=15
num_cat=0
split_feature=0 0 0 22 3 3 1 3 24 0 20 21 0 21
split_gain=2.50935 2.71678 6.05873 5.25906 4.13981 5.17072 5.35898 4.64197 3.52339 3.24527 5.45682 6.25675 5.41367 8.39128
threshold=39.552361396303908 39.943874058863798 41.356605065023963 3.5000000000000004 74.40000000000002 81.050000000000011 1.5000000000000002 56.100000000000009 1.0000000180025095e-35 49.115674195756334 5.7161943874058876 1.1351220746642752 48.340862422997951 1.0925935103179449
decision_type=2 2 2 2 2 2 2 2 2 2 2 2 2 2
left_child=-1 8 3 4 7 -6 -7 -3 -2 12 11 -11 -4 -14
right_child=1 2 9 -5 5 6 -8 -9 -10 10 -12 -13 13 -15
leaf_value=-0.0044579625567966802 -0.0014374846142907109 -0.0088449591831770962 0.00060966217957899584 -0.014379908815206264 -0.012778426795457948 -0.007552266141079845 0.005937435896151531 0.0024022999527608907 0.0062847376713031922 -0.0091494685337038875 -8.8335852447050963e-06 -0.0014273181742649912 -0.0081368517369102365 0.0089641764173179726
leaf_weight=45.383278299123049 35.40275152400136 12.99502135440707 1500.5610524639487 12.21604000777006 23.176976159214973 19.624827846884727 17.620815917849541 74.452248219400644 56.077441785484552 45.883853118866682 6591.0685581341386 262.59807643294334 9.7443259954452497 59.586437843739986
leaf_count=380 375 163 9393 67 187 131 117 679 400 396 33768 1556 60 320
internal_value=-7.218e-06 1.82552e-05 -1.88178e-05 -0.00381367 -0.00248589 -0.00629325 -0.00117559 0.000321296 0.00335589 5.48828e-05 -0.000131765 -0.00270991 0.000874267 0.00614808
internal_weight=8766.39 8721.01 8629.53 160.086 147.87 60.4226 37.2456 87.4473 91.4802 8469.44 6899.55 308.482 1569.89 69.3308
internal_count=47992 47612 46837 1344 1277 435 248 842 775 45493 35720 1952 9773 380
is_linear=0
shrinkage=0.02


Tree=296
num_leaves=15
num_cat=0
split_feature=14 12 11 11 14 21 20 4 2 4 9 24 11 11
split_gain=2.47318 2.61353 3.06612 4.06852 4.33481 5.42518 4.11608 3.68539 3.44453 3.04943 2.74334 6.15076 5.79358 9.4683
threshold=2.2875939849624065 73.500000000000014 43.283037195056544 38.196169316682507 1.7110606060606062 2.177862571216179 8.8968377823408638 124.50000000000001 156.50000000000003 182.00000000000003 1.0000000180025095e-35 1.5000000000000002 26.488523975574783 33.69999127045606
decision_type=2 2 2 2 2 2 2 2 2 2 2 2 2 2
left_child=1 2 3 10 5 -5 -7 -4 -9 -3 -1 -12 -13 -14
right_child=-2 9 7 4 -6 6 -8 8 -10 -11 11 12 13 -15
leaf_value=1.5695245482074556e-05 -0.0061061233887689248 0.0040365004435944608 0.0018421323186643254 1.2459323454164164e-05 -0.0040484581546800721 0.0079101011230618898 -0.0030094222932020259 -0.011602717123725148 -0.0019654383443663197 -0.003659307818531216 -0.00402509204669841 -0.0033576730837653794 0.0062785003060599519 -0.0069973257080087094
leaf_weight=7885.6803456842899 21.519787259399891 112.46470698714256 30.760088324546814 92.644983597099781 29.668310791254044 97.449349775910378 13.004119634628294 23.225634969770908 38.002431996166706 20.61346073448658 207.27867479249835 74.312306120991707 96.691920801997185 22.678077392280102
leaf_count=42653 118 896 140 498 183 508 107 133 224 165 1260 434 544 129
internal_value=-7.60298e-06 1.06575e-05 -3.28642e-05 7.15199e-06 0.00258685 0.00363972 0.00653253 -0.00356887 -0.00625132 0.00274061 -6.65851e-05 -0.00166998 0.000878264 0.00356035
internal_weight=8765.99 8744.47 8611.4 8519.41 232.767 203.098 110.453 91.9882 61.2281 133.078 8286.64 400.961 193.682 119.37
internal_count=47992 47874 46813 46316 1296 1113 615 497 357 1061 45020 2367 1107 673
is_linear=0
shrinkage=0.02


Tree=297
num_leaves=15
num_cat=0
split_feature=20 14 7 3 6 2 20 0 0 20 2 6 12 11
split_gain=2.47043 2.41003 2.52369 5.87164 4.88656 6.19012 5.08839 5.65928 7.16372 4.76234 6.92506 6.03168 4.70782 4.41864
threshold=4.1803148528405218 2.2875939849624065 2.5000000000000004 94.500000000000014 2.5000000000000004 150.50000000000003 6.2411498973305966 52.376454483230667 51.355236139630399 7.0535112936344975 166.50000000000003 1.5000000000000002 49.500000000000007 29.327160493827162
decision_type=2 2 2 2 2 2 2 2 2 2 2 2 2 2
left_child=-1 2 4 13 -2 12 -7 8 -8 10 -5 -11 -6 -4
right_child=1 -3 3 9 5 6 7 -9 -10 11 -12 -13 -14 -15
leaf_value=-0.004191099207010161 1.3659412658332075e-05 -0.0059941834673602314 -0.0014690684106119722 0.008381112705794112 0.0031047965812885719 0.0071062210998674982 0.001972981848795804 0.0026647676025777227 -0.011059470783383443 -0.019609368925320999 -0.0069871561684662596 -0.004560639808426005 -0.012780634357788605 0.002149274750319351
leaf_weight=51.108442161232233 7485.4131547547877 21.576031506061554 440.15810130536556 16.512220188975334 9.2625730261206645 78.557383634150028 35.549112610518932 322.59253975003958 24.812252998352051 11.673164784908293 20.787216499447823 44.583757862448692 14.267034158110617 188.63213749974966
leaf_count=567 40446 118 2165 79 52 429 259 2176 159 63 97 268 98 1016
internal_value=-7.73518e-06 1.89595e-05 3.75516e-05 -0.00108994 0.000140604 0.00207547 0.00261308 0.00160651 -0.00378978 -0.00563096 0 -0.00906157 -0.00700895 -0.000372046
internal_weight=8765.49 8714.38 8692.8 722.347 7970.45 485.041 461.511 382.954 60.3614 93.5564 37.2994 56.2569 23.5296 628.79
internal_count=47992 47425 47307 3688 43619 3173 3023 2594 418 507 176 331 150 3181
is_linear=0
shrinkage=0.02


Tree=298
num_leaves=15
num_cat=0
split_feature=13 13 9 21 2 0 0 20 20 21 13 24 21 24
split_gain=2.49351 2.81665 2.86186 6.23109 4.30359 4.18286 7.50856 5.82635 8.45779 5.02532 4.49349 3.89788 3.47704 3.11691
threshold=138.66666666666671 122.83333333333336 1.0000000180025095e-35 1.1397661412004145 173.50000000000003 63.656399726214929 56.398357289527731 6.5844900752908968 6.704257357973991 1.4777807678200257 108.16666666666667 1.5000000000000002 1.6331776299528482 1.5000000000000002
decision_type=2 2 2 2 2 2 2 2 2 2 2 2 2 2
left_child=1 2 -1 -4 5 6 7 -5 -9 -10 12 -6 -8 -14
right_child=-2 -3 3 4 11 -7 10 8 9 -11 -12 -13 13 -15
leaf_value=5.130428711033706e-05 -0.0069281413632810386 0.003288400112811066 -0.0079219744872501968 -0.0030303080383912331 -0.0013710882807201948 0.0070227342016592658 -0.012117048245718623 0.017156620895450024 0.0065558904821215822 -0.0040581950981127251 0.0032947421077514812 0.0069243426074868421 -0.0086225782912650959 0.0013441991266924067
leaf_weight=8233.0439719185233 15.77926794439554 98.482560835778713 49.985202293843031 98.371108047664165 38.571994863450527 15.011479936540125 43.258765876293182 11.057547822594641 27.54090017080307 34.493848137557507 12.548192054033278 44.537850193679333 19.118609502911568 23.179202191531658
leaf_count=44599 121 809 424 556 212 81 213 54 163 203 96 251 87 123
internal_value=-8.04085e-06 8.16106e-06 -3.08292e-05 -0.001636 -0.000681275 -0.00185503 -0.00247558 7.54139e-05 0.00420725 0.000761707 -0.00674094 0.00319233 -0.00833556 -0.00355378
internal_weight=8764.98 8749.2 8650.72 417.675 367.689 284.58 269.568 171.463 73.0923 62.0347 98.1048 83.1098 85.5566 42.2978
internal_count=47992 47871 47062 2463 2039 1576 1495 976 420 366 519 463 423 210
is_linear=0
shrinkage=0.02


Tree=299
num_leaves=15
num_cat=0
split_feature=0 0 0 22 11 12 24 0 20 21 0 11 24 21
split_gain=2.40967 2.63687 5.85798 5.13256 3.66841 4.68517 3.39301 3.13734 5.26026 6.07886 5.1934 8.11888 4.96654 4.75817
threshold=39.552361396303908 39.943874058863798 41.356605065023963 3.5000000000000004 29.41126178592911 40.500000000000007 1.0000000180025095e-35 49.115674195756334 5.7161943874058876 1.1351220746642752 48.340862422997951 22.593845965958916 1.0000000180025095e-35 1.196087915296228
decision_type=2 2 2 2 2 2 2 2 2 2 2 2 2 2
left_child=-1 6 3 4 -3 -6 -2 10 9 -9 12 -12 -4 -14
right_child=1 2 7 -5 5 -7 -8 8 -10 -11 11 -13 13 -15
leaf_value=-0.0043741243714824785 -0.0014033770076092974 -0.00051542498337082607 -0.00076478386105112114 -0.014204934201868951 -0.011855803075310924 0.002186439804066772 0.0061774389828913399 -0.0090333368170448201 -9.9313781279358624e-06 -0.0014019480573879753 -0.0080432962624304976 0.0087862860569308306 9.9011632982676495e-06 0.0029527303700156177
leaf_weight=45.272537976503372 35.346645478159189 111.52716775983572 620.7286880351603 12.173053577542303 24.46189434081316 11.695003286004065 56.103984538465738 45.577356535941362 6590.1226321831346 262.35791190713644 9.7120424471795541 59.683622367680073 418.42637841776013 461.19253551214933
leaf_count=380 375 1035 4115 67 170 72 400 396 33768 1556 60 320 2621 2657
internal_value=-7.85346e-06 1.70824e-05 -1.94397e-05 -0.00375352 -0.00244199 -0.00755139 0.00330578 5.29906e-05 -0.000130551 -0.00266414 0.000858668 0.0060218 0.000599321 0.00156308
internal_weight=8764.38 8719.11 8627.66 159.857 147.684 36.1569 91.4506 8467.8 6898.06 307.935 1569.74 69.3957 1500.35 879.619
internal_count=47992 47612 46837 1344 1277 242 775 45493 35720 1952 9773 380 9393 5278
is_linear=0
shrinkage=0.02


Tree=300
num_leaves=15
num_cat=0
split_feature=13 4 14 20 0 0 11 21 14 0 0 20 0 20
split_gain=2.41443 3.42834 3.44362 4.34476 6.34777 3.00076 2.65019 3.89307 5.16372 5.23848 5.15521 3.49908 3.17086 3.10418
threshold=138.66666666666671 169.50000000000003 2.0054347826086958 9.7872689938398363 58.090349075975361 56.108145106091726 43.283037195056544 2.2964526082413825 1.7110606060606062 62.20533880903492 61.800136892539363 7.017056810403834 63.774127310061608 8.1857357973990439
decision_type=2 2 2 2 2 2 2 2 2 2 2 2 2 2
left_child=1 6 3 -3 5 -5 7 -1 9 -9 -10 -8 -11 -13
right_child=-2 2 -4 4 -6 -7 11 8 10 12 -12 13 -14 -15
leaf_value=-5.2737505133852749e-05 -0.0068060253737665041 0.0092769635290820517 -0.0038274437158834712 0.0009098010736774603 0.0051147469553770985 -0.013577222496016821 0.00073450107506479231 0.0091118497743730362 -0.012621666048581384 -0.0059321592570619388 0.0042691070559874814 -0.010475040329212494 0.0046073491323006524 -0.00020900818662209593
leaf_weight=8423.4822173863649 15.849739924073218 42.209635302424431 18.601103760302067 8.3120403513312358 42.145755641162395 8.8877214863896352 43.542004443705082 56.793761797249317 9.6931174322962779 16.742820896208286 10.311263732612131 28.607194639742374 19.013794869184494 19.082876063883305
leaf_count=45743 121 358 137 68 348 70 211 320 61 95 70 150 111 129
internal_value=-8.08213e-06 7.88782e-06 0.00329447 0.00473609 0.0010054 -0.00785798 -3.95361e-05 -2.09223e-06 0.00361217 0.00558392 -0.00472262 -0.00334001 -0.000400964 -0.00681476
internal_weight=8763.28 8747.43 120.156 101.555 59.3455 17.1998 8627.27 8536.04 112.555 92.5504 20.0044 91.2321 35.7566 47.6901
internal_count=47992 47871 981 844 486 138 46890 46400 657 526 131 490 206 279
is_linear=0
shrinkage=0.02


Tree=301
num_leaves=15
num_cat=0
split_feature=21 2 6 4 12 0 0 4 2 20 0 0 3 21
split_gain=2.39022 2.48676 4.57995 6.36134 4.96315 5.08386 3.84913 4.014 3.56914 4.46015 3.34866 8.81049 6.33651 5.24187
threshold=0.82999756013193193 159.50000000000003 2.5000000000000004 130.50000000000003 49.500000000000007 55.527720739219724 64.149212867898711 129.50000000000003 154.50000000000003 8.9727720739219716 49.115674195756334 47.393566050650243 81.050000000000011 1.0242139001846218
decision_type=2 2 2 2 2 2 2 2 2 2 2 2 2 2
left_child=-1 2 -2 -4 -5 -6 10 -8 9 -7 11 -3 -13 -12
right_child=1 6 3 4 5 8 7 -9 -10 -11 13 12 -14 -15
leaf_value=-0.0050855996621405573 -0.00090015090109781654 0.00010573388765599616 0.0041703311034224141 0.0092885053501727613 -0.0089783731977779863 -0.010488324932514132 0.00075655268906582368 0.0082535881390077333 0.0033237210241400909 0.0034896120658164023 -0.0066953405086463691 0.0019389056553587411 0.0078927024193136928 -3.8822058876732186e-05
leaf_weight=31.93137115240097 1981.9467146284878 1096.335601374507 172.60911706089973 9.6215317994356138 33.905589953064919 17.254193700850013 75.382907181978226 42.863096654415131 45.492791347205639 11.910471454262732 42.796867534518242 245.83671876788139 99.717395573854446 4855.3609839081764
leaf_count=378 10834 7282 922 64 235 116 321 291 341 94 289 1393 543 24889
internal_value=-8.132e-06 1.31086e-05 -0.000554907 0.00176683 -0.00175404 -0.00311618 0.000213583 0.00371498 -3.23168e-05 -0.0050461 0.000145089 0.000990608 0.00375078 -0.000104158
internal_weight=8762.97 8731.03 2272.74 290.794 118.185 108.563 6458.29 118.246 74.6575 29.1647 6340.05 1441.89 345.554 4898.16
internal_count=47992 47614 12606 1772 850 786 35008 612 551 210 34396 9218 1936 25178
is_linear=0
shrinkage=0.02


Tree=302
num_leaves=15
num_cat=0
split_feature=7 3 20 20 11 6 11 22 0 20 9 0 21 20
split_gain=2.39394 4.80115 5.15992 4.63945 7.12658 5.85558 4.6082 4.39351 7.07864 5.59334 6.67509 5.94112 5.2806 5.32289
threshold=2.5000000000000004 94.500000000000014 5.1918822724161542 7.0535112936344975 34.626429756045233 1.5000000000000002 36.221251957181565 1.5000000000000002 39.943874058863798 5.7800958247775496 1.0000000180025095e-35 49.671457905544152 1.0114473425558173 6.104503764544833
decision_type=2 2 2 2 2 2 2 2 2 2 2 2 2 2
left_child=7 2 -2 4 -3 -5 -4 9 -9 10 -1 12 13 -11
right_child=1 3 6 5 -6 -7 -8 8 -10 11 -12 -13 -14 -15
leaf_value=-0.0010060493945121009 -0.0077415907198570633 -0.0088928618268909864 -0.00032732612913132962 -0.018826318889916222 0.0068313745290285686 -0.0041859463796551496 0.0094641351609597319 0.0096241162280891052 0.00074766127310111426 0.004482961684128893 -0.0076992321811189569 -8.0369186548354891e-05 0.0029917493785912947 -0.010407495520174358
leaf_weight=1239.7787768319249 31.621839307248592 14.727603301405905 585.68767073750496 11.916753083467482 22.725596591830254 45.170260787010193 14.872886225581167 31.725304901599884 1914.4900010898709 11.748518370091917 57.947539024055004 4356.8342428579926 403.23280515521765 19.898514330387115
leaf_count=8725 176 68 2941 64 109 271 86 195 10819 73 495 21468 2383 119
internal_value=-7.86495e-06 -0.00110329 -0.000453213 -0.00518907 0.000281936 -0.0085443 -5.39637e-06 9.15778e-05 0.000917673 -0.000172654 -0.00133486 0.000142749 0.0023581 -0.00496761
internal_weight=8762.38 726.723 632.182 94.5402 37.4532 57.087 600.561 8035.66 1946.22 6089.44 1297.73 4791.71 434.88 31.647
internal_count=47992 3715 3203 512 177 335 3027 44277 11014 33263 9220 24043 2575 192
is_linear=0
shrinkage=0.02


Tree=303
num_leaves=15
num_cat=0
split_feature=10 13 1 22 11 11 11 11 13 2 3 3 7 20
split_gain=2.34667 4.00344 4.40206 5.04192 3.90146 6.20562 5.265 7.17518 5.12916 4.75705 5.34559 6.76279 4.80002 4.87637
threshold=1.0000000180025095e-35 112.50000000000001 1.5000000000000002 1.5000000000000002 29.499273257084344 29.034263797737456 33.026561594524559 34.626429756045233 97.500000000000014 160.50000000000003 66.750000000000014 62.45000000000001 2.5000000000000004 6.9201232032854216
decision_type=2 2 2 2 2 2 2 2 2 2 2 2 2 2
left_child=1 4 -3 -4 5 9 -6 -8 -7 10 11 -1 -11 -14
right_child=-2 2 3 -5 6 8 7 -9 -10 12 -12 -13 13 -15
leaf_value=-0.002194233388340714 -0.00017370226257473965 -0.0060755447665380513 0.00755933521869362 -0.0054499562709733242 0.0045596093434263213 -0.0014813281409718642 -0.0045737939827105514 0.002795534036299019 -0.014789856022567755 0.0017732033327423813 -0.0064812864743875763 0.0051714020463213871 -0.0076385678645954913 0.0025307453660544034
leaf_weight=173.26391108334064 6979.0510945245624 65.519314430654049 22.567944914102554 16.20634414255619 228.27656999230385 34.260548293590546 75.667866453528404 148.14230541884899 13.926381230354307 807.3228394985199 63.542412132024765 64.208296924829483 40.7580281868577 28.385664217174053
leaf_count=958 38602 515 181 129 1156 159 373 761 82 4118 319 324 179 136
internal_value=-8.00244e-06 0.00063848 -0.00307083 0.00207477 0.000878688 0.000287495 0.00245644 0.000249798 -0.00639398 0.000588497 -0.00156036 -0.000128875 0.00133344 -0.00354764
internal_weight=8761.1 1782.05 104.294 38.7743 1677.75 1225.67 452.087 223.81 48.1869 1177.48 301.015 237.472 876.467 69.1437
internal_count=47992 9390 825 310 8565 6275 2290 1134 241 6034 1601 1282 4433 315
is_linear=0
shrinkage=0.02


Tree=304
num_leaves=15
num_cat=0
split_feature=0 0 0 22 3 3 1 3 24 3 0 0 20 21
split_gain=2.34096 2.52041 5.60935 5.00537 3.96701 5.07303 5.16506 4.49879 3.19845 2.96383 3.07007 2.9443 4.99727 5.88071
threshold=39.552361396303908 39.943874058863798 41.356605065023963 3.5000000000000004 74.40000000000002 81.050000000000011 1.5000000000000002 56.100000000000009 1.0000000180025095e-35 67.950000000000017 39.757700205338814 49.115674195756334 5.7161943874058876 1.1351220746642752
decision_type=2 2 2 2 2 2 2 2 2 2 2 2 2 2
left_child=-1 8 3 4 7 -6 -7 -3 9 -2 -11 -4 13 -13
right_child=1 2 11 -5 5 6 -8 -9 -10 10 -12 12 -14 -15
leaf_value=-0.0043162118640834267 -0.0069384852923728485 -0.0086992701412314938 0.00083241137541437658 -0.014011621612976156 -0.012564401072917064 -0.0073519694017360592 0.0059092927890740813 0.0024042494479832887 0.0060157250714933117 0.0096749694662152819 -0.0033197583005874832 -0.0088896053602692225 -8.7703401031289692e-06 -0.0013598030221676123
leaf_weight=45.167610563337803 15.252890497446058 12.87253528088331 1568.4639985188842 12.123777665197847 23.007171034812927 19.5014468729496 17.594061672687531 74.426647555083036 56.164273787289858 9.3013834133744258 10.704382434487341 45.198463179171085 6589.4414163604379 262.00413521379232
leaf_count=380 193 163 9773 67 187 131 117 679 400 85 97 396 33768 1556
internal_value=-8.1249e-06 1.64326e-05 -1.9276e-05 -0.003677 -0.00238205 -0.00612129 -0.00105995 0.000362771 0.00323215 -0.00134862 0.00336845 5.15479e-05 -0.000126224 -0.00259869
internal_weight=8761.22 8716.06 8624.63 159.526 147.402 60.1027 37.0955 87.2992 91.4229 35.2587 20.0058 8465.11 6896.64 307.203
internal_count=47992 47612 46837 1344 1277 435 248 842 775 375 182 45493 35720 1952
is_linear=0
shrinkage=0.02


Tree=305
num_leaves=15
num_cat=0
split_feature=20 14 12 11 3 11 21 2 2 21 20 3 22 11
split_gain=2.30989 2.32755 2.85233 2.924 4.03534 5.30113 8.65818 6.16868 4.83842 5.32522 4.06641 4.00699 2.83771 4.79872
threshold=4.1803148528405218 2.1602564102564106 73.500000000000014 43.283037195056544 103.50000000000001 34.93322733432624 1.6628624813392483 170.50000000000003 164.50000000000003 2.2964526082413825 7.5079260780287482 130.50000000000003 3.5000000000000004 27.337776069033286
decision_type=2 2 2 2 2 2 2 2 2 2 2 2 2 2
left_child=-1 2 3 4 -2 6 -6 8 10 -10 -7 -5 13 -4
right_child=1 -3 12 11 5 7 -8 -9 9 -11 -12 -13 -14 -15
leaf_value=-0.0040649861774776424 -3.2303222228555801e-05 -0.0042554102180825159 0.0064344491606312974 -0.0055676999128323303 0.006687867000809115 0.0092498400141401999 -0.010132988053425744 0.0091182192267294047 -0.0055303176360829267 0.007268769453126424 -0.0024084624333431327 0.0038895920700037193 0.0086747094164471347 -0.0021631644852299322
leaf_weight=50.796322785317898 8242.5360420644283 45.693206988275051 38.419873334467411 72.247371487319469 16.288549534976482 32.81861274689436 24.582127325236797 61.194997429847717 47.037076130509377 12.538138814270495 14.616077266633509 19.171331852674484 23.037738986313343 59.881151512265205
leaf_count=567 44532 250 313 387 91 159 136 348 253 76 103 104 178 495
internal_value=-8.47639e-06 1.72699e-05 4.24747e-05 -1.40673e-06 3.7846e-05 0.00274889 -0.00338736 0.00430618 0.00125231 -0.00245142 0.0057323 -0.00346482 0.00302562 0.00132655
internal_weight=8760.86 8710.06 8664.37 8543.03 8451.61 209.076 40.8707 168.205 107.01 59.5752 47.4347 91.4187 121.339 98.301
internal_count=47992 47425 47175 46189 45698 1166 227 939 591 329 262 491 986 808
is_linear=0
shrinkage=0.02


Tree=306
num_leaves=15
num_cat=0
split_feature=13 4 14 20 0 0 10 13 13 0 11 11 2 2
split_gain=2.33063 3.27979 3.30685 4.26063 6.13524 2.90004 2.52089 5.58369 4.2271 4.15975 3.82852 6.96448 6.09977 4.81487
threshold=138.66666666666671 169.50000000000003 2.0054347826086958 9.7872689938398363 58.090349075975361 56.108145106091726 1.0000000180025095e-35 112.50000000000001 109.16666666666667 64.305270362765242 29.395454305989968 29.034263797737456 151.50000000000003 153.50000000000003
decision_type=2 2 2 2 2 2 2 2 2 2 2 2 2 2
left_child=1 6 3 -3 5 -5 7 8 9 10 11 -1 -12 -14
right_child=-2 2 -4 4 -6 -7 -8 -9 -10 -11 12 -13 13 -15
leaf_value=0.000272585788226749 -0.0066749134339200312 0.009161303335750319 -0.0037388324556369957 0.00089903485470187899 0.0050181107418268232 -0.013323200897330374 -0.00021165270551944075 -0.0044516567756143115 0.0067804795975612668 0.0089751731303211943 0.010407535840735133 -0.0082624019602354944 -0.0065284492218327548 0.0020372559506762196
leaf_weight=1141.6205877326429 15.92536351829767 41.908884912729263 18.659175328910351 8.3064736872911471 41.945974536240101 8.9707149937748891 6872.3711215369403 77.230107210576534 42.431394129991531 19.061909437179565 28.469800546765327 34.561028897762299 23.215847469866276 385.83540662378073
leaf_count=5790 121 358 137 68 348 70 37742 600 333 95 142 171 111 1906
internal_value=-8.10417e-06 7.61611e-06 0.00322697 0.00464662 0.000956173 -0.00772861 -3.871e-05 0.000637042 0.000885382 0.000710729 0.000584448 -1.04274e-05 0.00217021 0.00147331
internal_weight=8760.51 8744.59 119.791 101.132 59.2232 17.2772 8624.8 1752.43 1675.2 1632.76 1613.7 1176.18 437.521 409.051
internal_count=47992 47871 981 844 486 138 46890 9148 8548 8215 8120 5961 2159 2017
is_linear=0
shrinkage=0.02


Tree=307
num_leaves=15
num_cat=0
split_feature=7 21 22 0 0 20 20 14 14 20 0 20 0 11
split_gain=2.27411 4.70497 4.23501 6.76317 5.38624 4.06287 4.08932 3.87471 7.17998 4.65361 6.34371 4.38661 4.15285 4.39689
threshold=2.5000000000000004 2.5422109608276444 1.5000000000000002 39.943874058863798 43.804243668720062 5.1918822724161542 5.466036960985627 1.703921078921079 1.6474730737365371 9.3071868583162232 61.553730321697479 8.9503901437371685 49.115674195756334 23.147701634739175
decision_type=2 2 2 2 2 2 2 2 2 2 2 2 2 2
left_child=2 5 4 -4 -1 -2 -7 8 9 11 -11 12 -5 -14
right_child=1 -3 3 7 -6 6 -8 -9 -10 10 -12 -13 13 -15
leaf_value=-0.0020915740422879441 -0.0069879336936607452 -0.010938915534554165 0.0094040180913168188 0.0027952409033214286 1.3260176176055446e-05 0.0073736266803368965 -0.00073688441832457402 -0.0013868952189719955 0.0060699328949404335 0.0028773262668938654 -0.014520751385208981 0.0090200127647061465 -0.0028848763721496902 0.00069201460389035473
leaf_weight=527.72748924419284 35.202641330659389 13.910437688231466 31.780508741736412 311.13418763875961 5559.9333903826773 20.824422635138035 656.71849250793457 287.43692585080862 104.27362543344498 12.578652493655683 13.381133347749708 21.301802858710289 153.93684580922127 1009.9454853907228
leaf_count=4382 193 75 195 1672 28881 96 3351 1906 798 105 112 172 788 5266
internal_value=-7.91918e-06 -0.00107562 8.90188e-05 0.000900167 -0.000170442 -0.000805472 -0.000432486 0.000733789 0.00111287 0.000753255 -0.0069228 0.000910372 0.000761826 0.000206902
internal_weight=8760.09 726.656 8033.43 1945.77 6087.66 712.746 677.543 1913.99 1626.55 1522.28 25.9598 1496.32 1475.02 1163.88
internal_count=47992 3715 44277 11014 33263 3640 3447 10819 8913 8115 217 7898 7726 6054
is_linear=0
shrinkage=0.02


Tree=308
num_leaves=15
num_cat=0
split_feature=18 18 18 22 3 3 3 2 22 18 20 21 18 11
split_gain=2.26704 2.4296 5.3818 4.89853 3.87066 4.92837 4.38729 3.01197 3.00464 2.82039 4.82803 5.70036 4.8244 7.8031
threshold=15.64389293897788 15.955130767043284 17.103687843783224 3.5000000000000004 74.40000000000002 87.500000000000014 56.100000000000009 167.50000000000003 1.5000000000000002 24.123494535776413 5.7161943874058876 1.1351220746642752 23.368389816731717 22.593845965958916
decision_type=2 2 2 2 2 2 2 2 2 2 2 2 2 2
left_child=-1 8 3 4 6 -6 -3 -7 -2 12 11 -11 -4 -14
right_child=1 2 9 -5 5 7 -8 -9 -10 10 -12 -13 13 -15
leaf_value=-0.0042519201104226443 0.00065090602325267369 -0.0085932312063396032 0.00056450472417210451 -0.01384194520808611 -0.010265469779975334 -0.0055633462875791309 0.0023959269103786453 0.0063610387455961571 0.0083012657283177502 -0.0087706194742783756 -7.9854551150174861e-06 -0.0013379036905685161 -0.0079924903773278735 0.0084941115615110446
leaf_weight=45.058859415352345 65.262520972639322 12.776495564728974 1498.6855451352894 12.074787221848963 35.845289800316095 10.815210804343225 74.423963721841574 13.259812727570532 26.10178317129612 44.898076336830854 6588.9219070672989 261.81810790300369 9.6959976665675622 59.835915580391884
leaf_count=380 618 163 9393 67 282 67 679 86 157 396 33768 1556 60 320
internal_value=-7.76268e-06 1.63784e-05 -1.86726e-05 -0.0036051 -0.00232443 -0.00602477 0.000385426 0.000899944 0.0031746 5.06366e-05 -0.000123361 -0.00255557 0.000814956 0.00578633
internal_weight=8759.47 8714.42 8623.05 159.196 147.121 59.9203 87.2005 24.075 91.3643 8463.86 6895.64 306.716 1568.22 69.5319
internal_count=47992 47612 46837 1344 1277 435 842 153 775 45493 35720 1952 9773 380
is_linear=0
shrinkage=0.02


Tree=309
num_leaves=15
num_cat=0
split_feature=13 4 14 20 18 18 9 14 20 21 2 18 20 13
split_gain=2.25487 3.15537 3.18538 4.14875 5.95491 2.80787 2.5193 5.50395 5.59377 4.49661 4.39151 4.85668 11.1115 8.51257
threshold=138.66666666666671 169.50000000000003 2.0054347826086958 9.7872689938398363 33.744886576426289 31.481239491202011 1.0000000180025095e-35 1.3755733944954132 5.6294455852156071 1.1171005696926202 173.50000000000003 31.232873811033016 6.5844900752908968 101.16666666666667
decision_type=2 2 2 2 2 2 2 2 2 2 2 2 2 2
left_child=1 6 3 -3 5 -5 -1 8 -8 -9 11 12 -11 -14
right_child=-2 2 -4 4 -6 -7 7 9 -10 10 -12 -13 13 -15
leaf_value=3.9240516245043862e-05 -0.0065546181865924306 0.0090431713849229971 -0.003655200241614566 0.00089336504513345917 0.0049490042656760201 -0.013079146513034075 -0.0047121947033572217 -0.0084048822477500694 0.010599084980570305 -0.0045579900291139392 0.0025623537510387558 -0.0055579473150915082 0.014988199649529086 0
leaf_weight=8207.5268831513822 15.995262183248995 41.60629503428936 18.717444129288197 8.3037401959300059 41.802801094949245 9.0518608465790731 10.755382567644117 37.671926740556955 22.877151817083359 87.88764625787735 78.673651948571205 121.08072967082262 21.371453464031219 35.809842839837074
leaf_count=44432 121 358 137 68 348 70 78 330 114 512 443 642 106 233
internal_value=-8.01147e-06 7.47614e-06 0.00316915 0.00456858 0.000930915 -0.00759994 -3.79086e-05 -0.00154671 0.00567475 -0.00225188 -0.00146343 -0.00268613 -0.000170542 0.00636506
internal_weight=8759.13 8743.14 119.482 100.765 59.1584 17.3556 8623.65 416.128 33.6325 382.495 344.823 266.15 145.069 57.1813
internal_count=47992 47871 981 844 486 138 46890 2458 192 2266 1936 1493 851 339
is_linear=0
shrinkage=0.02


Tree=310
num_leaves=15
num_cat=0
split_feature=21 2 0 0 23 2 20 19 20 0 0 4 10 19
split_gain=2.22187 2.34645 3.83884 5.34786 6.71463 5.74477 6.23505 3.9502 3.79828 6.48074 3.68186 3.92089 3.76041 6.08469
threshold=0.82999756013193193 159.50000000000003 60.703627652292958 63.582477754962362 1.0000000180025095e-35 157.50000000000003 8.7378370978781685 5.3507044539722557 9.0366050650239576 58.328542094455862 64.149212867898711 129.50000000000003 1.0000000180025095e-35 6.0360599490580276
decision_type=2 2 2 2 2 2 2 2 2 2 2 2 2 2
left_child=-1 2 8 4 5 6 7 -4 -2 -10 -3 12 -12 -14
right_child=1 10 3 -5 -6 -7 -8 -9 9 -11 11 -13 13 -15
leaf_value=-0.0049184743745449636 -0.0010701750671217789 0.00014036366387281741 -0.00044659863729044994 -0.0016793312316822977 -0.0029747724215146553 -0.0013346671203775457 -0.0017095266909507227 0.0097483564876425129 -0.0022226636920519832 0.011950142085599205 0.0074931826578894844 0.008134210642438678 0.0045492573839038706 -0.0075630830204012484
leaf_weight=31.703920610249043 1820.1373640298843 6337.5162644796073 16.67149356752634 154.85030546784401 55.118495084345341 46.385232299566269 27.930735595524311 106.78099881857634 24.33619025349617 19.324746549129486 18.569091215729713 42.647605486214161 26.853160262107849 29.906291753053665
leaf_count=378 10064 34396 78 845 306 242 217 504 193 157 85 291 111 125
internal_value=-7.88124e-06 1.25353e-05 -0.000539369 0.0012062 0.00297916 0.00468083 0.00652056 0.00839223 -0.000924518 0.00459259 0.000207314 0.0036356 0.000716016 -0.00189592
internal_weight=8758.73 8727.03 2271.54 407.737 252.887 197.768 151.383 123.452 1863.8 43.6609 6455.49 117.976 75.3285 56.7595
internal_count=47992 47614 12606 2192 1347 1041 799 582 10414 350 35008 612 321 236
is_linear=0
shrinkage=0.02


Tree=311
num_leaves=15
num_cat=0
split_feature=14 7 2 6 13 20 0 20 11 4 11 3 20 2
split_gain=2.2026 2.34655 5.27236 4.58432 6.19726 9.70158 6.00358 4.95208 8.50441 4.99631 4.83787 9.24375 4.40716 6.43187
threshold=2.2875939849624065 2.5000000000000004 176.50000000000003 2.5000000000000004 102.83333333333336 8.3241957563312816 54.079397672826836 9.3071868583162232 27.822597634473002 164.50000000000003 28.731834188907118 92.100000000000009 6.7533470225872696 159.50000000000003
decision_type=2 2 2 2 2 2 2 2 2 2 2 2 2 2
left_child=1 3 -3 -1 6 10 -5 -7 -9 -10 -6 -12 13 -8
right_child=-2 2 -4 4 5 7 12 8 9 -11 11 -13 -14 -15
leaf_value=-1.2970616969700656e-05 -0.0057417010651970067 -0.00061509997032932809 -0.007464820255032545 0.007937919576548453 0.00035750590012952266 0.0073392383286264755 0.0054961461166145014 0.010073936822039555 -0.01518780075253178 0.0020194403202644733 -0.012347676085758865 0.0023567977682648574 0.003353388105921219 -0.0095402861877490544
leaf_weight=7527.1127040982246 21.714459843933582 680.84520589932799 43.346103966236115 93.675225369632244 52.880837768316269 60.966134712100029 14.291302606463431 10.271985083818437 12.075150132179262 9.1287332400679571 45.475246198475361 23.434373095631599 138.70805066823959 24.234929457306862
leaf_count=40994 118 3485 216 516 360 498 72 92 105 80 311 167 859 119
internal_value=-7.51951e-06 9.78005e-06 -0.0010762 0.000108797 0.00198299 -0.000548992 0.00396617 0.0041993 -0.00200003 -0.0087316 -0.00419231 -0.00749886 0.00169577 -0.00392595
internal_weight=8758.16 8736.45 724.191 8012.25 485.142 214.232 270.91 92.442 31.4759 21.2039 121.79 68.9096 177.234 38.5262
internal_count=47992 47874 3701 44173 3179 1613 1566 775 277 185 838 478 1050 191
is_linear=0
shrinkage=0.02


Tree=312
num_leaves=15
num_cat=0
split_feature=20 13 2 11 20 2 24 14 13 20 11 11 2 24
split_gain=2.19625 2.21193 6.78142 4.2275 4.66731 5.21626 3.55743 3.20255 2.53133 3.6756 2.75949 4.47362 3.42418 3.50871
threshold=4.1803148528405218 76.833333333333357 169.50000000000003 29.034263797737456 5.1266940451745384 161.50000000000003 1.0000000180025095e-35 2.2875939849624065 92.500000000000014 7.6841067761806991 31.956778086999226 37.382066363433701 164.50000000000003 1.5000000000000002
decision_type=2 2 2 2 2 2 2 2 2 2 2 2 2 2
left_child=-1 2 3 4 5 -2 -5 8 9 10 -3 12 13 -12
right_child=1 7 -4 6 -6 -7 -8 -9 -10 -11 11 -13 -14 -15
leaf_value=-0.0039719022119905582 0.0075341514703693817 -0.0012145057504487351 0.0099706162387974643 0.011874602861477188 -0.0049514691735145699 -0.0036743597154383803 8.9934645044950962e-05 -0.0072954139181869958 0.00015828566142329971 0.0043949469939532342 0.0024996769987788081 -0.0041087653712481012 0.0072477622682056847 -0.0059395678330500688
leaf_weight=50.546414036303759 31.603027816861868 1375.1778233088553 30.949777375906706 15.2554689720273 65.706553742289543 25.961657609790564 21.592513591051102 19.20343255251646 6869.5795311070979 49.386157065629959 95.848497860133648 43.43670243024826 44.102301813662052 19.497439846396446
leaf_count=567 279 8099 203 95 365 216 102 105 36777 220 466 201 211 86
internal_value=-7.47978e-06 1.75706e-05 0.00211796 0.000332029 -0.00146637 0.00255749 0.00585255 -3.05337e-05 -9.59901e-06 -0.000717792 -0.000892436 0.00125767 0.00281223 0.000869032
internal_weight=8757.85 8707.3 191.069 160.119 123.271 57.5647 36.848 8516.23 8497.03 1627.45 1578.06 202.885 159.448 115.346
internal_count=47992 47425 1260 1057 860 495 197 46165 46060 9283 9063 964 763 552
is_linear=0
shrinkage=0.02


Tree=313
num_leaves=15
num_cat=0
split_feature=13 4 14 20 0 21 10 13 4 3 0 21 11 21
split_gain=2.18759 3.031 3.01479 4.07994 5.74052 2.7128 2.44369 5.35808 4.06795 5.57604 3.68965 3.60801 3.54939 3.9898
threshold=138.66666666666671 169.50000000000003 2.0054347826086958 9.7872689938398363 58.090349075975361 1.6789033534095226 1.0000000180025095e-35 112.50000000000001 148.50000000000003 62.850000000000009 64.149212867898711 0.82999756013193193 33.132884571542036 1.6282532456058145
decision_type=2 2 2 2 2 2 2 2 2 2 2 2 2 2
left_child=1 6 3 -3 5 -5 7 8 10 -10 -1 -8 13 -9
right_child=-2 2 -4 4 -6 -7 11 12 9 -11 -12 -13 -14 -15
leaf_value=0.00053208304560088031 -0.0064456431137298129 0.0089327836792801995 -0.0035123425069764585 0.00090488242203341264 0.0048439698948322457 -0.01281068874338359 -0.007031219700024416 -0.0048661206217432409 -0.0061724550547856295 0.0084917123516587839 0.0071606623682545735 -0.00017544314621435891 -0.010230050752569086 0.0054995007236497903
leaf_weight=1587.4243002571166 16.058843247592449 41.326750874519348 18.812361158430576 8.2581192404031771 41.586698092520237 9.1758259832859022 25.865987565368414 36.812928788363934 8.8635708466172201 48.646580122411251 29.431307204067707 6844.3177651204169 22.578966416418552 18.092029258608818
leaf_count=7936 121 358 137 66 348 72 318 286 67 401 144 37424 175 139
internal_value=-7.18472e-06 8.09306e-06 0.0031109 0.00447934 0.000875647 -0.00747105 -3.63353e-05 0.000629095 0.000872849 0.00588671 0.000675678 -0.00020664 -0.00434759 -0.00124317
internal_weight=8757.25 8741.19 119.16 100.347 59.0206 17.4339 8622.03 1751.85 1674.37 57.5102 1616.86 6870.18 77.4839 54.905
internal_count=47992 47871 981 844 486 138 46890 9148 8548 468 8080 37742 600 425
is_linear=0
shrinkage=0.02


Tree=314
num_leaves=15
num_cat=0
split_feature=0 0 0 22 3 3 1 3 24 3 0 0 0 20
split_gain=2.16665 2.39366 5.15972 4.78437 3.76369 4.83136 4.93267 4.22449 2.94483 2.87472 2.97161 2.77811 6.20827 5.18481
threshold=39.552361396303908 39.943874058863798 41.356605065023963 3.5000000000000004 74.40000000000002 81.050000000000011 1.5000000000000002 56.100000000000009 1.0000000180025095e-35 67.950000000000017 39.757700205338814 49.671457905544152 51.642710472279269 6.5299247091033541
decision_type=2 2 2 2 2 2 2 2 2 2 2 2 2 2
left_child=-1 8 3 4 7 -6 -7 -3 9 -2 -11 -4 13 -13
right_child=1 2 11 -5 5 6 -8 -9 -10 10 -12 12 -14 -15
leaf_value=-0.0041614098042475206 -0.0068022543369544606 -0.0084460622534478069 0.00075177563932516344 -0.013663424409407113 -0.01224302742851751 -0.0071595741228755814 0.005811607699051962 0.0023681443359371062 0.0058158119248867659 0.0095453024140534359 -0.0032435027586468434 -0.0027582783226096268 8.6685228901083893e-05 0.00087538523916162909
leaf_weight=44.937083892524242 15.098429854959248 12.65026795119047 1774.9865907281637 12.025820232927797 22.775560118257999 19.414025388658047 17.58274956792593 74.465010967105627 56.234745740890503 9.3503085821867007 10.654631271958349 583.00948167219758 5893.0119843967259 210.57343278825283
leaf_count=380 193 163 10927 67 187 131 117 679 400 85 97 3166 30120 1280
internal_value=-7.20001e-06 1.63734e-05 -1.84214e-05 -0.00353315 -0.00226812 -0.00592242 -0.000989408 0.000402858 0.00315158 -0.00125956 0.00336742 4.93986e-05 -0.000137174 -0.00179215
internal_weight=8756.77 8711.83 8620.49 158.913 146.888 59.7723 36.9968 87.1153 91.3381 35.1034 20.0049 8461.58 6686.59 793.583
internal_count=47992 47612 46837 1344 1277 435 248 842 775 375 182 45493 34566 4446
is_linear=0
shrinkage=0.02


Tree=315
num_leaves=15
num_cat=0
split_feature=11 21 21 11 0 0 3 0 3 3 4 3 14 20
split_gain=2.1376 4.88384 2.97297 3.39956 2.99176 2.93533 2.91817 4.28413 2.93366 4.17365 2.84126 3.58599 2.74791 2.55557
threshold=43.283037195056544 2.2319522899833122 2.2040798853542802 40.416051117596901 50.219028062970573 59.579739904175234 105.25000000000001 57.578370978781663 103.50000000000001 100.50000000000001 124.50000000000001 105.25000000000001 2.2875939849624065 8.3241957563312816
decision_type=2 2 2 2 2 2 2 2 2 2 2 2 2 2
left_child=1 2 3 12 -5 -4 8 -8 9 -3 -2 -12 -1 -13
right_child=10 6 5 4 -6 -7 7 -9 -10 -11 11 13 -14 -15
leaf_value=-2.8918942644789174e-05 0.0018922961611947293 0.0011498837842354652 0.0018834353984916094 0.00089237309769447069 0.011626928070937461 -0.009580150233557223 -0.0018155812511778772 0.010771424796999581 -0.0056665623140940155 0.011706378550762477 -0.01337368132445735 -0.0051535008953266237 -0.0066189417639632266 0.0032360646918710993
leaf_weight=8383.6568515859544 30.713539503514767 110.13828982412815 11.230613104999067 26.64827986061573 13.598625510931013 20.269281402230263 12.986045300960539 32.877573318779469 14.541126169264315 12.754137419164179 11.562423951923845 36.945130288600922 20.39118592813611 17.778037965297699
leaf_count=45869 140 647 60 148 72 116 79 199 84 76 65 203 110 124
internal_value=-7.44343e-06 2.62186e-05 -4.42979e-05 -1.94297e-05 0.0054476 -0.00574013 0.00321217 0.00734003 0.00161129 0.00267594 -0.00288603 -0.00510557 -4.90726e-05 -0.00235173
internal_weight=8756.09 8659.09 8475.79 8444.29 40.2469 31.4999 183.297 45.8636 137.434 122.892 96.9991 66.2856 8404.05 54.7232
internal_count=47992 47460 46375 46199 220 176 1085 278 807 723 532 392 45979 327
is_linear=0
shrinkage=0.02


Tree=316
num_leaves=15
num_cat=0
split_feature=3 14 0 0 12 11 0 1 2 0 5 22 14 2
split_gain=2.12148 3.88297 3.983 4.3437 4.04133 2.71753 2.6267 4.01611 4.95622 6.1354 5.77743 4.1953 4.65781 3.57453
threshold=50.350000000000009 1.770192606399503 44.127310061601655 62.142368240930871 48.500000000000007 20.073269535969903 62.090349075975361 1.5000000000000002 164.50000000000003 62.292950034223146 91.500000000000014 1.5000000000000002 1.8322510822510825 169.50000000000003
decision_type=2 2 2 2 2 2 2 2 2 2 2 2 2 2
left_child=1 2 -1 4 -4 -6 -2 8 9 -8 11 -11 -13 -10
right_child=6 -3 3 -5 5 -7 7 -9 13 10 -12 12 -14 -15
leaf_value=-0.0094681814251395026 -7.9631801507449085e-05 -0.011803066536186877 -0.00062718085109204978 -0.0084363445553318119 0.012558245082667988 0.00030579040908147601 0.0077394090667533069 -0.0006279327454288418 0.0070756201092984881 -0.0012165315803024416 -0.0089675975850291943 0.005047014268528909 -0.0068501800544104353 0.00043358826219345694
leaf_weight=15.123233657330273 7774.9848717674613 10.648482725024222 84.30296116322279 15.260394051671026 13.790589146316053 12.755411863327025 40.229379996657372 323.73038929700851 107.45264632999897 177.59017477929592 22.148092932999134 100.09344739466906 10.509947441518305 47.421914108097553
leaf_count=199 42602 73 539 72 74 72 214 1655 554 858 166 602 73 239
internal_value=-7.26844e-06 -0.00231231 -0.00120395 9.5138e-05 0.00160034 0.00771591 3.45072e-05 0.00110122 0.00220794 0.000856737 -0.000137685 0.000675443 0.00365181 0.00513153
internal_weight=8756.04 151.881 141.233 126.109 110.849 26.546 8604.16 829.176 505.446 350.571 310.342 288.194 110.603 154.875
internal_count=47992 1029 956 757 685 146 46963 4361 2706 1913 1699 1533 675 793
is_linear=0
shrinkage=0.02


Tree=317
num_leaves=15
num_cat=0
split_feature=7 21 1 14 12 22 0 20 9 0 21 20 14 11
split_gain=2.12205 4.56251 4.42801 4.21336 3.99734 3.97432 6.39545 5.11625 6.34479 5.55193 4.98413 5.16675 4.83481 4.22193
threshold=2.5000000000000004 2.5422109608276444 1.5000000000000002 1.6288018433179727 60.500000000000007 1.5000000000000002 39.943874058863798 5.7800958247775496 1.0000000180025095e-35 49.671457905544152 1.0114473425558173 6.104503764544833 1.7278338945005614 23.715726940804256
decision_type=2 2 2 2 2 2 2 2 2 2 2 2 2 2
left_child=5 2 -2 -4 -5 7 -7 8 12 10 11 -9 -1 -12
right_child=1 -3 3 4 -6 6 -8 9 -10 -11 13 -13 -14 -15
leaf_value=-0.0012129759480536987 0.00032020036343964549 -0.010733907446317938 -0.001543534838255781 -0.011503412553552035 0.00065933977878390759 0.0091350964630840595 0.00071046450093655163 0.0044776459345794144 -0.0075083432823875975 -7.91935145408638e-05 0.0076073600609519896 -0.010170841122092518 0.0050743530471706513 0.0019681087624211662
leaf_weight=1191.4698278047144 481.70976298302412 13.975449919700621 184.306531727314 32.590905118733644 14.017837479710577 31.840799622237682 1912.2423537299037 11.745259039103987 57.446234371513128 4355.2546871677041 59.997001945972443 20.008085623383522 46.028578482568264 342.92720232903957
leaf_count=8394 2475 75 897 175 93 195 10819 73 495 21468 333 119 331 2050
internal_value=-7.2973e-06 -0.00103871 -0.000772327 -0.0030184 -0.00809716 8.63825e-05 0.000872552 -0.000164976 -0.00127792 0.000136506 0.00227858 -0.00482606 -0.000958031 0.00289567
internal_weight=8755.56 726.6 712.625 230.915 46.6087 8028.96 1944.08 6084.88 1294.94 4789.93 434.678 31.7533 1237.5 402.924
internal_count=47992 3715 3640 1165 268 44277 11014 33263 9220 24043 2575 192 8725 2383
is_linear=0
shrinkage=0.02


Tree=318
num_leaves=15
num_cat=0
split_feature=0 0 0 22 3 3 1 3 24 3 0 0 0 19
split_gain=2.1116 2.27676 4.95818 4.68527 3.6512 4.70443 4.7896 4.07492 2.77162 2.80035 2.8829 2.72061 4.55174 7.54615
threshold=39.552361396303908 39.943874058863798 41.356605065023963 3.5000000000000004 74.40000000000002 81.050000000000011 1.5000000000000002 56.100000000000009 1.0000000180025095e-35 67.950000000000017 39.757700205338814 49.115674195756334 48.340862422997951 5.1048189397646508
decision_type=2 2 2 2 2 2 2 2 2 2 2 2 2 2
left_child=-1 8 3 4 7 -6 -7 -3 9 -2 -11 12 -4 -14
right_child=1 2 11 -5 5 6 -8 -9 -10 10 -12 -13 13 -15
leaf_value=-0.0041121147022843583 -0.0067080606815478104 -0.0083062116393010747 0.00055572740037880205 -0.013499858797090205 -0.012074504232360363 -0.007047479871110535 0.0057376515815405205 0.0023384502995977695 0.0056545944070052704 0.009402064384977751 -0.0031906955283464884 -0.00012245270659416648 -0.0079274095836250388 0.008284444413149232
leaf_weight=44.846779610961676 14.995050478726624 12.552018258720635 1497.7847480624914 11.989823013544081 22.65543569996953 19.372578650712967 17.591568909585476 74.512585733085871 56.29700780287385 9.4050177931785601 10.620454818010328 6892.2551679052413 9.6720751933753473 59.950856611132622
leaf_count=380 193 163 9393 67 187 131 117 679 400 85 97 35720 60 320
internal_value=-7.29026e-06 1.59635e-05 -1.79701e-05 -0.00346593 -0.00221462 -0.00581973 -0.000956595 0.000414334 0.00307398 -0.00121266 0.00334047 4.84746e-05 0.000799353 0.00562522
internal_weight=8754.5 8709.65 8618.34 158.674 146.684 59.6196 36.9641 87.0646 91.3175 35.0205 20.0255 8459.66 1567.41 69.6229
internal_count=47992 47612 46837 1344 1277 435 248 842 775 375 182 45493 9773 380
is_linear=0
shrinkage=0.02


Tree=319
num_leaves=15
num_cat=0
split_feature=13 13 1 11 20 11 3 20 9 3 21 12 11 21
split_gain=2.12219 2.26806 2.76221 6.0387 5.43967 5.14042 4.05521 2.63891 2.58917 7.04533 4.62687 3.32323 6.03816 5.54493
threshold=138.66666666666671 122.83333333333336 1.5000000000000002 33.23368542576241 9.2519507186858334 29.395454305989968 68.750000000000014 9.2519507186858334 1.0000000180025095e-35 61.100000000000009 1.1397661412004145 34.500000000000007 23.229444012384075 1.4744069453880517
decision_type=2 2 2 2 2 2 2 2 2 2 2 2 2 2
left_child=1 8 3 4 -3 -4 -6 -5 -1 -10 -11 13 -13 -12
right_child=-2 2 5 7 6 -7 -8 -9 9 10 11 12 -14 -15
leaf_value=5.0839532972230733e-05 -0.0063396900582459613 0.0044931779025619775 0.011708330239741894 -0.0021338799444792756 0.00077927477970442954 -0.001391643319125881 -0.016142756148605546 0.010362392603298421 -0.0091209571536595181 -0.00716115073888169 -0.0026768057231917777 0.0099044217142729672 -0.0013231963834181521 0.011821557797064937
leaf_weight=8225.1620031408966 16.120549038052559 10.785119354724886 24.304409615695477 7.3718552663922337 7.3831697553396252 18.226262211799622 12.586868740618227 16.454054206609726 39.165029015392065 34.257660493254662 16.060811594128609 15.4720546528697 292.74263863265514 18.501764006912708
leaf_count=44599 121 90 205 62 62 151 103 136 274 284 97 87 1632 89
internal_value=-7.51414e-06 7.55728e-06 0.00297099 -5.72332e-05 -0.00557473 0.0064965 -0.0109031 0.00672712 -2.72133e-05 -0.00155678 -0.000656711 8.12119e-05 -0.000604084 0.00554695
internal_weight=8754.59 8738.47 97.1117 54.5811 30.7552 42.5307 19.97 23.8259 8641.36 416.2 377.035 342.777 308.215 34.5626
internal_count=47992 47871 809 453 255 356 165 198 47062 2463 2189 1905 1719 186
is_linear=0
shrinkage=0.02


Tree=320
num_leaves=15
num_cat=0
split_feature=10 13 1 22 14 11 11 11 11 13 2 22 20 2
split_gain=2.07231 3.65922 4.09732 4.91341 4.70767 3.57508 5.84772 5.09735 6.89217 4.98025 4.47429 4.52892 6.8242 4.4493
threshold=1.0000000180025095e-35 112.50000000000001 1.5000000000000002 1.5000000000000002 1.57959714100065 29.499273257084344 29.034263797737456 33.026561594524559 34.626429756045233 97.500000000000014 160.50000000000003 7.5000000000000009 7.1108008213552365 175.50000000000003
decision_type=2 2 2 2 2 2 2 2 2 2 2 2 2 2
left_child=1 5 4 -4 -3 6 10 13 -9 -8 -1 -12 -13 -7
right_child=-2 2 3 -5 -6 7 9 8 -10 -11 11 12 -14 -15
leaf_value=-0.001527405153522665 -0.00016312347960941836 9.3354263728087126e-05 0.0074729671767927884 -0.0053739289936290124 -0.010243759172725627 0.0051337256931607697 -0.0013766003417788138 -0.004553603711541768 0.0026727410975504614 -0.014455508898427383 0.0016247016403270751 -0.0093657362999156075 0.00571433880290144 -0.0053828621617810013
leaf_weight=300.73598631843925 6973.5025375895202 30.160262994468212 22.446662917733192 16.246958129107952 35.863002747297287 214.64811559766531 34.215935073792934 75.641994379460812 147.78716807067394 14.026942029595373 831.05382557585835 31.080560691654682 13.777163624763487 13.188455231487749
leaf_count=1601 38602 223 181 129 292 1087 159 373 761 82 4228 134 71 69
internal_value=-7.32666e-06 0.000600368 -0.00293829 0.00203527 -0.00581934 0.000830714 0.000264824 0.00234262 0.000171383 -0.00621733 0.00055747 0.00128017 -0.00458549 0.00441386
internal_weight=8754.38 1780.87 104.717 38.6936 66.0233 1676.16 1224.89 451.266 223.429 48.2429 1176.65 875.912 44.8577 227.837
internal_count=47992 9390 825 310 515 8565 6275 2290 1134 241 6034 4433 205 1156
is_linear=0
shrinkage=0.02


Tree=321
num_leaves=15
num_cat=0
split_feature=20 22 22 9 3 18 14 21 8 11 20 18 18 13
split_gain=2.06315 3.61178 5.07298 2.38601 6.88888 5.94148 4.40933 5.34881 5.93385 6.61386 8.98903 5.32493 5.79494 5.2448
threshold=4.4299657768651617 1.5000000000000002 2.5000000000000004 1.0000000180025095e-35 61.100000000000009 21.276024475748894 1.4236111111111114 1.4744069453880517 1.0000000180025095e-35 26.185690935609717 7.4939767282683105 29.157043214847736 30.572346339061557 93.166666666666671
decision_type=2 2 2 2 2 2 2 2 2 2 2 2 2 2
left_child=1 -1 -3 -2 -5 -6 -7 8 13 10 -10 -9 -13 -8
right_child=3 2 -4 4 5 6 7 11 9 -11 -12 12 -14 -15
leaf_value=-0.0048246050713583247 0.00010522949696925144 0.0069894937132491761 -0.0063482790644781781 -0.0089837789761281726 -0.0059856261103532664 0.0072407154511540221 -0.0025827062498617924 0.0031697780212970954 -0.008760274219340513 0.0084904270803884494 0.0089220792936503101 -0.016017620199702216 -0.00277294018924915 0.012052000385375997
leaf_weight=82.724941350519657 8212.6869337335229 26.008464425802231 13.246587831526993 38.435972139239311 61.854310158640146 30.261087484657764 10.882883816957472 46.727941028773785 38.941276021301746 17.549924902617931 10.99886743724346 10.549248054623602 121.05472536385059 32.601984903216362
leaf_count=1065 44192 174 84 265 425 160 66 261 240 99 75 54 654 178
internal_value=-7.521e-06 -0.0025385 0.00223475 2.94596e-05 -0.00143173 -0.000559143 0.000561053 -0.000241978 0.00311638 -0.000644722 -0.00437193 -0.00237077 -0.00439668 0.00845951
internal_weight=8754.53 121.98 39.2551 8632.55 419.858 381.422 319.568 289.307 110.975 67.4901 49.9401 178.332 131.604 43.4849
internal_count=47992 1323 258 46669 2477 2212 1787 1627 658 414 315 969 708 244
is_linear=0
shrinkage=0.02


Tree=322
num_leaves=15
num_cat=0
split_feature=19 21 21 19 0 0 3 0 0 19 3 20 4 14
split_gain=2.04678 4.70024 2.89191 3.28793 2.91943 2.84296 2.83881 4.17748 2.88762 5.71548 2.77649 2.97826 6.33269 2.65284
threshold=18.734213090674938 2.2319522899833122 2.2040798853542802 16.334573321974457 50.219028062970573 59.579739904175234 105.25000000000001 57.578370978781663 57.578370978781663 16.334573321974457 130.50000000000003 8.1857357973990439 129.50000000000003 2.2875939849624065
decision_type=2 2 2 2 2 2 2 2 2 2 2 2 2 2
left_child=1 2 3 13 -5 -4 8 -8 -3 -10 11 12 -2 -1
right_child=10 6 5 4 -6 -7 7 -9 9 -11 -12 -13 -14 -15
leaf_value=-2.8416345393648639e-05 0.00087514746408230595 0.008574202584470619 0.0018519302652537479 0.00086377996458884669 0.011472371695260598 -0.0094271585713033117 -0.0017982894794142934 0.010633838789905724 0.0022130074893061454 -0.0090701808274085277 0.0031004168213668395 0.0017755341922681786 -0.011953313280878387 -0.006496221681681783
leaf_weight=8381.696235217154 24.743191838264465 15.263814114034174 11.21867047250271 26.629283055663109 13.560574300587176 20.333243429660797 12.99127998203039 32.714880704879761 105.618882201612 16.428870737552643 20.640259116888046 19.640402972698212 32.105028711259365 20.448142848908901
leaf_count=45869 113 84 60 148 72 116 79 199 627 96 115 134 170 110
internal_value=-7.4821e-06 2.54814e-05 -4.36574e-05 -1.91044e-05 0.00536082 -0.00565729 0.00315334 0.00723187 0.0015753 0.000381248 -0.00282244 -0.00453742 -0.00671803 -4.8249e-05
internal_weight=8754.03 8656.9 8473.89 8442.33 40.1899 31.5519 183.018 45.7062 137.312 122.048 97.1289 76.4886 56.8482 8402.14
internal_count=47992 47460 46375 46199 220 176 1085 278 807 723 532 417 283 45979
is_linear=0
shrinkage=0.02


Tree=323
num_leaves=15
num_cat=0
split_feature=13 4 13 0 0 12 11 21 13 20 11 20 3 3
split_gain=2.03966 2.90695 2.85369 3.6654 7.02463 2.42868 2.24227 3.43276 4.60338 3.21108 2.8741 2.83017 3.84736 2.79288
threshold=138.66666666666671 169.50000000000003 113.16666666666667 56.067077344284748 58.090349075975361 70.500000000000014 43.283037195056544 2.2964526082413825 111.16666666666667 7.017056810403834 40.416051117596901 8.1857357973990439 119.50000000000001 98.500000000000014
decision_type=2 2 2 2 2 2 2 2 2 2 2 2 2 2
left_child=1 6 -3 -4 -5 -6 7 -1 10 -8 13 12 -11 -9
right_child=-2 2 3 4 5 -7 9 8 -10 11 -12 -13 -14 -15
leaf_value=-4.8876773107772358e-05 -0.0062032638424851638 -0.0047437763010048936 0.0079096368363322182 -0.0097658569703464905 0.0097802705219546347 0.00057095725807478233 0.00083196966091648344 0.0031389945592301448 -0.0061543330579428481 -0.01503754692719351 0 -9.768022824177166e-05 -0.00065637580828659592 0.01181531832036121
leaf_weight=8415.3248048499227 16.201174058020115 12.201863981783388 48.590888381004333 14.017717480659483 15.664094366133211 28.342552281916142 43.529037348926067 40.114374078810215 13.042327754199503 16.324486047029499 32.792872801423073 19.156796269118786 12.62367834150791 26.040160685777664
leaf_count=45743 121 88 418 108 132 235 211 227 104 84 178 129 66 148
internal_value=-7.27775e-06 7.52289e-06 0.00305043 0.00413293 0.000561899 0.00455321 -3.59377e-05 -1.37177e-06 0.00340076 -0.00306539 0.00491491 -0.00637596 -0.00984547 0.0071726
internal_weight=8753.97 8737.77 118.817 106.615 58.0244 44.0066 8618.95 8527.31 111.99 91.634 98.9474 48.105 28.9482 66.1545
internal_count=47992 47871 981 893 475 367 46890 46400 657 490 553 279 150 375
is_linear=0
shrinkage=0.02


Tree=324
num_leaves=15
num_cat=0
split_feature=3 0 0 0 2 2 0 20 7 22 0 3 3 20
split_gain=2.02102 3.4316 5.04354 2.50714 4.19785 11.9532 6.09911 3.58529 3.34278 4.38802 5.72374 5.17551 9.85482 4.49026
threshold=50.350000000000009 45.436002737850792 49.82203969883642 62.872005475701584 164.50000000000003 166.50000000000003 63.500342231348398 7.039349760438057 2.5000000000000004 1.5000000000000002 49.321013004791247 66.750000000000014 73.100000000000009 5.7027789185489395
decision_type=2 2 2 2 2 2 2 2 2 2 2 2 2 2
left_child=1 -1 -3 8 6 -6 -5 -8 9 -2 11 13 -13 -11
right_child=3 2 -4 4 5 -7 7 -9 -10 10 -12 12 -14 -15
leaf_value=-0.0092735558970982856 -0.00021349019073008268 0.007259609541383316 -0.0026559968040853767 0.0054343420416956157 0.010239727331786476 0.00071254187382583279 -0.0089441058778420655 -0.00081103673833299251 -0.0014279851079341186 0.0096426927516608044 0.00029663107214622113 -0.0040005659186833197 0.0038184108268660378 0
leaf_weight=18.80445908382535 5578.3950107842684 19.846734754741192 113.02967453375459 56.320782341063023 64.639544188976288 222.08643727749586 18.960344076156616 255.910286270082 652.32490339875221 66.325175568461418 1344.9452655985951 83.833950988948345 231.82720594853163 26.457846634089947
leaf_count=233 30534 156 640 308 341 1169 82 1404 3292 376 7542 467 1284 164
internal_value=-7.22527e-06 -0.00225848 -0.000950916 3.3528e-05 0.00125574 0.0030059 -0.000275657 -0.00152896 -6.15398e-05 6.06535e-05 0.000932104 0.00299089 0.00170559 0.0070324
internal_weight=8753.71 151.681 132.876 8602.03 617.917 286.726 331.191 274.871 7984.11 7331.78 1753.39 408.444 315.661 92.783
internal_count=47992 1029 796 46963 3304 1510 1794 1486 43659 40367 9833 2291 1751 540
is_linear=0
shrinkage=0.02


Tree=325
num_leaves=15
num_cat=0
split_feature=0 0 0 22 3 3 3 0 24 3 0 0 6 14
split_gain=2.02076 2.21738 4.80191 4.57621 3.5488 4.58207 3.93432 2.85658 2.62423 2.72606 2.79797 2.60369 4.53058 6.01281
threshold=39.552361396303908 39.943874058863798 41.356605065023963 3.5000000000000004 74.40000000000002 87.500000000000014 56.100000000000009 40.297056810403838 1.0000000180025095e-35 67.950000000000017 39.757700205338814 49.115674195756334 2.5000000000000004 1.5174631108704484
decision_type=2 2 2 2 2 2 2 2 2 2 2 2 2 2
left_child=-1 8 3 4 6 -6 -3 -7 9 -2 -11 12 -4 -14
right_child=1 2 11 -5 5 7 -8 -9 -10 10 -12 -13 13 -15
leaf_value=-0.0040270049954382967 -0.0065996870437676205 -0.0081864110580943637 0.00050213119358601252 -0.013344536900735339 -0.0098582634485290185 0.0059963642020250318 0.0022976388609291486 -0.0056745721352384889 0.0055408647834522444 0.0092783196957027976 -0.0031290028578779411 -0.00011959529993455348 0.0096258866831655451 -0.00023399014556530783
leaf_weight=44.736380834132433 14.873844042420385 12.447521843016146 1474.3857933841646 11.940455682575701 35.438015040010214 14.014065228402616 74.58790373429656 10.020181387662886 56.34854082763195 9.4513583630323428 10.580230891704558 6891.5095368586481 46.842245042324066 46.141370616853237
leaf_count=380 193 163 9221 67 282 91 679 62 400 85 97 35720 250 302
internal_value=-6.9617e-06 1.57588e-05 -1.77192e-05 -0.0034133 -0.00217702 -0.00573683 0.000413229 0.000922433 0.00303464 -0.0011484 0.00332914 4.76279e-05 0.0007822 0.00495043
internal_weight=8753.32 8708.58 8617.33 158.448 146.508 59.4723 87.0354 24.0342 91.254 34.9054 20.0316 8458.88 1567.37 92.9836
internal_count=47992 47612 46837 1344 1277 435 842 153 775 375 182 45493 9773 552
is_linear=0
shrinkage=0.02


Tree=326
num_leaves=15
num_cat=0
split_feature=20 22 22 9 21 2 5 21 18 20 14 20 20 20
split_gain=1.99834 3.40497 4.84246 2.31106 6.62003 5.07063 5.7478 3.81627 3.68242 9.08631 4.71799 3.49989 5.42229 3.22786
threshold=4.4299657768651617 1.5000000000000002 2.5000000000000004 1.0000000180025095e-35 1.1171005696926202 160.50000000000003 99.500000000000014 1.7849926515665162 31.190046104020528 6.4339082819986322 1.5706605222734258 5.766475017111568 5.1918822724161542 6.6881177275838484
decision_type=2 2 2 2 2 2 2 2 2 2 2 2 2 2
left_child=1 -1 -3 -2 -5 8 7 11 9 -6 -10 12 -7 -13
right_child=3 2 -4 4 5 6 -8 -9 10 -11 -12 13 -14 -15
leaf_value=-0.0047314053894824707 0.00010386873565382363 0.0067466316412525219 -0.0062773600791474751 -0.0088687545844125977 -0.0088290219078786831 0.0061761667889569999 0.0091406599913534756 -0.0052135374964952918 -0.0020646167107344409 0.007342799192172309 -0.015881586645186491 0.005339282747137371 -0.007950786904723034 0
leaf_weight=82.301668778061867 8211.9843288064003 26.19437362998724 13.197893690317867 37.848262641578913 22.382202155888081 11.039043724536894 24.042423270642757 45.191868931055069 23.000344879925251 23.211192235350609 15.733474440872667 68.872307248413563 31.64663004130125 116.57315450906754
leaf_count=1065 44192 174 84 323 131 71 183 240 117 133 90 375 190 624
internal_value=-7.03986e-06 -0.00250081 0.00212249 2.93151e-05 -0.0014093 -0.00055935 0.000679321 -0.00020862 -0.00474323 -0.00064453 -0.00889679 0.000864807 -0.00399092 0.00206843
internal_weight=8753.22 121.694 39.3923 8631.53 419.541 381.693 297.365 273.323 84.3272 45.5934 38.7338 228.131 42.6857 185.445
internal_count=47992 1323 258 46669 2477 2154 1683 1500 471 264 207 1260 261 999
is_linear=0
shrinkage=0.02


Tree=327
num_leaves=15
num_cat=0
split_feature=13 4 13 0 0 12 11 21 13 20 11 20 3 3
split_gain=1.98209 2.79679 2.76511 3.5576 6.80254 2.37401 2.17511 3.32068 4.46865 3.0977 2.78114 2.73065 3.70318 2.72135
threshold=138.66666666666671 169.50000000000003 113.16666666666667 56.067077344284748 58.090349075975361 70.500000000000014 43.283037195056544 2.2964526082413825 111.16666666666667 7.017056810403834 40.416051117596901 8.1857357973990439 119.50000000000001 98.500000000000014
decision_type=2 2 2 2 2 2 2 2 2 2 2 2 2 2
left_child=1 6 -3 -4 -5 -6 7 -1 10 -8 13 12 -11 -9
right_child=-2 2 3 4 5 -7 9 8 -10 11 -12 -13 -14 -15
leaf_value=-4.7806212297005255e-05 -0.0061069500098133054 -0.004664137510327555 0.0078013665102792031 -0.009576561481079951 0.0096823101364898797 0.0005618238714715074 0.00081276816457310792 0.0030890510215507202 -0.0060489287669777759 -0.014742405710649352 0 -9.3855053377238856e-05 -0.00064262318553403555 0.011665267626753125
leaf_weight=8414.3965486958623 16.257865451276302 12.239923425018786 48.292769558727741 14.110337615013121 15.550934009253977 28.330757327377796 43.509051844477654 40.063787743449211 13.09708948433399 16.412547171115879 32.795877188444138 19.159566044807434 12.627977311611174 25.903668627142906
leaf_count=45743 121 88 418 108 132 235 211 227 104 84 178 129 66 148
internal_value=-7.19355e-06 7.41537e-06 0.00299569 0.00406571 0.000550787 0.00449466 -3.51643e-05 -1.09941e-06 0.0033469 -0.00301772 0.0048436 -0.00626443 -0.00966497 0.00706949
internal_weight=8752.75 8736.49 118.525 106.285 57.992 43.8817 8617.97 8526.26 111.86 91.7091 98.7633 48.2001 29.0405 65.9675
internal_count=47992 47871 981 893 475 367 46890 46400 657 490 553 279 150 375
is_linear=0
shrinkage=0.02


Tree=328
num_leaves=15
num_cat=0
split_feature=10 3 0 0 3 0 21 0 6 21 6 21 14 2
split_gain=1.97835 3.50948 3.89927 6.26452 7.77697 4.5223 6.2362 5.37308 4.56339 4.21427 4.24552 4.07595 4.1615 4.00474
threshold=1.0000000180025095e-35 55.100000000000009 42.410677618069819 48.009582477754968 79.970000000000013 57.969883641341553 1.3833404350305978 57.731690622861059 2.5000000000000004 1.4048954050530635 2.5000000000000004 1.564264319970895 1.5550505050505052 172.50000000000003
decision_type=2 2 2 2 2 2 2 2 2 2 2 2 2 2
left_child=1 -1 -3 4 -4 7 -7 8 13 -8 11 12 -11 -5
right_child=-2 2 3 5 -6 6 9 -9 -10 10 -12 -13 -14 -15
leaf_value=-0.0032745874925262058 -0.00015939630891049228 -0.0027795030693569538 0.0013164536379577305 0.001165061639026069 0.0094650531333370785 0.0084126558975317969 -0.008383121258635497 -0.0067297088478430397 -0.0043497251819208044 0.0062612500421284582 0.0062575094951261038 -0.00059456077162131497 -0.0014872835608595026 -0.0028821033322747346
leaf_weight=84.438934803009033 6971.7676294781268 109.33934477716684 133.11924673244357 642.99303548783064 69.6317398250103 50.224276013672352 12.509326741099356 44.308915711939335 79.285706385970116 80.397868439555168 62.546121537685394 263.72586796432734 38.078870251774788 110.12491625547409
leaf_count=512 38602 805 771 3156 383 231 58 212 424 340 400 1352 203 543
internal_value=-7.13823e-06 0.000586629 0.00078907 0.00104416 0.00428504 0.000554292 0.00204753 -0.000314507 6.27299e-05 0.00126064 0.00162652 0.000792487 0.00379526 0.00055552
internal_weight=8752.49 1780.72 1696.29 1586.95 202.751 1384.19 507.482 876.713 832.404 457.258 444.749 382.203 118.477 753.118
internal_count=47992 9390 8878 8073 1154 6919 2584 4335 4123 2353 2295 1895 543 3699
is_linear=0
shrinkage=0.02


Tree=329
num_leaves=15
num_cat=0
split_feature=20 13 2 11 21 2 20 24 11 11 14 6 18 20
split_gain=1.94152 2.18112 6.52394 4.04455 5.41393 4.47019 4.59307 3.49888 3.11689 3.75977 2.85967 2.4735 4.235 4.65093
threshold=4.1803148528405218 76.833333333333357 169.50000000000003 29.034263797737456 0.99823788246432177 166.50000000000003 5.5860095824777565 1.0000000180025095e-35 21.675032416684108 26.086123367498359 2.2875939849624065 2.5000000000000004 38.473956864326944 6.2315400410677624
decision_type=2 2 2 2 2 2 2 2 2 2 2 2 2 2
left_child=-1 2 3 4 -2 6 8 -5 -6 -10 11 -3 13 -13
right_child=1 10 -4 7 5 -7 -8 -9 9 -11 -12 12 -14 -15
leaf_value=-0.003754178564916302 0.0098868139384115164 -0.00013169732594672389 0.0097878919174104965 0.011695678751023184 -0.0062189362974090613 -0.011480160078962345 -0.0064190500549133949 3.4237461595646381e-05 0.0073740632222537086 -0.0030730118857933315 -0.0068651581021860362 0.0034899113489781546 0.0042586458536181624 -0.00033724626836419434
leaf_weight=49.965509545058012 10.151061389595268 7560.2680278010666 31.076719731092453 15.323121570050715 9.7863387465476972 14.940528430044649 34.317917250096798 21.612396955490112 37.153661206364632 16.761892654001713 19.424238070845604 152.45595080405474 128.51253809779882 650.46245804429054
leaf_count=567 125 40541 203 95 85 90 176 102 273 111 105 756 866 3897
internal_value=-6.97598e-06 1.6453e-05 0.00210186 0.000346019 -0.00141669 -0.00282544 -0.00099369 0.00573747 0.00215444 0.00410705 -3.13481e-05 -1.14501e-05 0.000957933 0.000404069
internal_weight=8752.21 8702.25 191.124 160.047 123.111 112.96 98.0198 36.9355 63.7019 53.9156 8511.12 8491.7 931.431 802.918
internal_count=47992 47425 1260 1057 860 735 645 197 469 384 46165 46060 5519 4653
is_linear=0
shrinkage=0.02


Tree=330
num_leaves=15
num_cat=0
split_feature=7 2 21 0 22 0 20 2 9 0 2 14 2 3
split_gain=1.95007 4.62038 5.55108 3.86595 3.59579 5.94801 4.83116 6.06673 6.417 5.20337 5.5926 4.79183 4.46025 4.1021
threshold=2.5000000000000004 176.50000000000003 2.5422109608276444 52.031485284052032 1.5000000000000002 39.943874058863798 5.7800958247775496 157.50000000000003 1.0000000180025095e-35 49.671457905544152 174.50000000000003 1.7791327913279134 154.50000000000003 64.600000000000009
decision_type=2 2 2 2 2 2 2 2 2 2 2 2 2 2
left_child=4 2 -2 -3 6 -6 7 11 13 10 -8 -1 -7 -9
right_child=1 3 -4 -5 5 12 9 8 -10 -11 -12 -13 -14 -15
leaf_value=-0.0050457679221937082 -0.00025901641343015734 -0.013406456483311893 -0.011329259616450317 -0.0015905236446587423 0.008784644551044378 -0.0018733064903056593 0.0030983838471087422 -0.002452342223503854 -0.0071189135858881307 -7.2046955776567775e-05 -0.0033905202553854612 0.0078674014230622237 0.0010381357273701699 0.00044730485788913683
leaf_weight=195.5436655767262 669.45913735404611 16.247191965579987 13.651546597480772 27.376695692539215 31.973513081669807 235.53954413533211 377.33786928653717 254.30015588924289 52.868041958659887 4354.4795347899199 57.197331570088863 7.7085514813661566 1675.8280062228441 782.47367617487907
leaf_count=1517 3425 81 73 136 195 1333 2237 2175 460 21468 338 60 9486 5008
internal_value=-6.74767e-06 -0.000995374 -0.000563869 -0.00695842 8.30934e-05 0.000831026 -0.00015605 -0.00123856 -0.000635468 0.000136767 0.00221085 -0.00436929 0.000674361 -0.000270358
internal_weight=8751.98 726.735 683.111 43.6239 8025.25 1943.34 6081.91 1292.89 1089.64 4789.01 434.535 203.252 1911.37 1036.77
internal_count=47992 3715 3498 217 44277 11014 33263 9220 7643 24043 2575 1577 10819 7183
is_linear=0
shrinkage=0.02


Tree=331
num_leaves=15
num_cat=0
split_feature=0 0 0 22 11 12 3 13 3 3 11 0 0 0
split_gain=1.94288 2.15532 4.55319 4.49322 3.53557 4.46019 3.04513 2.60107 2.80167 5.31125 3.21824 3.58487 3.30531 2.49611
threshold=39.552361396303908 39.943874058863798 41.356605065023963 3.5000000000000004 29.41126178592911 40.500000000000007 56.100000000000009 99.833333333333357 74.40000000000002 80.65000000000002 24.0576036891194 40.297056810403838 40.105407255304591 49.115674195756334
decision_type=2 2 2 2 2 2 2 2 2 2 2 2 2 2
left_child=-1 -2 3 4 6 -6 -3 8 10 -10 12 -12 -8 -4
right_child=1 2 13 -5 5 -7 7 -9 9 -11 11 -13 -14 -15
leaf_value=-0.0039543178113076562 0.0029934665006735779 -0.0080011797886722098 0.00076546802630280634 -0.013179642216154794 -0.011411500517324048 0.0022881870259008246 -0.010987771881704493 0.0069092687770435299 -0.012860685428562181 0.0051657464191432138 0.010248469296553262 -0.0021346451752744799 0.0014823230820084554 -0.00011779174945217364
leaf_weight=44.596827622503042 91.138535875827074 12.260605871677397 1566.1363114118576 11.892318382859228 23.98603430390358 11.667063042521475 7.9307779520750072 18.643932290375233 11.932109348475935 6.9388578608632079 18.805973909795288 12.617228727787731 21.38947881385684 6890.7718081846833
leaf_count=380 775 162 9773 67 170 72 83 114 113 55 170 120 218 35720
internal_value=-6.92564e-06 1.53233e-05 -1.76688e-05 -0.0033281 -0.00210396 -0.00714919 -0.000220075 0.0010719 -0.000598951 -0.00645493 0.00154244 0.00561094 -0.00294178 4.58986e-05
internal_weight=8750.71 8706.11 8614.97 158.064 146.172 35.6531 110.519 98.2584 79.6144 18.871 60.7435 31.4232 29.3203 8456.91
internal_count=47992 47612 46837 1344 1277 242 1035 873 759 168 591 290 301 45493
is_linear=0
shrinkage=0.02


Tree=332
num_leaves=15
num_cat=0
split_feature=13 4 14 0 0 14 2 10 13 13 0 2 11 11
split_gain=1.91431 2.70781 2.66691 3.21664 6.21684 2.23711 2.38912 2.14473 5.06482 3.96909 3.85378 3.71852 3.50109 6.5858
threshold=138.66666666666671 169.50000000000003 2.0054347826086958 56.067077344284748 58.090349075975361 1.7064765300059419 163.50000000000003 1.0000000180025095e-35 112.50000000000001 109.16666666666667 64.305270362765242 157.50000000000003 29.395454305989968 29.034263797737456
decision_type=2 2 2 2 2 2 2 2 2 2 2 2 2 2
left_child=1 7 3 -3 -5 -6 -7 8 9 10 12 -11 13 -1
right_child=-2 2 -4 4 5 6 -8 -9 -10 11 -12 -13 -14 -15
leaf_value=0.00024373414586877814 -0.0059921343850750913 0.0079243162176816703 -0.0032471094924912624 -0.0091808035387992964 0.0095877614009351984 0.0053827425764342426 -0.0049757544644818356 -0.00019426754618080802 -0.0042416652828179838 -0.0034817059653448018 0.0086455721883002771 0.0093497478531904526 0.0020547892068108757 -0.0080515919886086727
leaf_weight=1140.7409663833678 16.325916573405266 44.984886407852173 18.98676809668541 13.140317134559153 15.441816426813601 13.903338305652143 11.816879943013189 6865.445867434144 77.733728393912315 8.6690212935209257 18.864358864724636 33.291560813784599 436.79372229427099 34.604045316576958
leaf_count=5790 121 395 137 101 132 116 100 37742 600 66 95 267 2159 171
internal_value=-7.16896e-06 7.2108e-06 0.0029506 0.00425383 0.000767654 0.00463728 0.000523276 -3.4649e-05 0.000588934 0.000826549 0.000658003 0.00656774 0.000536858 -3.18715e-05
internal_weight=8750.74 8734.42 118.274 99.2872 54.3024 41.162 25.7202 8616.14 1750.7 1672.96 1631 41.9606 1612.14 1175.35
internal_count=47992 47871 981 844 449 348 216 46890 9148 8548 8215 333 8120 5961
is_linear=0
shrinkage=0.02


Tree=333
num_leaves=15
num_cat=0
split_feature=7 2 0 6 13 20 20 11 0 11 20 11 20 2
split_gain=1.87606 4.48161 3.75619 3.59875 6.32405 8.31462 6.36135 8.43968 6.00026 4.65176 4.3397 4.21702 4.03123 6.25521
threshold=2.5000000000000004 176.50000000000003 52.031485284052032 2.5000000000000004 102.83333333333336 8.3241957563312816 9.3071868583162232 27.822597634473002 54.079397672826836 28.731834188907118 9.9228473648186188 26.301053376215467 6.7533470225872696 159.50000000000003
decision_type=2 2 2 2 2 2 2 2 2 2 2 2 2 2
left_child=3 -2 -3 -1 8 9 -7 -8 -5 11 -9 -6 13 -10
right_child=1 2 -4 4 5 6 7 10 12 -11 -12 -13 -14 -15
leaf_value=-2.6501869517760439e-05 -0.00055156105559577863 -0.013203429766100967 -0.0015593960616775543 0.0077323006408030479 -0.003911350766978146 0.0072094703595068452 0.0089033015879395848 -0.016331678808323872 0.005430868099907075 -0.0074114047058688052 1.3071101884504606e-05 0.0066761488523201309 0.0030800869643796869 -0.0093988844383904556
leaf_weight=7538.5717074051499 683.20422219112515 16.252413153648376 27.389968872070312 93.120434559881687 32.763496227562428 60.575673051178455 10.431334406137468 11.053027324378492 14.25718532502651 69.060185417532921 10.493999704718588 19.998141944408417 138.88899313658476 24.298841640353203
leaf_count=41089 3498 81 136 516 221 499 94 95 72 478 92 139 863 119
internal_value=-6.97224e-06 -0.000976571 -0.00684822 8.11677e-05 0.0017422 -0.000809203 0.00358966 -0.00326084 0.003749 -0.00417677 -0.00979282 0.000297516 0.00149304 -0.00387531
internal_weight=8750.36 726.847 43.6424 8023.51 484.941 214.376 92.554 31.9784 270.565 121.822 21.547 52.7616 177.445 38.556
internal_count=47992 3715 217 44277 3188 1618 780 281 1570 838 187 360 1054 191
is_linear=0
shrinkage=0.02


Tree=334
num_leaves=15
num_cat=0
split_feature=3 14 0 0 12 11 0 3 0 6 7 1 13 14
split_gain=1.88294 3.8069 3.71092 4.22347 3.92041 2.62154 2.37973 4.94112 5.96496 6.95076 10.0749 5.18758 6.76766 4.91472
threshold=50.350000000000009 1.770192606399503 44.127310061601655 62.142368240930871 48.500000000000007 20.073269535969903 60.703627652292958 64.050000000000011 61.381245722108154 2.5000000000000004 2.5000000000000004 1.5000000000000002 86.500000000000014 1.6257530120481929
decision_type=2 2 2 2 2 2 2 2 2 2 2 2 2 2
left_child=1 2 -1 4 -4 -6 -2 11 -9 10 13 12 -8 -10
right_child=6 -3 3 -5 5 -7 7 8 9 -11 -12 -13 -14 -15
leaf_value=-0.0091446249509110466 -0.00010671014629822476 -0.011565998528372552 -0.0005580123858009979 -0.0082558614726467774 0.012425777421932691 0.00036149576243492805 -0.0037377155254487721 0.0062666459051728884 -0.0012361328848642414 0.0036352470451587035 -0.010271030232303335 -0.001084129873604592 0.0064632431977586502 0.0026739343029788289
leaf_weight=14.760367456823586 7318.9506193250418 10.668532904237507 84.151689559221268 15.258400499820707 13.773047097027304 12.763885870575903 27.100905284285545 55.556995563209057 606.16376096010208 152.66952758282423 38.936628088355064 77.521480552852154 163.96575140208006 157.76324841380119
leaf_count=199 40270 73 539 72 74 72 114 293 2822 1038 189 371 846 1020
internal_value=-6.97092e-06 -0.00218212 -0.00108442 0.000158026 0.00164185 0.00766375 3.23352e-05 0.000826464 0.000178253 -0.000204437 -0.000955032 0.00321146 0.00494772 -0.000413903
internal_weight=8750 151.376 140.707 125.947 110.689 26.5369 8598.63 1279.68 1011.09 955.533 802.864 268.588 191.067 763.927
internal_count=47992 1029 956 757 685 146 46963 6693 5362 5069 4031 1331 960 3842
is_linear=0
shrinkage=0.02


Tree=335
num_leaves=15
num_cat=0
split_feature=2 6 4 12 18 18 4 2 20 20 22 14 1 20
split_gain=1.88688 4.10586 6.00836 4.87279 4.76868 3.36615 3.82226 3.36568 4.31348 2.98877 5.81858 5.75057 4.51417 6.15016
threshold=159.50000000000003 2.5000000000000004 130.50000000000003 49.500000000000007 30.833277723667283 41.151215134449373 129.50000000000003 154.50000000000003 8.9727720739219716 6.260205338809036 1.5000000000000002 1.7791327913279134 1.5000000000000002 7.8143463381245732
decision_type=2 2 2 2 2 2 2 2 2 2 2 2 2 2
left_child=1 9 -3 -4 -5 -2 -7 8 -6 10 11 -1 -11 -14
right_child=5 2 3 4 7 6 -8 -9 -10 12 -12 -13 13 -15
leaf_value=-0.0034523384965939553 0.00010325236236447922 0.0040428987899942259 0.0092381318205960634 -0.0087193363256014792 -0.010248794526125959 0.00058102309107695778 0.0079180570687924726 0.0032109815379456007 0.0034779119842142797 6.5430813143741213e-05 0.0013554495381056552 0.0068730567984732717 -0.0066651296694809356 0.0040638426679270988
leaf_weight=473.03108397871256 6356.9912356100976 171.89746036380529 9.5821145474910718 34.139568373560905 17.369865715503696 75.109766259789467 42.227798812091351 45.236826315522194 11.895142965018747 1228.5299933850765 158.46725583076477 17.932885210961103 82.42477835714817 24.296832390129566
leaf_count=3194 34683 923 64 235 116 321 291 341 94 6271 808 121 377 153
internal_value=-6.99676e-06 -0.000502078 0.00169905 -0.00171846 -0.00306636 0.000166898 0.00345354 -6.53421e-05 -0.00491768 -0.000828305 -0.00193624 -0.00300567 -0.00028273 -0.00413205
internal_weight=8749.13 2274.8 290.121 118.224 108.641 6474.33 117.338 74.5018 29.265 1984.68 649.431 490.964 1335.25 106.722
internal_count=47992 12697 1773 850 786 35295 612 551 210 10924 4123 3315 6801 530
is_linear=0
shrinkage=0.02


Tree=336
num_leaves=15
num_cat=0
split_feature=14 12 22 11 3 2 21 11 3 3 4 4 21 14
split_gain=1.88857 2.55158 2.85096 4.70486 8.64751 6.01473 2.86029 2.36466 3.57417 3.39827 3.46808 3.32152 2.97538 6.41631
threshold=2.1602564102564106 73.500000000000014 3.5000000000000004 27.337776069033286 78.250000000000014 173.50000000000003 1.8449682589260454 43.283037195056544 124.50000000000001 130.50000000000003 129.50000000000003 135.50000000000003 2.2964526082413825 1.7110606060606062
decision_type=2 2 2 2 2 2 2 2 2 2 2 2 2 2
left_child=1 7 3 -3 -5 6 -6 8 12 10 -9 -12 -1 -14
right_child=-2 2 -4 4 5 -7 -8 9 -10 -11 11 -13 13 -15
leaf_value=-5.2276420751562625e-05 -0.0038392498102998492 0.0062427912245130749 0.0085265748110191133 -0.013556146852136708 -0.00088107761659977479 -0.010280288789443582 0.0095079459557841361 0.00090703087033090898 0.009405086480263886 0.0036168095435624458 -0.013598513635643177 -0.0028143437393121731 0.0052765309468962782 -0.0065645424444821156
leaf_weight=8366.0034612715244 46.133599292486906 38.00668278336525 22.809385262429714 14.332515478134153 15.474846385419367 7.346227414906024 22.40221444517374 24.745033748447895 11.165918998420237 19.371298842132092 18.834245033562183 29.731669738888741 93.749744899570942 17.856277875602245
leaf_count=45531 250 313 178 117 130 62 186 113 66 106 83 195 547 115
internal_value=-6.68263e-06 1.55995e-05 0.00284834 0.00115036 -0.00230031 0.0022216 0.00560903 -2.55379e-05 9.82494e-06 -0.00311962 -0.00504243 -0.00791281 -7.8503e-06 0.00316463
internal_weight=8747.96 8701.83 120.372 97.5625 59.5558 45.2233 37.8771 8581.46 8488.78 92.6822 73.3109 48.5659 8477.61 111.606
internal_count=47992 47742 986 808 495 378 316 46756 46259 497 391 278 46193 662
is_linear=0
shrinkage=0.02


Tree=337
num_leaves=15
num_cat=0
split_feature=0 0 0 22 11 12 3 13 3 3 11 0 0 0
split_gain=1.86536 2.09893 4.40443 4.38623 3.43888 4.33727 2.93676 2.52854 2.72499 5.20696 3.1287 3.45052 3.24092 2.4696
threshold=39.552361396303908 39.943874058863798 41.356605065023963 3.5000000000000004 29.41126178592911 40.500000000000007 56.100000000000009 99.833333333333357 74.40000000000002 80.65000000000002 24.0576036891194 40.297056810403838 40.105407255304591 49.115674195756334
decision_type=2 2 2 2 2 2 2 2 2 2 2 2 2 2
left_child=-1 -2 3 4 6 -6 -3 8 10 -10 12 -12 -8 -4
right_child=1 2 13 -5 5 -7 7 -9 9 -11 11 -13 -14 -15
leaf_value=-0.0038778045355134976 0.0029530730447497305 -0.0078754624909118127 0.00076080945330780317 -0.01302129524179756 -0.011270421881689714 0.0022516389028967151 -0.010905411388907825 0.0068213176810771204 -0.012761746499562729 0.0050987077250625925 0.010049984184443887 -0.0020933999656576976 0.0014616186038836022 -0.00011782241211745454
leaf_weight=44.511978078633547 91.203473538160324 12.158529926091431 1565.931891232729 11.853787466883658 23.853960260748863 11.658183820545672 7.8646346777677563 18.588920004665852 11.820479333400728 6.9591235071420661 18.923696205019954 12.589394256472586 21.407631441950798 6888.3010266497731
leaf_count=380 775 162 9773 67 170 72 83 114 113 55 170 120 218 35720
internal_value=-6.63175e-06 1.51528e-05 -1.74243e-05 -0.00327725 -0.0020665 -0.00705191 -0.000208057 0.00105803 -0.000588515 -0.00637869 0.0015188 0.00552161 -0.00290895 4.50389e-05
internal_weight=8747.63 8703.11 8611.91 157.678 145.825 35.5121 110.312 98.1539 79.565 18.7796 60.7854 31.5131 29.2723 8454.23
internal_count=47992 47612 46837 1344 1277 242 1035 873 759 168 591 290 301 45493
is_linear=0
shrinkage=0.02


Tree=338
num_leaves=15
num_cat=0
split_feature=13 11 2 2 2 24 2 0 5 14 12 11 21 21
split_gain=1.86244 1.96703 3.50623 5.86996 4.51102 3.17563 3.94756 3.07786 2.99502 2.89868 3.65728 2.63468 5.51591 8.27661
threshold=138.66666666666671 20.450141799056251 163.50000000000003 169.50000000000003 157.50000000000003 1.5000000000000002 179.50000000000003 59.730321697467495 59.500000000000007 2.2875939849624065 73.500000000000014 27.337776069033286 1.8123998665202941 1.7108347802264541
decision_type=2 2 2 2 2 2 2 2 2 2 2 2 2 2
left_child=1 2 4 -4 -1 6 7 -5 -3 10 -10 -12 13 -13
right_child=-2 8 3 5 -6 -7 -8 -9 9 -11 11 12 -14 -15
leaf_value=0.00043992875971669192 -0.0059028456382634546 0.0083337384802745045 0.0037175323619821044 -0.010640797603403784 -0.0080042492388759275 0.0026686407509465965 0.0031778573674015325 0.0012772389076884871 1.0847155258225341e-05 -0.00722317885493286 0.007034205008022547 0.0024538121859424317 0.0056989484487826869 -0.015538696309971272
leaf_weight=41.341866448521614 16.37898388504982 12.470359575003384 83.847502715885639 37.630181714892387 56.675395216792822 20.159390553832054 12.205578308552502 9.2704896256327611 8319.2958201505244 16.89746767282486 44.83340498059988 24.234422996640205 41.17003570497036 11.253464445471762
leaf_count=293 121 74 538 285 405 117 74 42 44962 92 365 200 335 89
internal_value=-6.87783e-06 7.32548e-06 -0.00168548 0.000123247 -0.00457475 -0.00365005 -0.00587642 -0.00835042 6.07135e-05 4.33625e-05 6.24136e-05 0.00343768 0.00100785 -0.00441668
internal_weight=8747.66 8731.29 261.13 163.113 98.0173 79.2656 59.1062 46.9007 8470.15 8457.68 8440.79 121.491 76.6579 35.4879
internal_count=47992 47871 1754 1056 698 518 401 327 46117 46043 45951 989 624 289
is_linear=0
shrinkage=0.02


Tree=339
num_leaves=15
num_cat=0
split_feature=7 3 20 11 20 2 6 0 20 6 20 0 0 3
split_gain=1.83814 4.50522 4.67805 4.38573 4.35678 7.00913 5.65432 3.7079 3.47153 3.33857 5.61571 6.72467 6.01345 4.68442
threshold=2.5000000000000004 94.500000000000014 5.1918822724161542 36.221251957181565 7.0535112936344975 166.50000000000003 1.5000000000000002 55.626283367556475 5.4305407255304594 2.5000000000000004 6.2411498973305966 52.376454483230667 51.355236139630399 63.20000000000001
decision_type=2 2 2 2 2 2 2 2 2 2 2 2 2 2
left_child=9 2 -2 8 5 -3 -6 -8 -4 -1 -11 12 -12 -13
right_child=1 4 3 -5 6 -7 7 -9 -10 10 11 13 -14 -15
leaf_value=-2.3224645434241741e-05 -0.0073245174882646874 0.0087847354214512195 0.0077203464475312346 0.0093431005175446426 -0.018188094331365805 -0.0066493773697122033 0.0047536985818680292 -0.0069154884875248833 -0.00052180220827429259 0.0063541143135044578 0.00023730476428361906 0.0072828496523588476 -0.0117111066694475 0.00079158554900531043
leaf_weight=7536.5115974545479 31.148855876177549 16.615064442157745 16.184554405510426 14.791565559804438 12.053957507014273 20.823134645819664 10.79682970792055 34.661054216325283 569.61749040335417 80.170629158616066 36.761819772422314 48.001862466335297 25.324545554816723 293.79578962177038
leaf_count=41089 176 80 76 86 64 97 65 206 2865 442 268 299 161 2018
internal_value=-6.85434e-06 -0.000966703 -0.00033631 8.03014e-05 -0.00491432 0.000381139 -0.00814824 -0.00390786 -0.000227292 8.04103e-05 0.00168179 0.000683087 -0.00511615 0.00180084
internal_weight=8747.26 726.693 631.742 600.594 94.95 37.4382 57.5118 45.4579 585.802 8020.57 484.055 403.884 62.0864 341.798
internal_count=47992 3715 3203 3027 512 177 335 271 2941 44277 3188 2746 429 2317
is_linear=0
shrinkage=0.02


Tree=340
num_leaves=15
num_cat=0
split_feature=10 13 1 22 14 13 0 11 11 11 11 11 11 20
split_gain=1.83225 3.47183 3.883 4.80502 4.59253 3.40083 3.74033 3.48313 6.31199 4.30003 4.53943 3.74955 6.39121 3.97182
threshold=1.0000000180025095e-35 112.50000000000001 1.5000000000000002 1.5000000000000002 1.57959714100065 109.16666666666667 64.305270362765242 29.395454305989968 29.034263797737456 28.784192521916321 28.140628386340087 33.026561594524559 34.626429756045233 5.5064065708418903
decision_type=2 2 2 2 2 2 2 2 2 2 2 2 2 2
left_child=1 5 4 -4 -3 6 7 8 9 10 -1 -9 -13 -14
right_child=-2 2 3 -5 -6 -7 -8 11 -10 -11 -12 12 13 -15
leaf_value=0.00038022564653815937 -0.00015334836104318161 0.00015587090580574268 0.0073780992977312901 -0.0053348536643230008 -0.010025944077778308 0.0060506000419063089 0.008514866724295982 0.0037877209817400487 -0.0079042113480457098 0.010055264594393829 -0.0049590499816428617 -0.0046152741190677747 -0.006088902974962309 0.0037340575778660452
leaf_weight=1066.4453997910023 6967.4318848177791 30.222713306546211 22.31448208540678 16.263718634843826 36.08681458234787 42.906777448952198 18.780920960009098 225.97748136520386 34.611109428107738 12.497935794293879 62.710342310369015 70.730443254113197 14.1286638751626 125.85329270362854
leaf_count=5423 38602 223 181 129 292 342 95 1119 171 64 310 339 70 632
internal_value=-6.76902e-06 0.000564837 -0.00287888 0.00197553 -0.00567167 0.000789646 0.000632025 0.000512973 -5.37866e-05 0.000215896 6.13779e-05 0.00202745 8.6339e-05 0.00255302
internal_weight=8746.96 1779.53 104.888 38.5782 66.3095 1674.64 1631.74 1612.95 1176.26 1141.65 1129.16 436.69 210.712 139.982
internal_count=47992 9390 825 310 515 8565 8223 8128 5968 5797 5733 2160 1041 702
is_linear=0
shrinkage=0.02


Tree=341
num_leaves=15
num_cat=0
split_feature=2 19 0 2 20 20 20 14 20 3 20 21 19 2
split_gain=1.83626 5.75959 5.74222 9.93131 4.9077 4.45533 4.31096 4.30349 7.24755 6.1456 6.2267 12.2599 5.91482 7.69503
threshold=164.50000000000003 4.3206524823316563 62.525667351129371 169.50000000000003 6.7439698836413422 5.5186310746064349 7.6647227926078036 1.6238207547169814 5.7800958247775496 56.100000000000009 5.9420533880903497 1.4901874449360875 14.589473504920932 157.50000000000003
decision_type=2 2 2 2 2 2 2 2 2 2 2 2 2 2
left_child=1 4 -2 -4 5 -1 -5 8 -3 -10 11 -11 -12 -14
right_child=2 7 3 6 -6 -7 -8 -9 9 10 12 -13 13 -15
leaf_value=-0.0064090102316890938 7.8270244503325201e-05 -0.0023999689571274473 0.0063031832447941949 -0.0055633651711986956 -0.0088325158345526379 0.0026709408765169997 0.0014623191940099773 0.00089662001760479771 0.0034535429827535235 -0.00082917186698417593 -0.0008525319573251443 0.013843680498053748 -0.00069761537723019322 0.0086107534546989786
leaf_weight=31.340143468230963 4187.6958168186247 662.78021024167538 158.34830837696791 46.114073537290096 52.058654591441154 48.432996302843094 105.3411263525486 1101.6541274897754 180.6887384057045 59.529938288033009 1944.3538862988353 31.157646715641022 79.460333675146103 57.765265956521034
leaf_count=383 22782 4382 826 194 259 283 600 6432 917 315 9726 149 422 322
internal_value=-6.60626e-06 -0.000304775 0.000274684 0.0028799 -0.00434226 -0.00104028 -0.000773463 -0.000169907 -0.000561012 -3.81765e-05 -0.0003368 0.00465106 -0.000565687 0.00337165
internal_weight=8746.72 4249.22 4497.5 309.804 131.832 79.7731 151.455 4117.39 3015.74 2352.96 2172.27 90.6876 2081.58 137.226
internal_count=47992 23590 24402 1620 925 666 794 22665 16233 11851 10934 464 10470 744
is_linear=0
shrinkage=0.02


Tree=342
num_leaves=15
num_cat=0
split_feature=14 12 22 11 3 2 11 3 3 4 20 11 2 9
split_gain=1.81457 2.37447 2.817 4.47706 8.26734 5.82696 2.31601 3.48255 3.2975 3.33631 4.48162 2.34093 2.19846 2.03395
threshold=2.1602564102564106 73.500000000000014 3.5000000000000004 27.337776069033286 78.250000000000014 173.50000000000003 43.283037195056544 124.50000000000001 130.50000000000003 129.50000000000003 8.1857357973990439 42.271997665331959 163.50000000000003 1.0000000180025095e-35
decision_type=2 2 2 2 2 2 2 2 2 2 2 2 2 2
left_child=1 6 3 -3 -5 -6 7 11 9 -8 -11 13 -2 -1
right_child=12 2 -4 4 5 -7 8 -9 -10 10 -12 -13 -14 -15
leaf_value=4.4491546763704426e-05 0.0011439376699437923 0.006067505661798157 0.0084126024551563778 -0.013230025535482595 0.0055158417177549402 -0.010101161091035258 0.0008637675618257825 0.00929488912870227 0.0035553924322377136 -0.011667559363136718 0.00056406974009541827 0.0059482609976134219 -0.0070539827532961645 -0.0013988611784255857
leaf_weight=8048.7644090726972 19.633964020758867 37.658956721425056 22.651022754609585 14.483902290463446 37.695351712405682 7.4032205715775481 24.732855118811131 11.131433039903639 19.346391163766384 32.020893722772598 16.611553981900215 21.322321861982346 26.577016040682793 405.380998454988
leaf_count=43661 108 313 178 117 316 62 113 66 106 167 111 121 142 2411
internal_value=-6.33246e-06 1.55273e-05 0.0027535 0.00106879 -0.00228481 0.00216002 -2.40834e-05 1.0925e-05 -0.00308571 -0.0049776 -0.00778918 -6.50549e-06 -0.00376021 -2.52675e-05
internal_weight=8745.41 8699.2 119.892 97.2414 59.5825 45.0986 8579.31 8486.6 92.7117 73.3653 48.6324 8475.47 46.211 8454.15
internal_count=47992 47742 986 808 495 378 46756 46259 497 391 278 46193 250 46072
is_linear=0
shrinkage=0.02


Tree=343
num_leaves=15
num_cat=0
split_feature=13 4 3 11 21 11 11 12 0 9 3 0 20 0
split_gain=1.80044 2.44971 2.63239 4.21531 5.14891 7.73268 3.29649 3.19279 6.74574 2.01097 6.56773 3.4944 4.46019 3.46757
threshold=138.66666666666671 169.50000000000003 65.15000000000002 33.23368542576241 1.7349634007424106 31.104500931434412 23.334793563870971 81.500000000000014 56.146475017111577 1.0000000180025095e-35 61.100000000000009 46.125941136208084 5.0103627652292957 48.340862422997951
decision_type=2 2 2 2 2 2 2 2 2 2 2 2 2 2
left_child=1 9 6 4 7 -6 -3 8 -4 -1 -11 12 -12 -13
right_child=-2 2 3 -5 5 -7 -8 -9 -10 10 11 13 -14 -15
leaf_value=3.6938289213341031e-05 -0.0057944518098453227 -0.00056154978323333035 0.011638926149988332 0.0064607934248440855 0.0031077284966497054 -0.01844747494138315 0.014920289894041983 -0.0044000739402773941 -0.0054934690497226591 -0.0087119902898001172 0.0036482510993698244 0.0070735883070203965 -0.0074123806325169959 -0.00026292223568193015
leaf_weight=8196.7868944965303 16.44356182962656 8.037277929484846 19.480541519820694 35.268385507166386 9.6890527084469813 9.668928347527979 9.1480566561222059 15.505444444715975 10.763649120926855 38.850059557706118 16.260862562805414 23.242838270962238 48.754045277833939 287.33501400798559
leaf_count=44432 121 65 176 297 78 77 77 122 89 274 159 152 310 1563
internal_value=-6.19313e-06 7.79299e-06 0.00281563 0.00134106 -0.00166673 -0.00915327 0.00909484 0.00205134 0.00557057 -3.19194e-05 -0.00138275 -0.000514891 -0.00455447 0.00038316
internal_weight=8745.23 8728.79 117.561 100.376 65.1076 19.358 17.1853 45.7496 30.2442 8611.23 414.443 375.593 65.0149 310.578
internal_count=47992 47871 981 839 542 155 142 387 265 46890 2458 2184 469 1715
is_linear=0
shrinkage=0.02


Tree=344
num_leaves=15
num_cat=0
split_feature=2 6 12 0 3 2 0 0 20 11 20 22 12 1
split_gain=1.79794 3.85594 5.69391 5.32961 3.3298 6.65722 4.89368 3.50604 4.27781 3.31083 2.82048 5.61036 5.55756 4.32989
threshold=159.50000000000003 2.5000000000000004 49.500000000000007 51.694729637234779 52.150000000000006 163.50000000000003 56.485968514715957 64.149212867898711 8.3241957563312816 40.416051117596901 6.260205338809036 1.5000000000000002 50.500000000000007 1.5000000000000002
decision_type=2 2 2 2 2 2 2 2 2 2 2 2 2 2
left_child=1 10 -3 -4 5 -2 -7 -6 -9 -5 11 12 -1 -12
right_child=4 2 3 9 7 6 -8 8 -10 -11 13 -13 -14 -15
leaf_value=-0.0032970944599250069 -0.0097080922100614003 0.00453387571131968 -0.0086121221826648119 0.0019552007101698086 0.0001475642965865991 -0.0031492656570988992 0.010596034520461402 0.000539350153331774 0.008361035097947141 -0.0070974658234563186 6.4874711815667244e-05 0.0013479946756625892 0.0087419610039512641 -0.0040482724413644384
leaf_weight=478.80315971001983 34.460336279124022 136.99148824065924 24.870399668812752 114.13099812716246 6287.2647779174149 23.836612600833178 11.30591209232807 73.8474310785532 41.397580660879612 13.692277051508425 1228.3383735716343 158.43797139823437 11.068197488784788 106.58954928070307
leaf_count=3248 248 724 163 797 34199 185 59 316 288 89 6271 808 67 530
internal_value=-6.1101e-06 -0.000489619 0.00164508 -0.00099554 0.00016363 -0.00403632 0.001992 0.000212715 0.00359647 0.000739759 -0.000805787 -0.00188328 -0.00293546 -0.000275935
internal_weight=8745.04 2272.92 289.685 152.694 6472.11 69.6029 35.1425 6402.51 115.245 127.823 1983.24 648.309 489.871 1334.93
internal_count=47992 12697 1773 1049 35295 492 244 34803 604 886 10924 4123 3315 6801
is_linear=0
shrinkage=0.02


Tree=345
num_leaves=15
num_cat=0
split_feature=7 3 20 11 20 2 6 20 24 8 11 2 20 20
split_gain=1.82165 4.37836 4.50082 4.25642 4.20775 6.78108 5.46418 3.38211 3.22267 7.19953 4.88081 4.628 7.64401 5.45695
threshold=2.5000000000000004 94.500000000000014 5.1918822724161542 36.221251957181565 7.0535112936344975 166.50000000000003 1.5000000000000002 5.4305407255304594 1.5000000000000002 1.0000000180025095e-35 24.219488421550096 154.50000000000003 5.6669815195071882 8.9503901437371685
decision_type=2 2 2 2 2 2 2 2 2 2 2 2 2 2
left_child=8 2 -2 7 5 -3 -6 -4 9 -1 -11 12 -10 -14
right_child=1 4 3 -5 6 -7 -8 -9 11 10 -12 -13 13 -15
leaf_value=1.2168144851067206e-05 -0.0072052278099136906 0.0086403719962456112 0.0076065371950585492 0.0092128719409821161 -0.017867964468915233 -0.0065468264137410236 -0.0038506678046708572 -0.00052453825758643727 0.0095784365222370462 -0.0071079282503586751 -0.0013466313952907167 0.0011929954062049313 -0.0050571164638151334 0.0038588206501322191
leaf_weight=6000.6789603084326 31.036246817559004 16.571427062153816 16.207120150327682 14.712802723050116 12.129004761576651 20.838428169488907 45.516339212656021 569.51780865341425 15.287856489419935 86.189841561019421 177.91906391456723 1567.4472314082086 140.04598635435104 29.707326605916023
leaf_count=31966 176 80 76 86 64 97 271 2865 76 640 978 9564 811 242
internal_value=-5.96568e-06 -0.0009616 -0.000339498 6.86573e-05 -0.00485089 0.000359007 -0.00802266 -0.000233685 8.09304e-05 -0.000131012 -0.00333135 0.000837936 -0.00211143 -0.00341959
internal_weight=8743.81 726.529 631.474 600.438 95.0552 37.4099 57.6453 585.725 8017.28 6264.79 264.109 1752.49 185.041 169.753
internal_count=47992 3715 3203 3027 512 177 335 2941 44277 33584 1618 10693 1129 1053
is_linear=0
shrinkage=0.02


Tree=346
num_leaves=15
num_cat=0
split_feature=0 20 4 11 0 0 21 21 5 3 3 21 0 0
split_gain=1.77823 2.09043 4.16854 2.43711 2.0646 4.23269 3.77092 3.89111 3.02354 2.56897 5.5474 4.62401 3.29432 2.83834
threshold=39.552361396303908 4.6379192334017807 122.50000000000001 25.611410141398611 39.943874058863798 41.356605065023963 1.251504026639364 1.507797374596656 89.500000000000014 74.40000000000002 83.800000000000011 0.96248474198058631 40.297056810403838 40.297056810403838
decision_type=2 2 2 2 2 2 2 2 2 2 2 2 2 2
left_child=1 -1 3 -3 -2 6 8 -8 9 11 -11 13 -13 -6
right_child=4 2 -4 -5 5 -7 7 -9 -10 10 -12 12 -14 -15
leaf_value=-0.0095916483767946314 0.0029291328050311295 -0.002040240321951188 -0.0070009629948394117 0.010668704324207729 -0.0093437660488627176 4.4136917070455564e-05 -0.013263454561443563 0.0011216623443241682 0.0045860167181494644 -0.013191300744397411 0.0042008362276603709 0.007847147601022144 -0.0025011362373340961 0.00080045278578787021
leaf_weight=11.608366042375563 91.20030178502202 7.915473502129319 16.030861910432577 8.8416489735245687 23.660719592124224 8450.2771578021348 20.05317705869675 9.35500670224428 21.44338670372963 17.446756120771173 7.7776705473661414 23.074451804161072 18.171336088329554 16.192215971648693
leaf_count=142 775 76 96 66 262 45493 136 55 128 160 57 199 166 181
internal_value=-5.95266e-06 -0.00379008 -0.000685787 0.00548426 1.52972e-05 -1.70267e-05 -0.00321771 -0.00913126 -0.00154889 -0.00295456 -0.00795466 -0.0010045 0.00346734 -0.00554781
internal_weight=8743.05 44.3964 32.788 16.7571 8698.65 8607.45 157.175 29.4082 127.767 106.323 25.2244 81.0987 41.2458 39.8529
internal_count=47992 380 238 142 47612 46837 1344 191 1153 1025 217 808 365 443
is_linear=0
shrinkage=0.02


Tree=347
num_leaves=15
num_cat=0
split_feature=20 13 2 11 20 2 24 6 20 5 24 12 3 11
split_gain=1.75695 2.17365 6.26485 3.84326 4.41585 5.09144 3.44738 3.13437 2.99441 2.7577 2.88743 4.25688 4.28988 3.68218
threshold=4.1803148528405218 76.833333333333357 169.50000000000003 29.034263797737456 5.1266940451745384 161.50000000000003 1.0000000180025095e-35 1.5000000000000002 6.1348939082819998 69.500000000000014 1.5000000000000002 52.500000000000007 72.65000000000002 28.610883132601327
decision_type=2 2 2 2 2 2 2 2 2 2 2 2 2 2
left_child=-1 2 3 4 5 -2 -5 8 -6 10 11 -3 -13 -14
right_child=1 9 -4 6 7 -7 -8 -9 -10 -11 -12 12 13 -15
leaf_value=-0.0035850186692606601 0.0074633545029973228 -0.0097522274974774278 0.0096159200585881968 0.01152194688695869 -0.010030743797366699 -0.0036165009579924618 0 0.0020209909153664179 0.00051656529994500067 1.0837744854886088e-05 -0.009233254225232938 0.0038860212934825693 -0.011142572571345615 0.001918268493885337
leaf_weight=49.531048309057951 31.64359749853611 14.488216828554867 31.189428929239511 15.381864137947558 34.221221789717674 25.881120543926954 21.614542365074158 17.391094297170639 13.706565096974371 8389.1042775772512 19.414210990071297 52.386661238968372 13.425942469388248 13.486131988465784
leaf_count=567 279 87 203 95 217 216 102 84 64 45574 95 281 68 60
internal_value=-6.11482e-06 1.60954e-05 0.00209842 0.00037222 -0.00135087 0.00255583 0.00562088 -0.00475694 -0.00721275 -3.16608e-05 -0.00306529 -0.00136555 0.000630552 -0.0052598
internal_weight=8742.87 8693.33 191.029 159.84 122.844 57.5247 36.9964 65.3189 47.9278 8502.31 113.201 93.787 79.2987 26.9121
internal_count=47992 47425 1260 1057 860 495 197 365 281 46165 591 496 409 128
is_linear=0
shrinkage=0.02


Tree=348
num_leaves=15
num_cat=0
split_feature=7 2 21 0 20 20 20 19 21 0 1 23 19 21
split_gain=1.75187 4.24095 5.22364 3.6461 3.30563 4.00608 5.07688 7.22376 5.61828 4.30661 4.55739 3.96845 4.22936 3.7704
threshold=2.5000000000000004 176.50000000000003 2.5422109608276444 52.031485284052032 5.1918822724161542 6.4677344284736487 6.8638603696098572 9.9425308868558666 1.2838669296860654 51.642710472279269 1.5000000000000002 1.0000000180025095e-35 5.6355479943067976 1.2215061014254036
decision_type=2 2 2 2 2 2 2 2 2 2 2 2 2 2
left_child=-1 2 4 -3 -2 9 7 8 -7 11 -11 12 -6 -14
right_child=1 3 -4 -5 5 6 -8 -9 -10 10 -12 -13 13 -15
leaf_value=7.9122818549528159e-05 -0.0060094992475896352 -0.012908746687229293 -0.010938125106800142 -0.001460526409249045 -0.0057778187635878428 0.0022478853735597372 0.00024146445940851643 0.0055890143310162307 -0.0098956710387791951 0.0088644110575594737 -0.0016907113594238261 -0.0062726597282575279 0.013013544665202841 0.0013285873087898515
leaf_weight=8016.2512674257159 32.435364156961441 16.26630424708128 13.770485341548918 27.420793741941452 14.378862619400023 17.234978422522545 374.66131040453911 17.800570428371429 62.918387621641159 55.411053821444511 20.091691762208939 25.394881129264832 11.986557692289351 36.842826142907143
leaf_count=44277 182 81 73 136 66 81 2063 84 273 242 89 118 59 168
internal_value=-6.10331e-06 -0.000943195 -0.000529391 -0.00665213 -0.000232688 0.000103004 -0.000831232 -0.00476605 -0.00728235 0.0027504 0.00610023 -0.000256157 0.00241437 0.00517649
internal_weight=8742.87 726.614 682.927 43.6871 669.156 636.721 472.615 97.9539 80.1534 164.106 75.5027 88.6031 63.2082 48.8294
internal_count=47992 3715 3498 217 3425 3243 2501 438 354 742 331 411 293 227
is_linear=0
shrinkage=0.02


Tree=349
num_leaves=15
num_cat=0
split_feature=13 13 13 11 11 10 14 21 20 3 11 20 20 20
split_gain=1.74909 1.8336 3.80506 3.68058 7.87679 6.47935 6.11698 5.49386 4.26416 3.31899 4.43671 5.30506 5.26341 6.68557
threshold=138.66666666666671 92.500000000000014 90.833333333333357 30.840473245365903 30.113496445536359 1.0000000180025095e-35 1.5932149246102736 1.6946429521467048 7.0736481861738545 85.250000000000014 26.778167414559132 7.6647227926078036 7.039349760438057 6.0762217659137585
decision_type=2 2 2 2 2 2 2 2 2 2 2 2 2 2
left_child=1 2 3 4 9 -6 -5 -8 -9 10 11 12 13 -1
right_child=-2 -3 -4 6 5 -7 7 8 -10 -11 -12 -13 -14 -15
leaf_value=-0.0011395888925805821 -0.005704244210552014 0.00015937178142118612 -0.0082586273293836394 -0.0006314792752568477 0.0039058681892822308 -0.011663072929704739 0.012213946287987072 -0.0010417607731996719 0.0076221204268897081 0.0047049883732085025 -0.0026698214631131934 0.0075504147032431149 -0.0051219414289353157 0.0022881290335709727
leaf_weight=644.27846663072705 16.49709839373827 6853.8134744651616 20.287428647279739 194.6891126781702 11.073798328638075 39.984416104853153 27.21453969925642 55.944896340370178 31.799732372164726 41.413370914757252 350.28223809972405 30.12250067293644 80.07137742638588 345.42132198810577
leaf_count=5032 121 36722 104 996 52 228 137 242 141 212 1904 132 340 1629
internal_value=-6.25023e-06 7.55301e-06 -0.000545996 -0.00043844 -0.000839133 -0.00820351 0.00153304 0.00508897 0.00231822 -0.000559144 -0.000726498 -9.65183e-05 -0.000347825 6.02178e-05
internal_weight=8742.89 8726.4 1872.58 1852.3 1542.65 51.0582 309.648 114.959 87.7446 1491.59 1450.18 1099.89 1069.77 989.7
internal_count=47992 47871 11149 11045 9529 280 1516 520 383 9249 9037 7133 7001 6661
is_linear=0
shrinkage=0.02


Tree=350
num_leaves=15
num_cat=0
split_feature=14 12 22 11 3 2 21 21 11 3 11 21 12 2
split_gain=1.75665 2.24345 2.77278 4.34734 7.93757 5.67551 2.74778 2.26246 2.16525 3.42452 4.74926 7.57358 5.54241 4.29766
threshold=2.1602564102564106 73.500000000000014 3.5000000000000004 27.337776069033286 78.250000000000014 173.50000000000003 1.8449682589260454 1.7055442057252774 43.283037195056544 103.50000000000001 34.371456916099781 1.6789033534095226 50.500000000000007 170.50000000000003
decision_type=2 2 2 2 2 2 2 2 2 2 2 2 2 2
left_child=1 8 3 -3 -5 6 7 -6 9 -1 11 -11 13 -12
right_child=-2 2 -4 4 5 -7 -8 -9 -10 10 12 -13 -14 -15
leaf_value=-5.3450554565540812e-05 -0.0036972101829399542 0.0059570855235120566 0.008310216192349288 -0.01295958464103189 0.0049826498485375939 -0.0099733081810582554 0.009284910274067042 -0.0069503890308009603 -0.0029805553785412879 0.0059109386443186064 0.0026033625013435809 -0.01094337067662488 -0.0027251624726271095 0.0099554364720876708
leaf_weight=8274.6320361085236 46.276641175150871 37.439885914325714 22.505806863307953 14.61030977219343 8.0920377746224386 7.4432814195752135 22.066651105880737 7.357639528810977 92.89287830889225 14.434043385088442 85.711613662540913 19.577505715191364 36.938521727919579 52.145303964614868
leaf_count=45088 250 313 178 117 70 62 186 60 497 80 438 108 273 272
internal_value=-6.10628e-06 1.54201e-05 0.00268086 0.00101196 -0.00228571 0.00209276 0.00542507 -0.000912355 -2.30315e-05 1.08541e-05 0.00251014 -0.00389852 0.00384199 0.00564944
internal_weight=8742.12 8695.85 119.516 97.0098 59.5699 44.9596 37.5163 15.4497 8576.33 8483.44 208.807 34.0115 174.795 137.857
internal_count=47992 47742 986 808 495 378 316 130 46756 46259 1171 188 983 710
is_linear=0
shrinkage=0.02


Tree=351
num_leaves=15
num_cat=0
split_feature=10 13 2 0 13 2 0 11 11 2 2 2 11 21
split_gain=1.72696 3.4107 3.8372 5.95759 3.2887 5.53462 3.59758 3.30585 6.07367 6.06621 4.50854 4.67335 4.90754 5.67181
threshold=1.0000000180025095e-35 112.50000000000001 159.50000000000003 56.280629705681044 109.16666666666667 157.50000000000003 64.305270362765242 29.395454305989968 29.034263797737456 151.50000000000003 153.50000000000003 156.50000000000003 32.83508081121655 1.7992499337383088
decision_type=2 2 2 2 2 2 2 2 2 2 2 2 2 2
left_child=1 4 3 -3 6 -6 7 8 -1 -9 -11 -12 -13 -14
right_child=-2 2 -4 -5 5 -7 -8 9 -10 10 11 12 13 -15
leaf_value=0.00021321605823706441 -0.00014836573403719785 -0.015940129684210474 -0.00013472620153984788 0 -0.0056699146376618572 0.0094515866745583169 0.0083641822952593477 0.010198223389631229 -0.0077528159099324355 -0.0064586380073544001 0.0067711606328022091 0.0031058885294221318 -0.0078055543958186991 0.00059608622294762934
leaf_weight=1141.2871272265911 6963.4371859878302 13.9611579477787 72.385584317147732 18.582346372306347 9.017870329320429 33.6863147392869 18.684915669262409 28.370735980570316 34.604445561766624 23.1806680560112 59.241537027060986 173.11058439314365 39.38134403526783 113.02005387097597
leaf_count=5797 38602 104 577 144 69 273 95 142 171 111 301 857 189 560
internal_value=-6.01197e-06 0.000549079 -0.00286335 -0.00805306 0.000772112 0.00595686 0.000617337 0.000500734 -5.13503e-05 0.00197692 0.00128374 0.00183221 0.000838459 -0.00174122
internal_weight=8741.95 1778.51 104.929 32.5435 1673.59 42.7042 1630.88 1612.2 1175.89 436.305 407.934 384.754 325.512 152.401
internal_count=47992 9390 825 248 8565 342 8223 8128 5968 2160 2018 1907 1606 749
is_linear=0
shrinkage=0.02


Tree=352
num_leaves=15
num_cat=0
split_feature=0 20 4 11 0 0 22 11 12 3 0 0 1 13
split_gain=1.71694 2.04097 4.03893 2.35762 2.00836 4.07741 4.27705 3.28932 4.18948 2.81894 2.53064 4.32417 8.7407 5.81106
threshold=39.552361396303908 4.6379192334017807 122.50000000000001 25.611410141398611 39.943874058863798 41.356605065023963 3.5000000000000004 29.41126178592911 40.500000000000007 56.100000000000009 49.115674195756334 51.987679671457911 1.5000000000000002 93.166666666666671
decision_type=2 2 2 2 2 2 2 2 2 2 2 2 2 2
left_child=1 -1 3 -3 -2 6 7 9 -9 -6 -7 12 13 -12
right_child=4 2 -4 -5 5 10 -8 8 -10 -11 11 -13 -14 -15
leaf_value=-0.0094854862041542209 0.0028880471190472945 -0.0020151814233720987 -0.0068859478489524031 0.01047300124459637 -0.0077029946929282993 0.00076791453272539241 -0.012806953567159838 -0.01103497310770433 0.002259607933710384 0.0010894389229184681 -0.005277432672016147 0.00011354598413301346 0.0011926678377890034 -0.001388872394517111
leaf_weight=11.499057319015263 91.250662483274937 7.9030524045228985 16.056476045399904 8.9021678417921049 11.98925134167075 1564.5480493046343 11.758004397153853 23.611309893429279 11.652534551918505 97.779950443655252 201.78293706476688 5640.1291647478938 409.80704702064395 633.01675543934107
leaf_count=142 775 76 96 66 162 9773 67 170 72 873 1278 28764 2277 3401
internal_value=-5.93989e-06 -0.00372563 -0.00067082 0.00539299 1.49323e-05 -1.69585e-05 -0.00316217 -0.00196618 -0.00685719 -0.000147214 4.30055e-05 -0.000121877 -0.00118652 -0.002357
internal_weight=8741.69 44.3608 32.8617 16.8052 8697.33 8606.08 156.791 145.033 35.2638 109.769 8449.28 6884.74 1244.61 834.8
internal_count=47992 380 238 142 47612 46837 1344 1277 242 1035 45493 35720 6956 4679
is_linear=0
shrinkage=0.02


Tree=353
num_leaves=15
num_cat=0
split_feature=7 3 20 11 20 2 15 0 20 21 21 20 20 20
split_gain=1.69767 4.18659 4.20701 4.12095 4.03495 6.54192 5.29624 3.56838 3.25773 3.14978 3.1188 4.78919 9.83811 5.29291
threshold=2.5000000000000004 94.500000000000014 5.1918822724161542 36.221251957181565 7.0535112936344975 166.50000000000003 1.0000000180025095e-35 55.626283367556475 5.4305407255304594 1.1118819330131637 1.2838669296860654 6.8638603696098572 6.4677344284736487 7.2431211498973314
decision_type=2 2 2 2 2 2 2 2 2 2 2 2 2 2
left_child=-1 2 -2 8 5 -3 -6 -8 -4 -10 -11 12 -12 -13
right_child=1 4 3 -5 6 -7 7 -9 9 10 11 13 -14 -15
leaf_value=7.763875457968772e-05 -0.0069797073087489864 0.0085220239090756898 0.0074663249931375972 0.0090878579308120589 -0.017481285476451718 -0.0064015638402452847 0.004755556041190297 -0.0066713985998508706 -0.006984398723549611 0.0033427802450746113 0.0013360801283310215 0.0047994324998912484 -0.0084881818213345221 -0.00095836088229371357
leaf_weight=8014.7897627800703 30.811171397566795 16.527532041072845 16.232771657407284 14.641359373927115 12.221493452787398 20.850537702441216 10.79129161685705 34.869992710649967 23.572780221700668 80.62762788683176 78.510770052671432 83.07489413022995 76.649786494672298 227.08228634297848
leaf_count=44277 176 80 76 86 64 97 65 206 112 385 348 378 335 1307
internal_value=-6.26185e-06 -0.000928841 -0.000319776 7.35211e-05 -0.00472739 0.000376947 -0.00782322 -0.00372853 -0.000223425 -0.000509156 -0.000165091 -0.000806243 -0.00361813 0.000629181
internal_weight=8741.25 726.464 631.203 600.392 95.2608 37.3781 57.8828 45.6613 585.751 569.518 545.945 465.318 155.161 310.157
internal_count=47992 3715 3203 3027 512 177 335 271 2941 2865 2753 2368 683 1685
is_linear=0
shrinkage=0.02


Tree=354
num_leaves=15
num_cat=0
split_feature=2 6 4 12 0 2 3 2 0 0 4 10 19 2
split_gain=1.69752 3.68846 5.6415 4.71235 4.3907 3.26045 3.18458 6.47183 4.73212 3.34148 4.16755 3.01022 6.27822 2.78732
threshold=159.50000000000003 2.5000000000000004 130.50000000000003 49.500000000000007 55.527720739219724 154.50000000000003 52.150000000000006 163.50000000000003 56.485968514715957 64.149212867898711 129.50000000000003 1.0000000180025095e-35 6.0360599490580276 157.50000000000003
decision_type=2 2 2 2 2 2 2 2 2 2 2 2 2 2
left_child=1 -1 13 -4 -5 -6 7 -2 -9 -8 11 -11 -13 -3
right_child=6 2 3 4 5 -7 9 8 -10 10 -12 12 -14 -15
leaf_value=-0.00078556011208380896 -0.0095596235750254749 0.0053787183507950269 0.0091138188440138962 -0.008410675880815871 -0.0048862608642438786 0.0031198122780694399 0.00014305917352798889 -0.0030809286095716958 0.010439006807851812 0.0066468612575556578 0.0082323115064751474 0.0048525230907563669 -0.0075530037877053896 -0.000294306126236465
leaf_weight=1982.1138512045145 34.323805037885904 125.61102210730314 9.5005058497190458 34.436030045151711 29.271347627043724 45.038530886173248 6285.4695179983974 23.771931618452072 11.317526139318941 18.052266985177994 41.162814639508724 25.862552881240845 29.883062407374382 45.578993603587151
leaf_count=10924 248 681 64 235 210 341 34199 185 59 84 288 107 125 242
internal_value=-6.29007e-06 -0.000476264 0.00161243 -0.00169479 -0.00301577 -0.000117866 0.000158649 -0.00395395 0.00198792 0.000206614 0.00351399 0.000501467 -0.00183899 0.00389145
internal_weight=8741.39 2271.55 289.436 118.246 108.746 74.3099 6469.84 69.4133 35.0895 6400.43 114.961 73.7979 55.7456 171.19
internal_count=47992 12697 1773 850 786 551 35295 492 244 34803 604 316 232 923
is_linear=0
shrinkage=0.02


Tree=355
num_leaves=15
num_cat=0
split_feature=14 12 22 11 11 2 11 11 14 0 20 11 4 20
split_gain=1.68924 2.17209 2.71942 4.21975 7.31517 2.10771 2.07006 2.95757 3.8762 4.57363 3.51595 2.88905 2.97233 5.14511
threshold=2.1602564102564106 73.500000000000014 3.5000000000000004 27.337776069033286 28.610883132601327 163.50000000000003 43.283037195056544 38.196169316682507 1.7110606060606062 56.234086242299803 8.8968377823408638 49.7242412443345 125.50000000000001 8.1857357973990439
decision_type=2 2 2 2 2 2 2 2 2 2 2 2 2 2
left_child=1 6 3 -3 -5 -2 7 -1 9 -9 -11 12 -8 -14
right_child=5 2 -4 4 -6 -7 11 8 -10 10 -12 -13 13 -15
leaf_value=-5.2406176056437664e-05 0.0011678539822347121 0.0058752125220007572 0.0082280355128949486 -0.015144203756060471 0.0011231092515166035 -0.0068433751042716101 0.00079908493365878021 0.0006846933450416309 -0.0040373442450378555 0.0084625320443465855 -0.002320464147471855 0.002804676037155627 -0.01152375854441496 0.0018444233913187777
leaf_weight=8251.283030141145 19.647106405347586 37.281230516731739 22.392742194235325 8.882256865501402 50.74948788434267 26.677019059658051 23.600228115916252 121.29707131534815 29.67175318300724 68.058722153306007 11.932049095630644 22.669727236032486 32.136690773069859 14.561969920992849
leaf_count=44963 108 313 178 73 422 142 108 655 183 359 99 120 169 100
internal_value=-5.99686e-06 1.51211e-05 0.00264008 0.000988964 -0.00225312 -0.0036239 -2.26837e-05 1.04609e-05 0.00221845 0.00322581 0.00678864 -0.00291333 -0.00484761 -0.00754127
internal_weight=8740.84 8694.52 119.306 96.913 59.6317 46.3241 8575.21 8482.24 230.96 201.288 79.9908 92.9686 70.2989 46.6987
internal_count=47992 47742 986 808 495 250 46756 46259 1296 1113 458 497 377 269
is_linear=0
shrinkage=0.02


Tree=356
num_leaves=15
num_cat=0
split_feature=13 4 13 0 0 12 9 14 21 21 0 0 0 13
split_gain=1.68599 2.2943 2.50567 3.42907 6.22616 2.43058 1.93939 5.02566 5.20613 3.78757 3.74174 7.36937 3.75811 3.11767
threshold=138.66666666666671 169.50000000000003 113.16666666666667 56.067077344284748 58.090349075975361 70.500000000000014 1.0000000180025095e-35 1.3755733944954132 1.481081109475552 1.1171005696926202 55.886379192334026 55.292265571526364 53.997262149212879 106.50000000000001
decision_type=2 2 2 2 2 2 2 2 2 2 2 2 2 2
left_child=1 6 -3 -4 -5 -6 -1 8 -8 -9 11 12 -11 -12
right_child=-2 2 3 4 5 -7 7 9 -10 10 13 -13 -14 -15
leaf_value=3.6871887091509678e-05 -0.0055914966628192739 -0.0045279414962685382 0.0074704520931106223 -0.0092821919919824393 0.009446416410296303 0.00022811647662171038 -0.001747397753601449 -0.0077380114126863056 0.012496499674946449 0.0002178051258993535 -0.005069007242164871 0.010649123442907372 -0.0082745199835072333 0.0016899119503881554
leaf_weight=8192.8116482459009 16.564191587269306 12.286434955894945 47.375108122825623 14.248998329043387 15.273974053561686 27.913159549236298 18.024139702320099 36.908106736838818 15.47879898548126 153.69506052136421 119.02657493203878 20.172163620591164 19.004136428236961 31.804224655032158
leaf_count=44432 121 88 418 108 132 235 118 330 74 922 568 109 103 234
internal_value=-5.95258e-06 7.62025e-06 0.00273015 0.00376662 0.000325958 0.00417175 -3.07513e-05 -0.00135786 0.00554973 -0.00203516 -0.00131485 0.000525611 -0.00091198 -0.00362249
internal_weight=8740.59 8724.02 117.098 104.811 57.4361 43.1871 8606.92 414.113 33.5029 380.61 343.702 192.871 172.699 150.831
internal_count=47992 47871 981 893 475 367 46890 2458 192 2266 1936 1134 1025 802
is_linear=0
shrinkage=0.02


Tree=357
num_leaves=15
num_cat=0
split_feature=0 20 4 11 0 0 22 14 21 3 3 3 21 22
split_gain=1.65492 2.00932 3.91968 2.28557 1.94779 3.94476 4.16358 3.1995 3.42037 3.60471 3.37377 3.93673 4.29211 2.46293
threshold=39.552361396303908 4.6379192334017807 122.50000000000001 25.611410141398611 39.943874058863798 41.356605065023963 3.5000000000000004 1.7278338945005614 1.2806739807031626 96.250000000000014 81.050000000000011 74.40000000000002 0.91008259853997253 1.5000000000000002
decision_type=2 2 2 2 2 2 2 2 2 2 2 2 2 2
left_child=1 -1 3 -3 13 6 7 8 10 -10 11 12 -6 -2
right_child=4 2 -4 -5 5 -7 -8 -9 9 -11 -12 -13 -14 -15
leaf_value=-0.0093959553791884177 0.00054770181919726606 -0.0019836359851822011 -0.0067649556384682301 0.010307012307392447 -0.0070838988171118156 4.2189168227075356e-05 -0.012642325036367776 0.0065049408993447348 -0.015306550370032259 -7.2204046042977705e-07 0.0063164531728647786 -0.0099836456210808475 0.0024189590045725342 0.0074634953791406526
leaf_weight=11.407570865005253 65.048109728842974 7.8866539485752609 16.076665338128805 8.954289071261881 22.481614753603935 8447.9915988780558 11.711320251226423 11.397718768566845 11.08356846123934 10.396081916987894 14.874637790024279 18.036109298467636 56.601114988327026 26.285596758127213
leaf_count=142 618 76 96 66 263 45493 67 84 78 64 107 159 522 157
internal_value=-5.82091e-06 -0.00365904 -0.000641341 0.00532324 1.46626e-05 -1.6759e-05 -0.00311242 -0.00193261 -0.00287643 -0.00937305 -0.001266 -0.00269931 -0.000519327 0.00284288
internal_weight=8740.23 44.3252 32.9176 16.8409 8695.91 8604.57 156.582 144.871 133.473 21.4797 111.993 97.1188 79.0827 91.3337
internal_count=47992 380 238 142 47612 46837 1344 1277 1193 142 1051 944 785 775
is_linear=0
shrinkage=0.02


Tree=358
num_leaves=15
num_cat=0
split_feature=7 2 21 20 20 2 22 0 0 2 24 20 20 2
split_gain=1.67098 4.09175 4.64113 3.3561 3.80373 3.12557 3.0491 5.6263 4.36294 4.18111 4.10905 5.36501 4.26106 3.97883
threshold=2.5000000000000004 178.50000000000003 2.5422109608276444 5.1918822724161542 5.466036960985627 155.50000000000003 1.5000000000000002 39.943874058863798 43.804243668720062 154.50000000000003 2.5000000000000004 7.1973990417522256 8.7378370978781685 152.50000000000003
decision_type=2 2 2 2 2 2 2 2 2 2 2 2 2 2
left_child=6 2 3 -2 -5 -6 8 -8 13 10 -9 -12 -13 -1
right_child=1 -3 -4 4 5 -7 7 9 -10 -11 11 12 -14 -15
leaf_value=-0.0094257116353063022 -0.0060595740223508736 -0.007845405310587172 -0.010339596526261159 0.0076896423154551152 0.0032702113628058161 -0.00082614795783668622 0.0084933357276427614 -0.00055591176386366869 2.1824084671351043e-05 0.00096690184120786979 0.0025499195898798749 -0.016407642728954137 -0.00032934417083351403 -0.0014580151208898366
leaf_weight=21.810825157910585 33.406776078045368 27.695633850991726 14.021697610616682 19.916811227798462 80.993564374744892 550.34530515223742 32.04959811270237 194.45123689621687 5550.9750220626593 1672.0948859676719 13.210605725646017 17.799114122986797 9.9314871281385404 501.41268442571163
leaf_count=207 188 136 74 91 441 2785 195 1081 28881 9486 64 108 80 4175
internal_value=-6.04765e-06 -0.000921402 -0.000590299 -0.000314223 2.13653e-05 -0.000275923 7.71951e-05 0.000766672 -0.00014308 0.000613937 -0.00185297 -0.00723886 -0.0116404 -0.00188002
internal_weight=8740.12 726.38 698.684 684.662 651.256 631.339 8013.74 1939.54 6074.2 1907.49 235.392 40.9412 27.7306 523.224
internal_count=47992 3715 3579 3505 3317 3226 44277 11014 33263 10819 1333 252 188 4382
is_linear=0
shrinkage=0.02


Tree=359
num_leaves=15
num_cat=0
split_feature=10 13 2 0 21 3 4 14 11 4 21 2 0 2
split_gain=1.65873 3.32756 3.66544 5.68711 3.22287 4.90152 3.57089 3.59625 5.24293 4.73355 4.53461 4.30166 3.5783 3.52903
threshold=1.0000000180025095e-35 112.50000000000001 159.50000000000003 56.280629705681044 0.8955113507124598 55.100000000000009 148.50000000000003 1.5297661233167967 20.907451583257032 129.50000000000003 1.0724828758685072 170.50000000000003 42.668035592060242 168.50000000000003
decision_type=2 2 2 2 2 2 2 2 2 2 2 2 2 2
left_child=1 4 3 -3 -1 -6 7 8 -7 11 12 13 -9 -10
right_child=-2 2 -4 -5 5 6 -8 10 9 -11 -12 -13 -14 -15
leaf_value=0.0083070148805953967 -0.00014581077294861314 -0.015544513356240899 -0.00015608258872402741 0 -0.0042748338205767754 0.01096183350477818 0.0056172849076611651 1.3515567202335606e-05 0.00072506356255893094 0.0050437626610782462 -0.00010824258842324046 -0.0022397857481269794 -0.012737793958386357 0.0046284297695168919
leaf_weight=17.403793785721064 6961.693078905344 14.124147966504095 72.318407759070396 18.579448185861111 72.010358635336161 17.663519211113453 56.687809579074383 14.534092023968698 581.25068232044578 107.94528355449438 523.76442466676235 159.11958878487349 16.134773872792721 106.39188982546329
leaf_count=164 38602 104 577 144 396 92 469 127 2707 496 2775 735 114 490
internal_value=-6.28035e-06 0.000537823 -0.00283114 -0.00788837 0.000758319 0.000652983 0.000891088 0.000696543 0.00142745 0.00119277 -0.000583056 0.000672777 -0.00748402 0.00136093
internal_weight=8739.62 1777.93 105.022 32.7036 1672.91 1655.5 1583.49 1526.8 972.371 954.707 554.433 846.762 30.6689 687.643
internal_count=47992 9390 825 248 8565 8401 8005 7536 4520 4428 3016 3932 241 3197
is_linear=0
shrinkage=0.02


Tree=360
num_leaves=15
num_cat=0
split_feature=14 12 22 11 21 20 3 2 11 3 3 4 20 21
split_gain=1.63073 2.06679 2.67557 4.10544 7.53982 4.32938 2.05724 2.02801 1.95745 3.32962 3.1244 3.01242 4.17965 2.60622
threshold=2.1602564102564106 73.500000000000014 3.5000000000000004 27.337776069033286 1.8123998665202941 8.442422997946613 101.50000000000001 163.50000000000003 43.283037195056544 124.50000000000001 130.50000000000003 129.50000000000003 8.1857357973990439 2.2964526082413825
decision_type=2 2 2 2 2 2 2 2 2 2 2 2 2 2
left_child=1 8 3 -3 5 -5 -6 -2 9 13 11 -10 -13 -1
right_child=7 2 -4 4 6 -7 -8 -9 10 -11 -12 12 -14 -15
leaf_value=-4.8534606307150312e-05 0.0011433928056551633 0.0057790071893083625 0.0081347910814002118 0.0023882561829718812 0.0071849816275039559 -0.012776194183748722 -0.0029672881082287435 -0.0067121433106978939 0.0008760157809002202 0.0091019049053088531 0.0036110317421016382 -0.011055285354488374 0.00068596146161716204 0.0029686459231552426
leaf_weight=8358.8029906265438 19.636669501662254 37.094786264002323 22.262680031359196 8.3169590607285517 22.215661853551868 21.369497433304787 7.7332381084561339 26.735152587294579 24.70584387332201 11.08175081014633 19.378095373511314 32.326927408576012 16.681691020727158 111.1031555980444
leaf_count=45531 108 313 178 71 186 173 65 142 113 66 106 167 111 662
internal_value=-6.14793e-06 1.46103e-05 0.00257842 0.000942979 -0.00224856 -0.00873821 0.00445682 -0.00355918 -2.22197e-05 1.00295e-05 -0.00283135 -0.00467213 -0.00732822 -6.99297e-06
internal_weight=8739.45 8693.07 118.993 96.7301 59.6354 29.6865 29.9489 46.3718 8574.08 8480.99 93.0926 73.7145 49.0086 8469.91
internal_count=47992 47742 986 808 495 244 251 250 46756 46259 497 391 278 46193
is_linear=0
shrinkage=0.02


Tree=361
num_leaves=15
num_cat=0
split_feature=13 4 13 20 0 0 14 5 10 13 4 14 4 20
split_gain=1.61862 2.18601 2.42775 3.51162 4.32995 3.44207 2.4144 1.92326 1.95081 4.57571 3.50923 3.53793 4.13764 3.50033
threshold=138.66666666666671 169.50000000000003 113.16666666666667 9.7872689938398363 58.090349075975361 56.108145106091726 1.7064765300059419 59.500000000000007 1.0000000180025095e-35 112.50000000000001 148.50000000000003 1.5297661233167967 129.50000000000003 7.6841067761806991
decision_type=2 2 2 2 2 2 2 2 2 2 2 2 2 2
left_child=1 7 -3 -4 5 -5 -6 -1 9 10 11 12 13 -9
right_child=-2 2 3 4 6 -7 -8 8 -10 -11 -12 -13 -14 -15
leaf_value=0.0063852489572339514 -0.0054693541973610382 -0.0044649697141665237 0.0078976463047327645 0.0019972520350747943 0.0093495802921298703 -0.012129699089371884 0.00015617819130704457 0.00062888485181727006 -0.00019652891129392486 -0.0040243686529299119 0.0054818749000001355 -0.00063341920096873121 0.0048477787235389636 0.0082276059355814047
leaf_weight=13.648279536515473 16.637771457433701 12.31437388807535 41.11870389431715 9.899133540689947 15.163977421820162 10.448099762201307 27.825217887759209 890.1801974773407 6846.7696622721851 78.250198595225811 56.318361759185791 588.20349632203579 112.3586817085743 20.049647435545921
leaf_count=91 121 88 368 81 132 77 235 4211 37669 600 468 3242 515 94
internal_value=-5.89377e-06 7.42573e-06 0.00266856 0.00369336 0.00055648 -0.00613966 0.00407699 -2.99788e-05 -4.41094e-05 0.000551519 0.000778888 0.000596764 0.00130596 0.000842481
internal_weight=8739.19 8722.55 116.77 104.455 63.3364 20.3472 42.9892 8605.78 8592.13 1745.36 1667.11 1610.79 1022.59 910.23
internal_count=47992 47871 981 893 525 158 367 46890 46799 9130 8530 8062 4820 4305
is_linear=0
shrinkage=0.02


Tree=362
num_leaves=15
num_cat=0
split_feature=21 21 24 2 2 21 2 2 11 11 11 2 20 2
split_gain=1.61822 2.11046 4.20579 4.55262 3.95499 2.33781 3.69283 5.68346 5.90293 3.1265 3.38251 7.6258 3.97153 4.58521
threshold=0.82999756013193193 0.8955113507124598 1.0000000180025095e-35 161.50000000000003 164.50000000000003 0.97037627849649521 162.50000000000003 159.50000000000003 21.969228019313014 18.349237673010382 21.080004259063152 162.50000000000003 6.7735386721423696 156.50000000000003
decision_type=2 2 2 2 2 2 2 2 2 2 2 2 2 2
left_child=-1 2 3 -2 -4 6 7 8 -3 -7 11 12 13 -11
right_child=1 5 4 -5 -6 9 -8 -9 -10 10 -12 -13 -14 -15
leaf_value=-0.0042574932322946169 0.0072468775882965622 0.0052518826576349641 -0.001717830952964336 -0.0072596705852356683 0.011656462483825916 0.0068654309261980753 -0.004334494892060785 0.0095191235968950742 -0.010850879346530116 0.0049996117278669717 7.9306975129614618e-05 0.00025305609033012151 -0.010995606425728369 -0.006860127409211803
leaf_weight=30.659777291119099 8.8591718338429946 12.957887772470714 10.7421901486814 18.435495223850012 23.84475214406848 21.678829967975616 110.21410746127367 18.514648206532001 14.116554792970417 16.973997317254543 8211.6346328184009 170.57840585708618 41.931903578341007 27.725558768957853
leaf_count=378 115 112 89 191 172 113 891 173 147 106 44191 919 208 187
internal_value=-5.54268e-06 1.16325e-05 0.00355086 -0.00209627 0.00775976 -1.5504e-05 -0.00240465 0.00218862 -0.0034644 2.94914e-05 7.71584e-06 -0.00222819 -0.00688284 -0.00226642
internal_weight=8738.87 8708.21 61.8816 27.2947 34.5869 8646.33 155.803 45.5891 27.0744 8490.52 8468.84 257.21 86.6315 44.6996
internal_count=47992 47614 567 306 261 47047 1323 432 259 45724 45611 1420 501 293
is_linear=0
shrinkage=0.02


Tree=363
num_leaves=15
num_cat=0
split_feature=7 2 21 20 20 2 6 21 6 13 20 20 11 2
split_gain=1.61874 3.98645 3.96698 3.51732 3.34381 3.12336 3.09257 3.31652 2.98395 5.98465 7.71186 6.36098 8.19142 5.99768
threshold=2.5000000000000004 180.50000000000003 2.5422109608276444 5.1918822724161542 5.4305407255304594 155.50000000000003 2.5000000000000004 1.7650830819126593 2.5000000000000004 102.83333333333336 8.3241957563312816 9.3071868583162232 27.822597634473002 154.50000000000003
decision_type=2 2 2 2 2 2 2 2 2 2 2 2 2 2
left_child=8 2 3 -2 -5 6 -6 -8 -1 13 -11 -12 -13 -10
right_child=1 -3 -4 4 5 -7 7 -9 9 10 11 12 -14 -15
leaf_value=-2.141977958982771e-05 -0.0062252621605589043 -0.010227479002704234 -0.0096121224185964759 0.0075403192311943217 -0.0021406479805000525 -0.00086353606899381926 0.0007990504386397578 0.010406646798219305 -0.0037102140576094861 -0.0041190705357340776 0.0070213082566855343 0.0086574596867682891 -0.0098702885557677006 0.0047126366374008475
leaf_weight=7529.6032047308981 34.305947441607714 12.957663550972937 14.316795125603674 17.345701552927494 26.061647295951843 566.04290764778852 29.910171240568161 25.400284349918365 35.318229585886002 122.01738831400871 59.975061066448689 10.21665330976248 21.484469436109066 233.71981481462717
leaf_count=41089 193 64 75 80 132 2860 156 155 205 838 499 94 187 1365
internal_value=-5.43431e-06 -0.000906391 -0.000664297 -0.000411246 -6.39847e-05 -0.000327013 0.00321595 0.00574129 7.65049e-05 0.00159259 -0.000890083 0.00337765 -0.00347869 0.0035521
internal_weight=8738.68 726.341 713.383 699.067 664.761 647.415 81.3721 55.3105 8012.33 482.732 213.694 91.6762 31.7011 269.038
internal_count=47992 3715 3651 3576 3383 3303 443 311 44277 3188 1618 780 281 1570
is_linear=0
shrinkage=0.02


Tree=364
num_leaves=15
num_cat=0
split_feature=9 3 0 16 14 21 0 21 20 0 0 0 11 20
split_gain=1.60929 6.17902 4.02021 4.66863 3.92825 5.14301 5.03859 5.02347 4.66683 4.08858 4.35809 6.12588 3.61446 5.5533
threshold=1.0000000180025095e-35 61.100000000000009 46.125941136208084 1.0000000180025095e-35 1.4236111111111114 1.4744069453880517 53.997262149212879 1.481081109475552 6.0376317590691313 63.713894592744701 55.292265571526364 55.886379192334026 26.374068120774979 7.4939767282683105
decision_type=2 2 2 2 2 2 2 2 2 2 2 2 2 2
left_child=-1 -2 3 -3 7 8 -7 -4 -6 10 -8 -12 13 -10
right_child=1 2 4 -5 5 6 9 -9 12 -11 11 -13 -14 -15
leaf_value=5.5979995461487005e-05 -0.0083134154163557739 -0.0069528589136008826 -0.0024486331077933155 0.0055986416052664113 -0.0036009483278459709 0.0031113175230094332 -0.01563671492976456 0.012437088568369154 -0.00069450238874157653 0.0047136520810427789 0.0075776441306338828 -0.00557046833274066 0.012584534739815469 0.011443243776752536
leaf_weight=8314.0085832215846 38.888959608972073 55.815532170236111 12.304023310542108 10.561479866504667 27.075675152242184 46.625456407666206 10.544251099228857 18.078830271959305 50.611792854964733 13.946802340447901 11.947281770408152 95.023139253258705 16.804827041924 16.018729753792286
leaf_count=45446 276 421 70 61 186 261 54 91 265 76 65 513 98 109
internal_value=-5.41095e-06 -0.00119979 -0.000379498 -0.00467544 0.000566634 -0.000194428 -0.00228244 0.00685819 0.0031062 -0.004254 -0.00548356 -0.00381132 0.0053859 0.00279071
internal_weight=8738.26 424.247 385.358 66.377 318.981 288.598 178.087 30.3829 110.511 131.461 117.515 106.97 83.4353 66.6305
internal_count=47992 2546 2270 482 1788 1627 969 161 658 708 632 578 472 374
is_linear=0
shrinkage=0.02


Tree=365
num_leaves=15
num_cat=0
split_feature=20 5 0 0 21 0 1 20 24 1 11 21 8 20
split_gain=1.60264 1.67518 1.62716 4.63735 7.25924 4.46723 8.40325 5.72525 7.80478 5.69972 5.72113 4.85657 4.84687 4.84248
threshold=4.1803148528405218 59.500000000000007 49.115674195756334 48.340862422997951 1.0925935103179449 51.987679671457911 1.5000000000000002 7.0077891854893926 1.5000000000000002 1.5000000000000002 25.460023268791563 1.510980674892713 1.0000000180025095e-35 6.2720328542094466
decision_type=2 2 2 2 2 2 2 2 2 2 2 2 2 2
left_child=-1 -2 3 -3 -5 6 7 -4 -9 10 11 -7 -12 -11
right_child=1 2 5 4 -6 9 -8 8 -10 13 12 -13 -14 -15
leaf_value=-0.0034347323121754303 0.0062783855573554847 0.00032496973008026684 -0.0030422102472597193 -0.0078711850922820754 0.0080247176712691902 0.0011839373433985786 0.0011152792056241571 0.0068956486350458335 -0.003012111013058131 0.0026704697210889741 -0.00018676227555467116 0.0053315902556430395 0.0064911301259581331 -0.0010783152378811556
leaf_weight=49.169478069990873 12.052952442318199 1735.6445969752967 714.59012619778514 9.6470516808330995 60.061953812837601 1303.4940706118941 408.92798443883657 54.576399438083172 63.532653719186783 144.51484490185976 2264.4555190578103 119.85690401494503 39.319318167865276 1758.1039307713509
leaf_count=567 71 11315 3838 60 320 6391 2272 385 446 768 11775 596 206 8982
internal_value=-5.12908e-06 1.60131e-05 3.47274e-06 0.000537172 0.00541855 -0.000136747 -0.00122018 -0.00236929 0.00164399 0.000102718 0.000557509 0.00155204 -5.81114e-05 -0.000786272
internal_weight=8737.95 8688.78 8676.73 1805.35 69.709 6871.37 1241.63 832.699 118.109 5629.74 3727.13 1423.35 2303.77 1902.62
internal_count=47992 47425 47354 11695 380 35659 6941 4669 831 28718 18968 6987 11981 9750
is_linear=0
shrinkage=0.02


Tree=366
num_leaves=15
num_cat=0
split_feature=2 0 2 11 20 20 20 14 20 3 20 11 2 11
split_gain=1.60657 5.2737 9.56221 5.10034 4.66302 4.27578 4.07661 4.01552 6.63782 6.00645 6.00627 5.92998 5.12315 5.07499
threshold=164.50000000000003 62.525667351129371 169.50000000000003 20.786176581102236 6.7439698836413422 5.5186310746064349 7.6647227926078036 1.6238207547169814 5.7800958247775496 56.100000000000009 5.9420533880903497 23.131588737772447 154.50000000000003 38.196169316682507
decision_type=2 2 2 2 2 2 2 2 2 2 2 2 2 2
left_child=3 -2 -3 4 5 -1 -4 8 -5 12 -11 -12 -10 -13
right_child=1 2 6 7 -6 -7 -8 -9 9 10 11 13 -14 -15
leaf_value=-0.0061752289852419545 7.0295800037294405e-05 0.0061273420139467665 -0.0054787085924705064 -0.0022987708399545641 -0.008456368795495493 0.0027563212747845206 0.0013562998643214664 0.0008739161731222936 -0.00025316384570725015 0.0045669910766693508 -0.0051137905266795116 -0.00058476146723598454 0.0063946058126412228 0.003336095844909427
leaf_weight=30.876758441329002 4185.1529929935932 157.67754428088665 46.127158001065254 660.3675682656467 52.104351714253426 48.296041153371334 105.02112527191639 1100.0580900683999 82.663893155753613 90.731623783707619 103.30670337378979 1840.1268968731165 97.990697339177132 137.17002298682928
leaf_count=383 22782 826 194 4382 259 283 600 6432 417 464 510 9216 500 744
internal_value=-4.78414e-06 0.000258379 0.00275915 -0.000283915 -0.00409123 -0.00086306 -0.000825428 -0.000157071 -0.000535056 -3.51834e-05 -0.000330518 -0.000555486 0.00341705 -0.000304024
internal_weight=8737.67 4493.98 308.826 4243.69 131.277 79.1728 151.148 4112.42 3012.36 2351.99 2171.34 2080.6 180.655 1977.3
internal_count=47992 24402 1620 23590 925 666 794 22665 16233 11851 10934 10470 917 9960
is_linear=0
shrinkage=0.02


Tree=367
num_leaves=15
num_cat=0
split_feature=14 2 2 11 20 0 2 20 20 14 20 3 20 21
split_gain=1.60313 1.94597 1.74982 5.26586 4.92547 4.85458 9.55526 4.76406 4.14709 4.06793 6.38805 5.77507 5.77423 11.806
threshold=2.1602564102564106 163.50000000000003 164.50000000000003 20.786176581102236 6.7735386721423696 62.525667351129371 169.50000000000003 6.5596714579055453 10.253641341546887 1.6238207547169814 5.7800958247775496 56.100000000000009 5.9420533880903497 1.4901874449360875
decision_type=2 2 2 2 2 2 2 2 2 2 2 2 2 2
left_child=2 -2 3 4 7 8 -7 -1 -4 10 -5 -12 13 -13
right_child=1 -3 5 9 -6 6 -8 -9 -10 -11 11 12 -14 -15
leaf_value=-0.0027059497407042952 0.0010884134156538803 -0.0066090482857305514 0.00015493234717617083 -0.0022556787888886559 -0.0087524026472208805 0.0060740730489724616 -0.00088955323699821062 0.010642132713253529 -0.0089291787728987965 0.00090393941990959796 0.0033499845607431735 -0.00089907352768983011 -0.00054452922202024418 0.013477065146749994
leaf_weight=72.979294557124376 19.623375326395035 26.787701308727264 4145.8488605245948 659.62651285529137 50.354767575860023 156.83183574676514 150.63993207365274 7.3985800445079795 15.195106104016302 1079.0424389950931 180.75353170186281 59.559962280094624 2080.4488660693169 31.280690610408783
leaf_count=635 108 142 22534 4382 251 823 791 36 122 6317 917 315 10470 149
internal_value=-4.71426e-06 -0.00352621 1.58801e-05 -0.000275699 -0.0041519 0.000291785 0.00269633 -0.000902584 0.000110603 -0.000146416 -0.000524283 -3.41119e-05 -0.000323796 0.00447527
internal_weight=8736.37 46.4111 8689.96 4221.44 130.733 4468.52 307.472 80.3779 4161.04 4090.71 3011.67 2352.04 2171.29 90.8407
internal_count=47992 250 47742 23472 922 24270 1614 671 22656 22550 16233 11851 10934 464
is_linear=0
shrinkage=0.02


Tree=368
num_leaves=15
num_cat=0
split_feature=0 20 4 11 0 0 22 11 12 3 0 0 14 11
split_gain=1.58052 1.96322 3.82361 2.20971 1.93733 3.69015 4.07602 3.14497 4.04404 2.66224 2.59134 5.31768 4.93339 5.78962
threshold=39.552361396303908 4.6379192334017807 122.50000000000001 25.611410141398611 39.943874058863798 41.356605065023963 3.5000000000000004 29.41126178592911 40.500000000000007 56.100000000000009 49.671457905544152 51.642710472279269 1.4378511235955058 21.080004259063152
decision_type=2 2 2 2 2 2 2 2 2 2 2 2 2 2
left_child=1 -1 3 -3 -2 6 7 9 -9 -6 -7 12 -12 -14
right_child=4 2 -4 -5 5 10 -8 8 -10 -11 11 -13 13 -15
leaf_value=-0.0092780533819397694 0.0028375644207549772 -0.0019335602679524939 -0.0066587366528062632 0.010159457503555737 -0.0074645473620459984 0.00072039615396996448 -0.012462262993643915 -0.010781318367236042 0.0022780081442830245 0.001122889165287819 -0.0060515909181277161 6.7906439029425251e-05 -0.0091678574305129878 -0.0006804022039791157
leaf_weight=11.281916800886391 91.230007242411375 7.8556818179786232 16.083470806479454 8.9948953539133054 11.800638128072022 1770.1261707097292 11.635234974324701 23.385280303657055 11.656227864325045 97.595919314771891 86.597172498703003 5883.1526113040745 28.899952437728643 675.2430357709527
leaf_count=142 775 76 96 66 162 10927 67 170 72 873 539 30120 198 3709
internal_value=-4.57377e-06 -0.00357873 -0.000608055 0.00527782 1.54264e-05 -1.59098e-05 -0.00301481 -0.00184888 -0.0066453 -7.17269e-05 4.10344e-05 -0.000139259 -0.00167383 -0.00109376
internal_weight=8735.54 44.216 32.934 16.8506 8691.32 8600.09 156.073 144.438 35.0415 109.397 8444.02 6673.89 790.74 704.143
internal_count=47992 380 238 142 47612 46837 1344 1277 242 1035 45493 34566 4446 3907
is_linear=0
shrinkage=0.02


Tree=369
num_leaves=15
num_cat=0
split_feature=2 6 4 12 0 11 3 2 0 0 4 0 10 7
split_gain=1.5716 3.46554 5.44548 4.6277 4.14885 2.97789 7.95571 4.44586 4.34487 5.02734 3.30276 3.12253 3.05592 3.69436
threshold=159.50000000000003 2.5000000000000004 130.50000000000003 49.500000000000007 56.108145106091726 34.773181462673456 100.50000000000001 170.50000000000003 49.613963039014386 45.288158795345659 159.50000000000003 41.882272416153327 1.0000000180025095e-35 2.5000000000000004
decision_type=2 2 2 2 2 2 2 2 2 2 2 2 2 2
left_child=1 -1 -3 -4 -5 6 12 11 9 -8 -9 -7 13 -2
right_child=5 2 3 4 -6 7 8 10 -10 -11 -12 -13 -14 -15
leaf_value=-0.00075734862139351133 0.0013390688981795038 0.0038125158436347153 0.0090510413449756237 -0.0075664212151624341 0.00015800716237098584 -0.0066492574983727628 -0.0070795286343678862 0.0077855074632578901 -0.0095097302403448977 0.0088136676091893438 -0.0024957203536049633 0.0012393040084488556 -0.00010839003730195079 -0.0025502027099242753
leaf_weight=1980.4992922022939 1131.3326731435955 170.74410435557365 9.4563604146242124 41.665586523711681 67.143293417990208 16.379370085895061 11.143517635762693 63.068124890327454 48.330236449837685 10.706460513174532 12.458681069314478 322.30969380587339 4748.1728971265256 101.96361794322729
leaf_count=10924 5932 923 64 285 501 96 66 340 266 59 100 1808 26140 488
internal_value=-5.03913e-06 -0.000457477 0.00156859 -0.00167807 -0.00298476 0.000153688 4.03918e-05 0.00178393 -0.00642474 0.000824694 0.00601505 0.000760802 0.000121884 0.00100691
internal_weight=8735.37 2269.51 289.009 118.265 108.809 6465.87 6051.65 414.216 70.1802 21.85 75.5268 338.689 5981.47 1233.3
internal_count=47992 12697 1773 850 786 35295 32951 2344 391 125 440 1904 32560 6420
is_linear=0
shrinkage=0.02


Tree=370
num_leaves=15
num_cat=0
split_feature=14 12 22 11 21 20 11 20 20 11 14 18 11 2
split_gain=1.54942 1.98905 2.63409 3.97172 7.32667 4.12168 1.90704 2.77608 3.18937 2.68566 3.75272 5.69134 5.03418 3.07399
threshold=2.1602564102564106 73.500000000000014 3.5000000000000004 27.337776069033286 1.8123998665202941 8.442422997946613 43.283037195056544 7.017056810403834 8.1857357973990439 38.196169316682507 1.5562587904360059 27.616787504081717 40.416051117596901 156.50000000000003
decision_type=2 2 2 2 2 2 2 2 2 2 2 2 2 2
left_child=1 6 3 -3 5 -5 9 -8 -9 -1 11 -11 -13 -12
right_child=-2 2 -4 4 -6 -7 7 8 -10 10 13 12 -14 -15
leaf_value=-4.8855648795247696e-05 -0.0034653831440921816 0.0056850087821106758 0.0080579421497160939 0.0023082213242723525 0.0044068170317957834 -0.012504406108534928 0.00086104913986978244 -0.0095213778373103297 0.00029018652701675093 -0.0008752861565803333 0.003607769932406813 0.010508956727921273 0.00026057634381966213 -0.0036084145385127183
leaf_weight=8246.3137047588825 46.458416324108839 36.906336508691311 22.153402246534824 8.2738295793533343 29.869584105908871 21.542739614844322 43.285823091864586 29.346558801829815 20.48089787364006 54.110874071717262 32.38891664147377 55.724619202315807 28.99170695990324 59.19975783675909
leaf_count=44963 250 313 178 71 251 173 210 149 138 288 190 299 161 358
internal_value=-4.98396e-06 1.52714e-05 0.00253293 0.000911874 -0.00221992 -0.0085954 -2.08373e-05 -0.00279326 -0.00579331 1.10094e-05 0.00211754 0.00413879 0.00723402 -0.000981158
internal_weight=8735.05 8688.59 118.746 96.5925 59.6862 29.8166 8569.84 93.1133 49.8275 8476.73 230.416 138.827 84.7163 91.5887
internal_count=47992 47742 986 808 495 244 46756 497 287 46259 1296 748 460 548
is_linear=0
shrinkage=0.02


Tree=371
num_leaves=15
num_cat=0
split_feature=7 3 21 20 21 6 21 14 3 3 14 14 14 11
split_gain=1.55953 3.91297 3.91926 3.85906 6.27221 5.10818 3.51718 3.28146 3.19275 2.88857 6.17555 4.51805 8.87955 5.90116
threshold=2.5000000000000004 94.500000000000014 1.1069466760038027 7.0535112936344975 1.7287134133884103 1.5000000000000002 2.0107264631386812 1.5550505050505052 106.50000000000001 92.100000000000009 1.3166248955722641 1.6257530120481929 1.57959714100065 34.079559578546345
decision_type=2 2 2 2 2 2 2 2 2 2 2 2 2 2
left_child=9 2 7 4 -3 -5 -7 -2 -8 -1 -11 12 13 -12
right_child=1 3 -4 5 -6 6 8 -9 -10 10 11 -13 -14 -15
leaf_value=-4.7339010516453575e-05 -0.0011822102700002198 -0.0089645360602692067 0.00015111072926662374 -0.017018474561104106 0.0060692787278027582 0.0048623233121398747 -0.010947348302257288 -0.012032521768438519 0.00040514125258185113 0.012913393269281394 -0.0017652159661510228 0.0039094260085776296 -0.0048740603267536497 0.0028818422005678929
leaf_weight=7249.4173743724823 29.362651839852333 12.758080199360846 586.37805031239986 12.325225874781607 24.583861157298088 10.713023178279398 19.670016549527645 14.862373951822518 15.436300545930861 12.782475501298903 160.21325509995222 157.64241740852594 109.27520630508661 319.39362940937281
leaf_count=40023 149 61 2966 64 116 63 119 88 89 65 835 1103 572 1679
internal_value=-4.78846e-06 -0.000889267 -0.00029933 -0.00455662 0.000433607 -0.00757371 -0.00356931 -0.00572104 -0.00647757 7.56557e-05 0.00124518 0.000958144 0.000138462 0.00132316
internal_weight=8734.81 726.09 630.603 95.4865 37.3419 58.1446 45.8193 44.225 35.1063 8008.72 759.307 746.525 588.882 479.607
internal_count=47992 3715 3203 512 177 335 271 237 208 44277 4254 4189 3086 2514
is_linear=0
shrinkage=0.02


Tree=372
num_leaves=15
num_cat=0
split_feature=13 4 3 11 0 11 4 11 0 14 5 0 14 7
split_gain=1.54265 2.09862 2.56232 4.00497 4.58827 7.27441 4.14147 3.2987 2.92631 2.75642 1.84335 1.75328 2.96221 1.70916
threshold=138.66666666666671 169.50000000000003 65.15000000000002 33.23368542576241 53.520876112251891 31.104500931434412 170.50000000000003 23.334793563870971 60.135523613963045 1.8993670886075951 59.500000000000007 64.527036276522935 1.5550505050505052 2.5000000000000004
decision_type=2 2 2 2 2 2 2 2 2 2 2 2 2 2
left_child=1 10 7 4 9 6 -6 -3 -8 -4 -1 13 -13 -12
right_child=-2 2 3 -5 5 -7 8 -9 -10 -11 11 12 -14 -15
leaf_value=0.0062471649474431399 -0.0053283597355850048 -0.00075052397218549911 0.00969312058161486 0.0062062317515783408 0.0063813637309906223 -0.016623957428726494 -0.010765208009817116 0.014736459847930455 0.0027431575321027191 -0.0033549355049797441 2.3286544446709071e-05 -0.00059209757966443286 0.010485136317431904 -0.0010001807592626495
leaf_weight=13.676724523305891 16.721761912107468 7.9405538439750698 13.030653499066831 34.751749560236931 16.083224222064018 10.329111173748968 11.171142831444742 8.9380647093057615 7.5621314495801917 6.6694348379969588 7848.5963195599616 20.606820076704025 11.920992299914358 706.57023980468512
leaf_count=91 121 65 123 297 133 82 88 77 63 53 43055 91 74 3579
internal_value=-4.97996e-06 8.04997e-06 0.00261863 0.00117034 -0.00175091 -0.00514335 -2.72773e-05 0.00885273 -0.00579885 0.00540982 -2.85698e-05 -4.24266e-05 0.00427036 -6.15427e-05
internal_weight=8734.57 8717.85 116.476 99.5974 64.8457 45.1456 34.8165 16.8786 18.7333 19.7001 8601.37 8587.69 32.5278 8555.17
internal_count=47992 47871 981 839 542 366 284 142 151 176 46890 46799 165 46634
is_linear=0
shrinkage=0.02


Tree=373
num_leaves=15
num_cat=0
split_feature=9 3 0 20 24 14 21 0 21 20 0 2 0 11
split_gain=1.54171 5.94159 3.88507 4.59618 4.08733 3.79034 4.98682 4.86314 4.84901 4.53715 3.90039 4.48112 3.5664 3.50751
threshold=1.0000000180025095e-35 61.100000000000009 46.125941136208084 5.0663107460643415 1.5000000000000002 1.4236111111111114 1.4744069453880517 53.997262149212879 1.481081109475552 6.0376317590691313 63.713894592744701 173.50000000000003 48.143737166324442 26.374068120774979
decision_type=2 2 2 2 2 2 2 2 2 2 2 2 2 2
left_child=-1 -2 3 4 -3 8 9 -8 -4 12 11 -9 -7 -11
right_child=1 2 5 -5 -6 6 7 10 -10 13 -12 -13 -14 -15
leaf_value=5.5422938262215283e-05 -0.0081577952913709194 -0.0035974473243528672 -0.0024033749745312454 -0.0078567527518786581 0.011523640007552537 0.0041585313390476763 0.0030584200104528422 -0.0071905078979942298 0.012225214584463495 0.0027558207443313721 0.0045919463010118209 0.0022753196373578792 -0.0085710962983769866 0.012414438718865824
leaf_weight=8310.7137006670237 38.795705128461123 13.272141970694067 12.294595681130888 45.965284805744886 7.0246928855776778 10.837983537465336 46.586241252720356 95.527401469647884 18.06377024948597 66.529235400259495 13.908483557403086 22.065234519541264 16.190989084541798 16.76574033498764
leaf_count=45446 276 148 70 289 45 76 261 513 91 374 76 119 110 98
internal_value=-4.65532e-06 -0.00117429 -0.000369945 -0.00459692 0.00280016 0.000559954 -0.000187784 -0.00224298 0.00674223 0.00306583 -0.00417897 -0.00537766 -0.00355201 0.00531549
internal_weight=8734.54 423.827 385.032 66.2621 20.2968 318.77 288.411 178.087 30.3584 110.324 131.501 117.593 27.029 83.295
internal_count=47992 2546 2270 482 193 1788 1627 969 161 658 708 632 186 472
is_linear=0
shrinkage=0.02


Tree=374
num_leaves=15
num_cat=0
split_feature=2 6 4 12 0 2 3 2 0 0 4 10 11 0
split_gain=1.52515 3.37018 5.25762 4.50862 3.98661 3.17824 2.83568 6.07403 4.5225 2.97516 4.06224 2.85491 6.07267 2.73762
threshold=159.50000000000003 2.5000000000000004 130.50000000000003 49.500000000000007 55.527720739219724 157.50000000000003 52.150000000000006 163.50000000000003 56.485968514715957 64.149212867898711 129.50000000000003 1.0000000180025095e-35 24.568394210023282 49.115674195756334
decision_type=2 2 2 2 2 2 2 2 2 2 2 2 2 2
left_child=1 -1 -3 -4 -5 -6 7 -2 -9 13 11 -11 -13 -8
right_child=6 2 3 4 5 -7 9 8 -10 10 -12 12 -14 -15
leaf_value=-0.00074584748134918599 -0.0091860420745096989 0.0037563184798398846 0.0089714844294591541 -0.008033145196123052 -0.0024564161955376684 0.00641853523723578 0.00090050001628808702 -0.0029640880546097283 0.0102595187107911 0.0063782380417605842 0.0080097599038356365 0.0046913038278588708 -0.007516798173297418 -9.0475131341651344e-05
leaf_weight=1980.1756036132574 34.136383809149265 170.49564915150404 9.4052838087081891 34.798037588596344 57.436276465654373 16.755963243544102 1442.7468156553805 23.689807735383511 11.329984277486799 17.91669000685215 40.747043088078499 25.823425352573395 29.879334524273872 4839.1048377230763
leaf_count=10924 248 923 64 235 425 126 9313 185 59 84 288 107 125 24886
internal_value=-4.36963e-06 -0.000450125 0.00154827 -0.00163859 -0.00292509 -0.000148096 0.000151989 -0.00373549 0.00201147 0.000197218 0.00332599 0.000363641 -0.00190401 0.000137338
internal_weight=8734.44 2269.07 288.891 118.396 108.99 74.1922 6465.37 69.1562 35.0198 6396.22 114.366 73.6194 55.7028 6281.85
internal_count=47992 12697 1773 850 786 551 35295 492 244 34803 604 316 232 34199
is_linear=0
shrinkage=0.02


Tree=375
num_leaves=15
num_cat=0
split_feature=18 3 3 18 18 22 3 3 21 18 18 18 14 11
split_gain=1.53212 1.95419 2.99735 1.86396 3.596 3.97263 3.0774 4.51771 3.33261 2.75267 2.43598 5.09462 4.78172 5.57635
threshold=15.64389293897788 64.600000000000009 72.65000000000002 15.955130767043284 17.103687843783224 3.5000000000000004 74.40000000000002 87.500000000000014 0.91008259853997253 16.238527894548714 24.672537323362011 26.669695467976194 1.4378511235955058 21.080004259063152
decision_type=2 2 2 2 2 2 2 2 2 2 2 2 2 2
left_child=1 -1 -3 -2 5 6 8 -8 -5 -9 -6 12 -12 -14
right_child=3 2 -4 4 10 -7 7 9 -10 -11 11 -13 13 -15
leaf_value=0.0031787072968238088 0.0027823755918672524 -0.01192343471966229 -0.00057249197907711762 -0.0050432833755192398 0.00069969565598412375 -0.012314326667712016 -0.0093468744511890026 0.0063011467180726088 0.0030416552599258186 -0.0052263642251642629 -0.005951297691319306 6.897496325671355e-05 -0.0090026667319765812 -0.0006604454087488263
leaf_weight=9.6388040408492071 91.328507605940104 12.124648734927176 22.433369323611259 24.345473185181618 1770.3139353320003 11.601093344390391 34.496203549206257 13.894988603889944 61.746055960655212 9.8353799656033498 86.396439608186483 5882.1653477437794 28.792741451412439 675.10303507000208
leaf_count=109 775 104 167 280 10927 67 282 91 562 62 539 30120 198 3709
internal_value=-4.05797e-06 -0.00352375 -0.00560923 1.5629e-05 -1.51247e-05 -0.00297697 -0.00182577 -0.00518202 0.000582062 0.00137572 4.10668e-05 -0.000133772 -0.00163628 -0.00106559
internal_weight=8734.22 44.1968 34.558 8690.02 8598.69 155.919 144.318 58.2266 86.0915 23.7304 8442.77 6672.46 790.292 703.896
internal_count=47992 380 271 47612 46837 1344 1277 435 842 153 45493 34566 4446 3907
is_linear=0
shrinkage=0.02


Tree=376
num_leaves=15
num_cat=0
split_feature=14 2 9 3 21 11 14 0 20 20 24 20 21 21
split_gain=1.50998 1.87901 1.64677 5.63857 3.82032 4.31726 4.43127 5.91819 4.91109 4.4114 4.92573 4.40283 3.68883 3.5122
threshold=2.1602564102564106 163.50000000000003 1.0000000180025095e-35 61.100000000000009 1.1171005696926202 23.229444012384075 1.429401993355482 56.398357289527731 5.6294455852156071 5.9804928131416846 1.5000000000000002 7.8700889801505829 1.6892174272160954 1.6331776299528482
decision_type=2 2 2 2 2 2 2 2 2 2 2 2 2 2
left_child=2 -2 -1 -4 -5 -6 8 9 -7 10 -8 13 -11 -9
right_child=1 -3 3 4 5 6 7 11 -10 12 -12 -13 -14 -15
leaf_value=7.8223670535268558e-05 0.001108236374613507 -0.0064440212308531902 -0.0080076394490679569 -0.0070803545009838478 0.0082457706872315246 -0.0038750677854409079 -0.008025860749350959 -0.013051446985748694 0.0099932070309987926 0.0047268559530156233 0.0034332685669324387 -0.00017330435395754504 -0.0024863429539931721 -0.0031421947656692091
leaf_weight=8265.9823020994663 19.626245688647032 26.870552465319633 38.681022059172392 26.553691241890192 19.729207508265972 11.780816435813902 33.427401192486286 27.04121458530426 25.693226359784603 99.853539742529392 20.643822595477104 48.430661201477051 34.874516241252422 34.868573665618896
leaf_count=45208 108 142 275 231 113 77 226 125 134 575 107 320 196 155
internal_value=-4.49532e-06 -0.0034193 1.55073e-05 -0.001196 -0.000408374 0.000174362 -0.00040662 -0.00125141 0.00564338 0.00089843 -0.00369674 -0.00482674 0.00282324 -0.00815216
internal_weight=8734.06 46.4968 8687.56 421.578 382.897 356.343 336.614 299.14 37.474 188.799 54.0712 110.34 134.728 61.9098
internal_count=47992 250 47742 2534 2259 2028 1915 1704 211 1104 333 600 771 280
is_linear=0
shrinkage=0.02


Tree=377
num_leaves=15
num_cat=0
split_feature=13 4 3 11 21 11 14 20 11 5 18 12 11 20
split_gain=1.49173 2.04286 2.52253 3.90079 4.82834 7.26882 4.3929 5.85976 3.24442 1.80164 1.67914 3.49011 1.68814 2.72894
threshold=138.66666666666671 169.50000000000003 65.15000000000002 33.23368542576241 1.7349634007424106 31.104500931434412 2.0857142857142863 10.253641341546887 23.334793563870971 59.500000000000007 41.637384125056634 40.500000000000007 43.283037195056544 7.017056810403834
decision_type=2 2 2 2 2 2 2 2 2 2 2 2 2 2
left_child=1 9 8 4 6 -6 7 -4 -3 -1 12 -12 -11 -14
right_child=-2 2 3 -5 5 -7 -8 -9 -10 10 11 -13 13 -15
leaf_value=0.0061733017269372135 -0.0052325242346151846 -0.00072815419121464759 0.0089442661643261527 0.0061326072326863433 0.0030223403574174672 -0.01784410639409394 -0.0085610721671855877 -0.0068160343451469634 0.014652116047754151 -3.0051920072859695e-05 -0.00099315995997579501 0.011003684072186064 0.00090284870554105173 -0.0057206451501876678
leaf_weight=13.6949773915112 16.779618792235851 7.9487374424934414 28.884688898921013 34.614514641463757 9.6298954188823718 9.8566737249493581 7.7420974522829047 8.7704484090208989 8.8467600271105749 8462.6040875725448 20.691266283392906 11.733318172395228 43.46373738348484 48.501468360424042
leaf_count=91 121 65 258 297 78 77 55 74 77 46146 91 74 211 277
internal_value=-4.70079e-06 8.12697e-06 0.00258576 0.00115007 -0.00172801 -0.00893909 0.0019074 0.00485789 0.00878418 -2.7976e-05 -4.16856e-05 0.00418475 -6.0374e-05 -0.00268455
internal_weight=8733.76 8716.98 116.294 99.4983 64.8838 19.4866 45.3972 37.6551 16.7955 8600.69 8586.99 32.4246 8554.57 91.9652
internal_count=47992 47871 981 839 542 155 387 332 142 46890 46799 165 46634 488
is_linear=0
shrinkage=0.02


Tree=378
num_leaves=15
num_cat=0
split_feature=21 21 24 2 2 21 2 11 2 11 11 2 2 4
split_gain=1.4877 2.13139 4.04458 4.51124 3.70958 2.18429 3.66391 5.59528 5.54382 3.08615 2.99434 7.13555 3.73327 3.78082
threshold=0.82999756013193193 0.8955113507124598 1.0000000180025095e-35 161.50000000000003 164.50000000000003 0.97037627849649521 162.50000000000003 21.969228019313014 159.50000000000003 18.349237673010382 21.080004259063152 162.50000000000003 169.50000000000003 124.50000000000001
decision_type=2 2 2 2 2 2 2 2 2 2 2 2 2 2
left_child=-1 2 3 -2 -4 6 7 -3 -9 -7 11 -11 -13 -14
right_child=1 5 4 -5 -6 9 -8 8 -10 10 -12 12 13 -15
leaf_value=-0.0040945217861168351 0.0072921635401597641 0.0090109541520711333 -0.0015631052778016033 -0.0071624061119424281 0.011437707206201558 0.0068194878454234092 -0.0042521760080015038 -0.010688964532958209 0.0054444480680433914 -0.0066029743478754274 7.3802889875538026e-05 0.0027679162382947247 0 -0.0094896275815934215
leaf_weight=30.432642415165901 8.8396506905555743 20.424765225499868 10.675542347133158 18.321234706789255 23.950044132769108 21.680819503962994 109.99977741390467 13.995287049561741 11.066806919872759 86.5532739572227 8207.2870227210224 99.057090722024441 51.666650138795376 19.700250990688801
leaf_count=378 115 180 89 191 172 113 891 147 105 501 44191 534 280 105
internal_value=-4.54099e-06 1.18736e-05 0.00357115 -0.00199358 0.00768745 -1.53944e-05 -0.00232707 0.00224883 -0.00377768 2.80718e-05 6.424e-06 -0.00209821 0.000301213 -0.00305343
internal_weight=8733.65 8703.22 61.7865 27.1609 34.6256 8641.43 155.487 45.4869 25.0621 8485.95 8464.26 256.977 170.424 71.3669
internal_count=47992 47614 567 306 261 47047 1323 432 252 45724 45611 1420 919 385
is_linear=0
shrinkage=0.02


Tree=379
num_leaves=15
num_cat=0
split_feature=13 13 11 11 10 14 20 20 20 20 2 11 11 11
split_gain=1.49036 3.69635 3.46166 7.7024 6.2574 5.82628 3.63524 3.57571 3.14475 3.44439 3.44764 2.98899 5.00906 3.02003
threshold=92.500000000000014 90.833333333333357 30.840473245365903 30.113496445536359 1.0000000180025095e-35 1.5932149246102736 5.9970568104038344 7.0736481861738545 8.1857357973990439 7.0273237508555795 156.50000000000003 37.382066363433701 35.20267438583155 33.132884571542036
decision_type=2 2 2 2 2 2 2 2 2 2 2 2 2 2
left_child=1 2 3 8 -5 11 -7 -8 9 -1 -11 12 13 -4
right_child=-2 -3 5 4 -6 6 7 -9 -10 10 -12 -13 -14 -15
leaf_value=-0.00027700187317923267 0.0001316746219651267 -0.0081183414890542687 0.0010695363701862528 0.0038141158499289474 -0.01150004328493006 0.010049273957259065 -0.0010607447276301417 0.0070682475323038405 0.0082159957462904359 0.0031336733251026471 -0.0047410546678861203 -0.0059912432739873964 0.007712849331629682 -0.0048713019706666857
leaf_weight=1329.0021389424801 6864.8511058501899 20.2038808837533 89.957734458148479 11.071332678198813 39.752956762909889 34.185919754207134 48.831172257661819 31.93633721768856 11.327631205320357 22.863391637802124 125.21018658578396 29.194448128342628 26.450277239084244 48.625865876674652
leaf_count=8565 36843 104 468 52 228 169 209 142 54 98 532 149 135 244
internal_value=-4.46106e-06 -0.000504676 -0.0003987 -0.000787938 -0.00808542 0.00151441 0.0049833 0.0023549 -0.000511176 -0.000606946 -0.00344944 -0.000602138 0.000487575 -0.00109809
internal_weight=8733.46 1868.61 1848.41 1539.23 50.8243 309.182 114.953 80.7675 1488.4 1477.08 148.074 194.228 165.034 138.584
internal_count=47992 11149 11045 9529 280 1516 520 351 9249 9195 630 996 847 712
is_linear=0
shrinkage=0.02


Tree=380
num_leaves=15
num_cat=0
split_feature=14 6 18 24 20 2 14 18 20 7 12 18 3 21
split_gain=1.47984 1.70337 3.70595 3.61418 6.94771 4.09664 4.35773 7.15924 4.90554 3.29423 5.814 4.18654 5.11137 6.13654
threshold=2.2875939849624065 2.5000000000000004 38.473956864326944 1.5000000000000002 7.5508692676249156 154.50000000000003 1.5562587904360059 26.978816324599293 6.7272416153319652 2.5000000000000004 57.500000000000007 37.508707986475663 88.500000000000014 1.1770878349872127
decision_type=2 2 2 2 2 2 2 2 2 2 2 2 2 2
left_child=1 9 3 4 5 -3 7 -7 -9 -1 11 12 13 -11
right_child=-2 2 -4 -5 -6 6 -8 8 -10 10 -12 -13 -14 -15
leaf_value=-9.432804651724168e-06 -0.0046510595372321675 -0.0034526003134419058 0.0039127868213468713 -0.00028696543136959524 -0.0084049196596060211 0.011939014056679569 0.011469423961562364 -0.0078853396337772962 0.0039794467935912181 -0.005956970456562247 -0.0089066934521393852 -0.006617185744648299 -0.0058008816906736137 0.0039610343792970959
leaf_weight=7506.6972796544433 22.330438613891602 16.589689768850803 127.64654611051083 683.27685365825891 13.296400927007197 18.098206222057343 37.004478789865971 20.683767855167389 25.652482032775879 26.261738181114197 39.220562361180782 37.137882083654404 37.297548100352287 121.82949402928352
leaf_count=40994 118 90 871 3982 91 96 212 104 141 155 238 165 169 566
internal_value=-4.31449e-06 1.00297e-05 0.000810957 0.000301561 0.00327652 0.00489684 0.00637917 0.00281164 -0.00153002 -8.7318e-05 -0.00227146 -0.000923173 0.000350796 0.00205205
internal_weight=8733.02 8710.69 942.248 814.602 131.325 118.029 101.439 64.4345 46.3362 7768.44 261.747 222.527 185.389 148.091
internal_count=47992 47874 5587 4716 734 643 553 341 245 42287 1293 1055 890 721
is_linear=0
shrinkage=0.02


Tree=381
num_leaves=15
num_cat=0
split_feature=0 20 4 11 0 0 22 11 2 21 0 6 14 0
split_gain=1.47443 1.94891 3.70147 2.11616 1.8203 3.45134 3.88139 3.03982 3.22584 2.43998 2.35583 4.07239 5.64051 3.98732
threshold=39.552361396303908 4.6379192334017807 122.50000000000001 25.611410141398611 39.943874058863798 41.356605065023963 3.5000000000000004 29.41126178592911 164.50000000000003 0.91008259853997253 49.115674195756334 2.5000000000000004 1.5174631108704484 48.340862422997951
decision_type=2 2 2 2 2 2 2 2 2 2 2 2 2 2
left_child=1 -1 3 -3 -2 6 7 9 -9 -6 11 13 -13 -7
right_child=4 2 -4 -5 5 10 -8 8 -10 -11 -12 12 -14 -15
leaf_value=-0.0091632333411798689 0.0027484509593504788 -0.0018433825520558658 -0.0064794806244536938 0.01001494697811826 -0.0050527838905457543 0.00023383175353341689 -0.012158164314707657 -0.010952386393753682 0.00050371593898516118 0.0015836867554869475 -0.00011967908475583281 0.0092679035091701861 -0.00030176870829244943 0.0050236808110239797
leaf_weight=11.164121638983486 91.368752386420965 7.8115846589207676 16.108773242682219 9.0346244350075704 24.405588708817959 1402.7286084964871 11.564211219549177 19.796663016080856 15.060869276523588 84.873408921062946 6878.30864649266 46.297248393297195 46.063907653093338 68.274259392172098
leaf_count=142 775 76 96 66 282 8851 67 142 100 753 35720 250 302 370
internal_value=-4.42942e-06 -0.00345996 -0.00052258 0.0052613 1.48666e-05 -1.55327e-05 -0.0029192 -0.00178177 -0.00651013 -3.71788e-05 3.94828e-05 0.000739169 0.00470422 0.000473765
internal_weight=8732.86 44.1191 32.955 16.8462 8688.74 8597.37 155.701 144.137 34.8575 109.279 8441.67 1563.36 92.3612 1471
internal_count=47992 380 238 142 47612 46837 1344 1277 242 1035 45493 9773 552 9221
is_linear=0
shrinkage=0.02


Tree=382
num_leaves=15
num_cat=0
split_feature=20 13 3 20 21 21 21 20 20 0 5 11 20 0
split_gain=1.45459 2.15749 4.35533 4.03916 3.44161 4.34953 4.58664 4.25065 3.25972 2.77998 2.53765 2.21294 2.30394 2.75686
threshold=4.1803148528405218 76.833333333333357 75.800000000000011 5.531882272416154 0.99823788246432177 1.196087915296228 1.3218797139278637 5.0663107460643415 4.9765092402464068 58.391512662559897 69.500000000000014 21.792900166602593 4.9948802190280635 46.501026694045187
decision_type=2 2 2 2 2 2 2 2 2 2 2 2 2 2
left_child=-1 2 4 8 -2 11 -7 -8 -4 -9 -3 -6 13 -13
right_child=1 10 3 -5 5 6 7 9 -10 -11 -12 12 -14 -15
leaf_value=-0.0032826258832316818 0.0085431866901978602 -0.0029425054753030727 0.0067500166131000613 0.013120999775016717 -0.010530613655228711 0.0070382639290635911 0.0066895387937971982 -0.008786367517469371 -0.0049535002148118467 0.00050596900540570626 8.735816840294933e-06 -0.011036341372740784 0.0055801300212426257 0.0029317868972460678
leaf_weight=48.817392639815807 12.763112314045427 113.17001773044467 15.945746280252935 18.943971320986748 16.965918269008398 32.910191230475903 13.002220019698141 23.477637834846973 12.574648655951021 21.86848808825016 8380.0862452536821 7.8400505930185336 7.7341239079833022 6.7991592921316624
leaf_count=567 158 591 103 84 139 217 84 127 66 101 45574 71 50 60
internal_value=-4.53429e-06 1.55416e-05 0.00209119 0.00702376 0.000262944 -0.000816702 0.00158561 -0.00177106 0.00156108 -0.00466015 -3.20613e-05 -0.00598502 -0.00117108 -0.00535228
internal_weight=8732.9 8684.08 190.825 47.4644 143.361 130.598 91.2585 58.3483 28.5204 45.3461 8493.26 39.3393 22.3733 14.6392
internal_count=47992 47425 1260 253 1007 849 529 312 169 228 46165 320 181 131
is_linear=0
shrinkage=0.02


Tree=383
num_leaves=15
num_cat=0
split_feature=2 6 4 0 2 23 0 0 11 3 2 24 0 20
split_gain=1.44897 3.21545 5.0412 3.88281 2.78665 3.8531 3.39741 3.31681 2.74969 7.68678 4.25437 4.16435 3.67152 3.6742
threshold=159.50000000000003 2.5000000000000004 130.50000000000003 51.642710472279269 151.50000000000003 1.0000000180025095e-35 58.772073921971263 60.015058179329237 34.773181462673456 100.50000000000001 170.50000000000003 1.0000000180025095e-35 49.671457905544152 8.3584804928131433
decision_type=2 2 2 2 2 2 2 2 2 2 2 2 2 2
left_child=1 -1 -3 -4 -5 7 -7 -6 9 -2 -10 -11 -13 -14
right_child=8 2 3 4 5 6 -8 -9 10 11 -12 12 13 -15
leaf_value=-0.00072768934841453551 0.00011938893793273318 0.0036804255869169033 -0.0086041612547493925 -0.0055259073235061759 0.0078313574720274091 -0.011226329397506361 0.0029229293064201955 -0.0014393492674381933 0.00071531879138360551 0.0034666137228345807 0.0058600440157411558 -0.0004625298348006766 -0.014564493723570018 -0.00073464966003966873
leaf_weight=1979.7991189993918 5980.425581023097 170.12663077563047 20.227778017520905 21.028663516044617 36.451235860586166 9.5117857307195681 9.3595561161637288 21.929980166256428 338.39939128607512 11.421163238584993 75.327200166881084 17.995751947164536 29.846882984042168 10.96616707742214
leaf_count=10924 32560 923 135 146 260 65 71 173 1904 54 440 104 154 79
internal_value=-4.32252e-06 -0.000438876 0.00151399 -0.00160296 0.00016541 0.00198068 -0.00498263 0.00447858 0.00014808 3.92404e-05 0.00171558 -0.00631354 -0.00836707 -0.0113779
internal_weight=8732.82 2268.43 288.636 118.509 98.2812 77.2526 18.8713 58.3812 6464.38 6050.66 413.727 70.23 58.8088 40.8131
internal_count=47992 12697 1773 850 715 569 136 433 35295 32951 2344 391 337 233
is_linear=0
shrinkage=0.02


Tree=384
num_leaves=15
num_cat=0
split_feature=7 2 21 0 24 8 21 2 20 20 20 21 2 22
split_gain=1.47142 3.78928 4.57503 3.62249 2.76854 6.79076 4.88785 4.04068 7.36127 5.1718 3.74846 3.90762 3.54055 3.42371
threshold=2.5000000000000004 176.50000000000003 2.5422109608276444 52.031485284052032 1.5000000000000002 1.0000000180025095e-35 1.6789033534095226 154.50000000000003 5.6669815195071882 8.9503901437371685 4.8016974674880233 2.3865662788044726 157.50000000000003 2.5000000000000004
decision_type=2 2 2 2 2 2 2 2 2 2 2 2 2 2
left_child=4 2 -2 -3 5 13 12 8 -6 -10 -9 -12 -7 -1
right_child=1 3 -4 -5 7 6 -8 10 9 -11 11 -13 -14 -15
leaf_value=-6.2205097790418604e-05 -0.00019216305414509663 -0.012479867811545151 -0.010150757423800425 -0.0011556716001313964 0.0095018209010613204 -0.01402751809426267 0.0031713248544169574 0.0070617672257950112 -0.0048456887865704051 0.0038312093630308735 0.00079220680596020087 0.0079099391045744892 -0.0035739898644440733 0.002914021478913959
leaf_weight=5840.1118956878781 668.39483267441392 16.274845845997334 14.004189163446425 27.506215706467628 15.256563626229761 9.8943175226449949 36.804328612983227 36.423046350479126 140.61158943921328 29.65615689009428 1500.5996090807021 26.666390664875507 216.49709093943238 153.79824694246054
leaf_count=31082 3425 81 73 136 76 66 157 228 811 242 9145 191 1395 884
internal_value=-4.44222e-06 -0.000863511 -0.000471791 -0.00625394 7.37167e-05 -0.000122776 -0.00323638 0.000776078 -0.00197528 -0.00325681 0.00110904 0.000943195 -0.00433274 1.61939e-05
internal_weight=8732.5 726.18 682.399 43.7811 8006.32 6257.11 263.196 1749.21 185.524 170.268 1563.69 1527.27 226.391 5993.91
internal_count=47992 3715 3498 217 44277 33584 1618 10693 1129 1053 9564 9336 1461 31966
is_linear=0
shrinkage=0.02


Tree=385
num_leaves=15
num_cat=0
split_feature=13 4 3 11 2 11 0 0 4 14 5 10 13 4
split_gain=1.44705 1.96228 2.49546 3.7936 4.47967 3.18922 2.43415 5.47118 6.10431 3.42557 1.73557 1.75032 4.38464 3.41476
threshold=138.66666666666671 169.50000000000003 65.15000000000002 33.23368542576241 160.50000000000003 23.334793563870971 55.626283367556475 60.135523613963045 173.50000000000003 1.9023809523809525 59.500000000000007 1.0000000180025095e-35 112.50000000000001 148.50000000000003
decision_type=2 2 2 2 2 2 2 2 2 2 2 2 2 2
left_child=1 10 5 4 -4 -3 9 8 -8 -6 -1 12 13 -12
right_child=-2 2 3 -5 6 -7 7 -9 -10 -11 11 -13 -14 -15
leaf_value=0.0060570930188395657 -0.0051473438289903455 -0.00070547754026633301 -0.010264417659356482 0.0060404848316972948 0.0100358903669214 0.014565876916831524 0.0025473730029669816 0.0065598129021360706 -0.017217312804532609 -0.0039943819553582404 0.00056733028586687044 -0.00018512162768841777 -0.003950743388564628 0.0053959286572174102
leaf_weight=13.708675753325222 16.830894663929939 7.9561427235603359 13.26285547763109 34.438489235937595 15.068657964468004 8.7524614259600622 9.2341972962021881 11.678920768201349 8.578914210200308 7.0556597560644141 1609.9467030577362 6840.6762711703777 78.417397730052471 56.05489931255579
leaf_count=91 121 65 109 297 142 77 73 99 65 54 8062 37669 600 468
internal_value=-4.48249e-06 8.16634e-06 0.00253727 0.00111103 -0.00172194 0.00871435 0.00115037 -0.00243888 -0.00857106 0.00557625 -2.71818e-05 -4.065e-05 0.000523657 0.000746652
internal_weight=8731.66 8714.83 116.026 99.3177 64.8792 16.7086 51.6163 29.492 17.8131 22.1243 8598.8 8585.1 1744.42 1666
internal_count=47992 47871 981 839 542 142 433 237 138 196 46890 46799 9130 8530
is_linear=0
shrinkage=0.02


Tree=386
num_leaves=15
num_cat=0
split_feature=20 22 22 13 2 11 24 20 2 6 20 18 14 3
split_gain=1.44432 3.13809 4.43924 2.08955 4.79057 4.927 5.65337 4.24101 3.79678 2.99272 2.87974 2.31327 2.2715 2.08305
threshold=4.4299657768651617 1.5000000000000002 2.5000000000000004 76.833333333333357 169.50000000000003 29.034263797737456 1.0000000180025095e-35 5.1266940451745384 161.50000000000003 1.5000000000000002 6.1348939082819998 28.759250923275061 2.2875939849624065 84.950000000000017
decision_type=2 2 2 2 2 2 2 2 2 2 2 2 2 2
left_child=1 13 -3 4 5 7 -7 8 -2 10 -9 -6 -5 -1
right_child=3 2 -4 12 11 6 -8 9 -10 -11 -12 -13 -14 -15
leaf_value=-0.0054227053966195071 0.0077567264336602581 0.0066582457760923294 -0.0058934120964288586 -4.2252216874737129e-07 0.0011723902647459261 0.014952370689934108 -0.00027489536643599097 -0.0098468584215807477 -0.0027861863529816569 0.0019701055122611699 0.0005060438730246469 0.01298159398961741 -0.0060592078328088241 0.0034981737711787426
leaf_weight=72.113198194652796 24.151493918150663 26.228925563395023 12.872111544013022 8419.789005395025 11.757043622434141 12.966532267630098 20.398718103766441 33.905761003494263 21.650039546191692 17.361881628632545 13.703974708914755 16.422760181128979 19.826457157731056 8.3415213115513307
leaf_count=987 200 174 84 45486 85 74 96 217 171 84 64 87 105 78
internal_value=-4.2558e-06 -0.00214273 0.00228117 2.64257e-05 0.00217517 0.000562895 0.00676811 -0.00150044 0.00295007 -0.00465302 -0.00706399 0.00903403 -1.84719e-05 -0.00432382
internal_weight=8731.49 119.556 39.101 8611.93 172.318 144.138 33.3653 110.773 45.8015 64.9716 47.6097 28.1798 8439.62 80.4547
internal_count=47992 1323 258 46669 1078 906 170 736 371 365 281 172 45591 1065
is_linear=0
shrinkage=0.02


Tree=387
num_leaves=15
num_cat=0
split_feature=0 3 3 0 0 22 14 21 3 3 3 21 0 6
split_gain=1.42682 1.93794 2.90602 1.76449 3.33668 3.79055 3.0417 3.25046 3.45649 3.25349 3.78622 3.97372 2.27272 3.91481
threshold=39.552361396303908 64.600000000000009 72.65000000000002 39.943874058863798 41.356605065023963 3.5000000000000004 1.7278338945005614 1.2806739807031626 96.250000000000014 81.050000000000011 74.40000000000002 0.91008259853997253 49.115674195756334 2.5000000000000004
decision_type=2 2 2 2 2 2 2 2 2 2 2 2 2 2
left_child=1 -1 -3 -2 5 6 7 9 -9 10 11 -5 13 -6
right_child=3 2 -4 4 12 -7 -8 8 -10 -11 -12 -13 -14 -15
leaf_value=0.0032577041394848813 0.0027059206967182197 -0.011729174364682094 -0.00054165635396592488 -0.0067778643907187332 0.00046634064202997366 -0.012010828023284514 0.0064656192577862868 -0.014872068165723158 0 0.0063302334348562814 -0.0097064721038388532 0.0024128709218847254 -0.00011718472721375412 0.0046170376538572887
leaf_weight=9.6015334352850896 91.40027079731226 12.034339282661675 22.442813958972692 22.0857148244977 1470.8983990699053 11.531297266483305 11.395216658711432 10.941463656723501 10.334496475756167 14.84473856538534 17.828285958617926 56.539907477796078 6877.2788017727435 92.221865050494671
leaf_count=109 775 104 167 263 9221 67 84 78 64 107 159 522 35720 552
internal_value=-3.95041e-06 -0.00340465 -0.00548832 1.50229e-05 -1.49133e-05 -0.00287175 -0.00174776 -0.00267759 -0.00903158 -0.00110969 -0.00252999 -0.000395757 3.91515e-05 0.000726442
internal_weight=8731.38 44.0787 34.4772 8687.3 8595.9 155.501 143.97 132.575 21.276 111.299 96.4539 78.6256 8440.4 1563.12
internal_count=47992 380 271 47612 46837 1344 1277 1193 142 1051 944 785 45493 9773
is_linear=0
shrinkage=0.02


Tree=388
num_leaves=15
num_cat=0
split_feature=7 1 14 6 20 20 0 0 20 11 0 0 0 3
split_gain=1.43021 3.74915 4.57231 3.28953 4.79222 4.30199 6.70349 4.18012 3.67364 2.93778 2.79923 4.42139 7.40588 6.92722
threshold=2.5000000000000004 1.5000000000000002 1.6288018433179727 2.5000000000000004 7.5079260780287482 6.9387405886379208 52.255989048596859 50.076659822039709 8.0342642026009603 25.611410141398611 62.872005475701584 55.957563312799458 56.234086242299803 87.500000000000014
decision_type=2 2 2 2 2 2 2 2 2 2 2 2 2 2
left_child=-1 10 3 4 7 6 -5 -3 9 -7 11 -2 -13 -14
right_child=1 2 -4 5 -6 8 -8 -9 -10 -11 -12 12 13 -15
leaf_value=7.2858488169066801e-05 0.0015395933250784166 -0.0081495061604574589 -0.0081646868428317393 0.0031524435774638211 -0.013280458488278387 7.1052121286151231e-05 -0.010276020343130051 0.0019151295928581367 -0.002458026853131178 0.01119867706852911 0.0046551337260247148 -0.013124122116524096 0.00081793012541615188 -0.0081148481715775274
leaf_weight=8005.0931061692536 232.82507342845201 20.157803200185299 47.203466884791851 27.996812351047993 13.952010765671728 14.562497586011885 22.726436749100685 43.500586666166782 18.30386558920145 24.760397136211395 44.528981186449528 18.102451965212822 158.48690077662468 39.121970847249031
leaf_count=44277 1164 104 270 129 72 68 96 193 114 130 264 90 805 216
internal_value=-4.20851e-06 -0.000851129 -0.00291214 -0.00138951 -0.00440417 0.000851245 -0.00321045 -0.00160416 0.00442918 0.00759578 0.00013893 -0.000351389 -0.0023901 -0.0010973
internal_weight=8731.32 726.229 233.164 185.96 77.6104 108.35 50.7232 63.6584 57.6268 39.3229 493.065 448.536 215.711 197.609
internal_count=47992 3715 1176 906 369 537 225 297 312 198 2539 2275 1111 1021
is_linear=0
shrinkage=0.02


Tree=389
num_leaves=15
num_cat=0
split_feature=13 13 19 19 10 12 3 0 2 3 19 19 13 20
split_gain=1.42106 3.58756 3.2842 7.49246 6.09179 4.52683 8.13213 6.23792 4.55207 3.11373 4.35078 5.13128 5.33976 5.07956
threshold=92.500000000000014 90.833333333333357 9.5113480554312062 9.0682267445503619 1.0000000180025095e-35 40.500000000000007 86.250000000000014 53.572895277207401 161.50000000000003 85.250000000000014 7.1707025506978335 7.2885832654740916 83.500000000000014 7.6647227926078036
decision_type=2 2 2 2 2 2 2 2 2 2 2 2 2 2
left_child=1 2 3 9 -5 -4 7 -7 -8 10 13 -12 -13 -1
right_child=-2 -3 5 4 -6 6 8 -9 -10 -11 11 12 -14 -15
leaf_value=-0.00028061812502075753 0.00012835311144706842 -0.0080006733923426131 -0.00022766962342162078 0.003755673839466519 -0.01135846107719762 0.019874581356784743 -0.0065120396039578766 0.0038326528636809677 0.0039710001311459324 0.0045967867071267862 -0.010543486865268041 0.00050098555807906074 -0.0045896928993148399 0.0074556443077549465
leaf_weight=1066.7596753910184 6863.7768105082214 20.159040205180645 207.90924365818501 11.07822611927986 39.577449578791857 14.682167053222654 21.584654025733471 26.064558386802673 38.976661995053291 41.516661297529936 25.010792106389999 178.63941369578242 145.6847780495882 30.056909874081612
leaf_count=7001 36843 104 1064 52 228 69 95 114 174 212 141 1020 743 132
internal_value=-4.56766e-06 -0.000493156 -0.000388787 -0.000768158 -0.00797666 0.00147437 0.00483261 0.0111972 0 -0.000495469 -0.000658372 -0.00258517 -0.00181461 -3.39288e-05
internal_weight=8731.48 1867.7 1847.54 1538.32 50.6557 309.217 101.308 40.7467 60.5613 1487.67 1446.15 349.335 324.324 1096.82
internal_count=47992 11149 11045 9529 280 1516 452 183 269 9249 9037 1904 1763 7133
is_linear=0
shrinkage=0.02


Tree=390
num_leaves=15
num_cat=0
split_feature=14 12 22 11 3 2 21 21 20 21 11 3 3 21
split_gain=1.41921 1.85629 2.60219 3.83528 7.14707 5.42624 2.5194 2.12167 1.80702 1.87263 1.79022 3.13002 2.92986 2.3156
threshold=2.1602564102564106 73.500000000000014 3.5000000000000004 27.337776069033286 78.250000000000014 173.50000000000003 1.8449682589260454 1.7055442057252774 10.580027378507873 1.2280310078751375 43.283037195056544 124.50000000000001 130.50000000000003 2.2964526082413825
decision_type=2 2 2 2 2 2 2 2 2 2 2 2 2 2
left_child=1 10 3 8 -5 6 7 -6 9 -3 11 13 -12 -1
right_child=-2 2 -4 4 5 -7 -8 -9 -10 -11 12 -13 -14 -15
leaf_value=-4.4565282781210013e-05 -0.0033113200944532178 -0.00034865198287556599 0.0079576941246239895 -0.012232273345678765 0.0049292869035438966 -0.009770917221698221 0.0090144178016410142 -0.0066029443419663124 -0.0020274928063950229 0.010196601250037582 -0.0044842291633292834 0.0088467653179551149 0.0035338009493316161 0.0028060900960532554
leaf_weight=8351.1794341392815 46.611120138317347 8.1702356189489382 22.003195591270924 14.954637192189692 8.0544398650526983 7.5001027956604949 21.656014584004879 7.4774739369750014 7.4633598029613486 21.011599235236645 73.884456478059292 11.006933987140654 19.355707406997681 110.55479697138071
leaf_count=45531 250 67 178 117 70 62 186 60 65 181 391 66 106 662
internal_value=-4.44421e-06 1.49698e-05 0.0024517 0.000843044 -0.0022273 0.00197456 0.00526808 -0.000781173 0.00555571 0.00756654 -1.98573e-05 1.10255e-05 -0.00270427 -5.44937e-06
internal_weight=8730.88 8684.27 118.291 96.2879 59.6427 44.688 37.1879 15.5319 36.6452 29.1818 8565.98 8472.74 93.2402 8461.73
internal_count=47992 47742 986 808 495 378 316 130 313 248 46756 46259 497 46193
is_linear=0
shrinkage=0.02


Tree=391
num_leaves=15
num_cat=0
split_feature=9 3 0 7 14 21 21 0 4 0 2 1 11 3
split_gain=1.41925 5.51872 3.71325 4.454 3.53864 4.70946 4.70639 4.59769 3.9397 3.71452 4.33729 2.98609 5.09783 2.8282
threshold=1.0000000180025095e-35 61.100000000000009 46.125941136208084 1.5000000000000002 1.4236111111111114 1.481081109475552 1.4744069453880517 53.997262149212879 139.50000000000003 63.713894592744701 173.50000000000003 1.5000000000000002 26.228120253804075 72.65000000000002
decision_type=2 2 2 2 2 2 2 2 2 2 2 2 2 2
left_child=-1 -2 3 -3 5 -4 8 -8 11 10 -9 -6 13 -13
right_child=1 2 4 -5 6 -7 7 9 -10 -11 -12 12 -14 -15
leaf_value=5.3355827495664879e-05 -0.0078731787202366999 -0.0067293862172078302 -0.0024528256378244756 0.0055316218933750775 0.0070788365564810243 0.011946424004537633 0.0029931108551921877 -0.0069982825527519959 0.0094367778659483204 0.0045197580294254105 0.0023081977373852129 -0.00078295705211358301 0.006815969690618786 -0.010324075584238288
leaf_weight=8307.5194267705083 38.610473841428757 55.499149654060602 12.290131807327272 10.5431891977787 17.901366092264652 18.032117366790771 46.530048012733459 95.565980583429337 23.663513220846653 13.861423455178736 22.036518886685371 35.140774764120579 17.856651313602924 15.530814468860624
leaf_count=45446 276 421 70 61 94 91 261 513 175 76 119 210 91 88
internal_value=-4.24998e-06 -0.00112752 -0.000352532 -0.00449229 0.000556103 0.00653248 -0.000166821 -0.00216346 0.00299763 -0.00404601 -0.00521509 0.000793125 -0.00119138 -0.00440782
internal_weight=8730.58 423.062 384.452 66.0423 318.409 30.3222 288.087 177.994 110.093 131.464 117.602 86.4296 68.5282 50.6716
internal_count=47992 2546 2270 482 1788 161 1627 969 658 708 632 483 389 298
is_linear=0
shrinkage=0.02


Tree=392
num_leaves=15
num_cat=0
split_feature=13 4 13 20 0 0 12 2 5 0 12 7 2 20
split_gain=1.40743 1.88278 2.20938 3.23302 4.0521 3.30012 2.34359 1.76959 1.68296 1.62076 3.40661 1.59741 5.69558 2.94487
threshold=138.66666666666671 169.50000000000003 113.16666666666667 9.7872689938398363 58.090349075975361 56.108145106091726 70.500000000000014 163.50000000000003 59.500000000000007 64.527036276522935 40.500000000000007 2.5000000000000004 180.50000000000003 5.1918822724161542
decision_type=2 2 2 2 2 2 2 2 2 2 2 2 2 2
left_child=1 8 -3 -4 5 -5 -6 -8 -1 11 -11 -10 13 -13
right_child=-2 2 3 4 6 -7 7 -9 9 10 -12 12 -14 -15
leaf_value=0.005962279422985506 -0.0050705431340049298 -0.004289003123914544 0.0075613945984195855 0.0019980066752660892 0.0091469481503188843 -0.011800948909644405 0.0042157146776709894 -0.0044609958003325317 2.4342981549252682e-05 -0.000988662095961858 0.010876688754065248 -0.0060229532865681982 -0.012433823214932263 -0.00035633165185772225
leaf_weight=13.727432664483784 16.877412259578705 12.380447655916212 40.291554003953934 9.8894191235303897 14.928446836769579 10.560531355440615 14.865947075188162 12.834818430244921 7844.9963563196361 20.693655051290989 11.657682329416273 33.996696583926678 11.945723064243792 660.69598510116339
leaf_count=91 121 88 368 81 132 77 126 109 43055 91 74 193 58 3328
internal_value=-3.96899e-06 8.51754e-06 0.00248871 0.00347935 0.000478747 -0.00596779 0.00391509 6.69133e-05 -2.6068e-05 -3.93427e-05 0.00411707 -5.76969e-05 -0.000965074 -0.00067756
internal_weight=8730.34 8713.46 115.751 103.371 63.0792 20.45 42.6292 27.7008 8597.71 8583.99 32.3513 8551.63 706.638 694.693
internal_count=47992 47871 981 893 525 158 367 235 46890 46799 165 46634 3579 3521
is_linear=0
shrinkage=0.02


Tree=393
num_leaves=15
num_cat=0
split_feature=21 21 24 2 2 21 2 11 2 11 11 2 20 2
split_gain=1.40705 2.11208 3.86183 4.40578 3.57138 2.10352 3.52133 5.38422 5.38745 2.99748 2.83063 6.87049 3.61734 4.40155
threshold=0.82999756013193193 0.8955113507124598 1.0000000180025095e-35 161.50000000000003 164.50000000000003 0.97037627849649521 162.50000000000003 21.969228019313014 159.50000000000003 18.349237673010382 21.080004259063152 162.50000000000003 6.7735386721423696 156.50000000000003
decision_type=2 2 2 2 2 2 2 2 2 2 2 2 2 2
left_child=-1 2 3 -2 -4 6 7 -3 -9 -7 11 12 13 -11
right_child=1 5 4 -5 -6 9 -8 8 -10 10 -12 -13 -14 -15
leaf_value=-0.0039904200782958478 0.0072431781182193964 0.0088090350284784642 -0.0015215163222384324 -0.0070474593267648893 0.011238824334839461 0.0067199558031582271 -0.0041768546898172569 -0.010567122872650818 0.0053442676581887654 0.0050482141684983217 7.164763536750164e-05 0.00031122350876958724 -0.01037286556915731 -0.0065940958042801723
leaf_weight=30.27547899633646 8.858833923935892 20.523507833480835 10.658107869327067 18.180370856076479 24.016139820218086 21.685989268124104 109.73938087746501 13.914690721780063 11.096648551523684 16.926685675978661 8204.4025054574013 170.42686760425568 42.049268402159214 27.382806159555912
leaf_count=378 115 180 89 191 172 113 891 147 105 106 44191 919 208 187
internal_value=-3.9488e-06 1.19784e-05 0.00355704 -0.00190332 0.00756872 -1.51602e-05 -0.00228522 0.00219627 -0.00372689 2.7478e-05 6.13036e-06 -0.00204092 -0.00646769 -0.00204514
internal_weight=8730.14 8699.86 61.7135 27.0392 34.6742 8638.15 155.274 45.5348 25.0113 8482.87 8461.19 256.786 86.3588 44.3095
internal_count=47992 47614 567 306 261 47047 1323 432 252 45724 45611 1420 501 293
is_linear=0
shrinkage=0.02


Tree=394
num_leaves=15
num_cat=0
split_feature=0 20 7 3 21 20 21 6 21 3 0 0 0 2
split_gain=1.38226 1.53122 1.41243 3.65519 3.7923 3.55918 6.28667 4.84999 3.37323 3.11441 2.9627 9.05879 6.50597 5.1302
threshold=39.390828199863115 4.7055441478439439 2.5000000000000004 94.500000000000014 1.1171005696926202 7.0535112936344975 1.7287134133884103 1.5000000000000002 2.0107264631386812 106.50000000000001 55.957563312799458 56.592744695414105 54.898015058179332 160.50000000000003
decision_type=2 2 2 2 2 2 2 2 2 2 2 2 2 2
left_child=1 -1 -2 4 -4 6 -5 -7 -9 -10 12 -12 -6 -14
right_child=2 -3 3 5 10 7 -8 8 9 -11 11 -13 13 -15
leaf_value=-0.0095434128720744155 8.6887450588140811e-05 0 -0.0054378843774763354 -0.0090207053197931715 0.00031046163663185546 -0.016403711416515726 0.0060733269297788819 0.004869688262271331 -0.010610413553896992 0.00053710881600165037 -0.0095561591714542603 0.00021940214910432865 -0.00062805271422287684 0.01324273102978373
leaf_weight=7.7881527878344086 7983.5039799213409 13.403458699584005 46.992050409317017 12.615958407521246 217.21483801305294 12.467515185475348 24.531421720981598 10.712068721652029 19.838876537978649 15.489938095211981 38.629946708679199 285.48922642320395 15.158433698117731 26.122944116592407
leaf_count=94 44093 96 251 60 1062 64 116 63 119 89 187 1491 78 129
internal_value=-3.86131e-06 -0.0045917 9.70139e-06 -0.000831981 -0.000260706 -0.00437252 0.000437645 -0.00725203 -0.00337049 -0.00621257 0.000196184 -0.00106709 0.00177794 0.0085886
internal_weight=8729.96 21.1916 8708.77 725.263 629.607 95.6558 37.1474 58.5084 46.0409 35.3288 582.615 324.119 258.496 41.2814
internal_count=47992 190 47802 3709 3198 511 176 335 271 208 2947 1678 1269 207
is_linear=0
shrinkage=0.02


Tree=395
num_leaves=15
num_cat=0
split_feature=14 6 0 20 13 20 20 7 11 0 20 3 3 11
split_gain=1.37276 1.55526 3.54111 3.4087 5.46731 4.88576 3.83262 2.9681 5.4146 5.11576 5.08351 5.39556 8.25961 3.70894
threshold=2.2875939849624065 2.5000000000000004 62.027378507871326 5.531882272416154 89.500000000000014 5.6669815195071882 5.7976865160848741 2.5000000000000004 25.460023268791563 47.861738535249835 7.2431211498973314 72.65000000000002 85.250000000000014 33.458798331320729
decision_type=2 2 2 2 2 2 2 2 2 2 2 2 2 2
left_child=1 7 3 4 -3 -5 -7 -1 9 -9 11 -10 -13 -14
right_child=-2 2 -4 5 -6 6 -8 8 10 -11 -12 12 13 -15
leaf_value=-9.3256450215655138e-06 -0.0044696936410996676 -0.0021066890953420343 0.0038134691002151 -0.011240745111031411 0.0093567482336448723 0.0081220805202294397 -0.00012364749210305021 -0.0081348230153510254 -0.0092049418394608354 0.0041106460750473129 -0.007998294259585724 0.0063950961399569638 -0.010629754364523855 0.00088109043533813637
leaf_weight=7504.5623061992228 22.452094711363316 25.628888010978699 127.1734679415822 10.426298029720781 34.639414913952351 18.259333334863186 724.9145293533802 11.747550241649149 20.871673256158829 70.897600464522839 72.238898523151875 48.057227484881878 19.064441472291946 19.069881729781628
leaf_count=40994 118 118 871 53 166 97 4282 76 102 345 382 219 85 84
internal_value=-4.18171e-06 9.66138e-06 0.000775514 0.000277981 0.00466337 -9.85249e-05 0.000129197 -8.33163e-05 -0.00215571 0.00198242 -0.00407598 -0.00117284 0.00114829 -0.00539226
internal_weight=8730 8707.55 941.042 813.868 60.2683 753.6 743.174 7766.51 261.947 82.6452 179.302 107.063 86.1916 38.1343
internal_count=47992 47874 5587 4716 284 4432 4379 42287 1293 421 872 490 388 169
is_linear=0
shrinkage=0.02


Tree=396
num_leaves=15
num_cat=0
split_feature=21 21 24 2 2 21 2 11 2 11 11 20 21 11
split_gain=1.3588 2.05013 3.72051 4.28704 3.43348 2.0162 3.40031 5.1951 5.25714 2.89831 2.78306 3.32298 2.76701 2.73515
threshold=0.82999756013193193 0.8955113507124598 1.0000000180025095e-35 161.50000000000003 164.50000000000003 0.97037627849649521 162.50000000000003 21.969228019313014 159.50000000000003 18.349237673010382 19.815865052037939 5.023545516769337 0.9327820470913486 20.450141799056251
decision_type=2 2 2 2 2 2 2 2 2 2 2 2 2 2
left_child=-1 2 3 -2 -4 6 7 -3 -9 -7 -8 -12 -13 -11
right_child=1 5 4 -5 -6 9 10 8 -10 13 11 12 -14 -15
leaf_value=-0.0039263057511006692 0.0071265261781499299 0.0086367738147259242 -0.0014890597241370063 -0.0069641377888298829 0.011020036379163618 0.0066045167642227965 -0.01068969162611586 -0.010454407423274645 0.005269404776709348 -0.0026461152411794702 -0.0059341447205823452 0.0069946534412179042 -0.0021876889063873603 5.4192594528837543e-05
leaf_weight=30.195890050381422 8.9089476987719554 20.61260873824358 10.644982643425463 18.08517661690712 24.107103649526834 21.706789650022984 16.584727566689253 13.83597516641021 11.124235089868305 147.79576179385185 46.555480938404799 15.939412988722323 30.433269187808037 8313.3859390951693
leaf_count=378 115 180 89 191 172 113 120 147 105 822 476 103 192 44789
internal_value=-4.34736e-06 1.12831e-05 0.00350311 -0.00186428 0.00743269 -1.5458e-05 -0.00223923 0.00216038 -0.00367 2.62568e-05 -0.00410194 -0.00242005 0.00130316 5.25381e-06
internal_weight=8729.92 8699.72 61.7462 26.9941 34.7521 8637.97 155.086 45.5728 24.9602 8482.89 109.513 92.9282 46.3727 8461.18
internal_count=47992 47614 567 306 261 47047 1323 432 252 45724 891 771 295 45611
is_linear=0
shrinkage=0.02


Tree=397
num_leaves=15
num_cat=0
split_feature=2 0 20 11 3 11 20 21 22 20 11 20 0 20
split_gain=1.36155 2.93282 5.47015 4.74593 9.13166 5.13752 5.31397 4.77406 4.49642 4.20394 3.91501 3.38537 6.18892 3.41009
threshold=159.50000000000003 60.703627652292958 6.7439698836413422 22.859755699261871 64.050000000000011 27.549614887277233 7.6841067761806991 1.8986993202210674 1.5000000000000002 7.017056810403834 31.531778984133933 9.0366050650239576 58.328542094455862 9.3071868583162232
decision_type=2 2 2 2 2 2 2 2 2 2 2 2 2 2
left_child=1 11 -3 -4 9 -6 -7 -8 -9 -5 -10 -1 13 -13
right_child=-2 2 3 4 5 6 7 8 10 -11 -12 12 -14 -15
leaf_value=-0.00089937404072515479 0.00014350583556428607 0.011424485154190823 -0.0056668590238927443 -0.0038527343201512298 -0.0081853080885264714 0.0044959337095958158 0.0043961877860774976 -0.0079058025790583394 -0.009283335426500245 0.0074914087858192245 0.0023205477812567937 0.0059040483516603825 0.01173346288486167 -0.0070416107615955802
leaf_weight=1818.8102846518159 6461.915632981807 14.59950729459524 38.464632146060467 11.670262530446051 27.709851652383804 74.085064500570297 32.240291625261307 51.566176891326904 9.6444618031382543 94.132642731070518 51.466457657516003 8.6063078865408915 18.972900085151196 15.726922236382959
leaf_count=10155 35295 67 189 49 142 326 197 302 66 497 357 69 157 124
internal_value=-4.25189e-06 -0.000425565 0.0011044 0.000574595 0.00133095 -0.000788921 0.000299814 -0.0019104 -0.00384202 0.00610469 -4.41128e-05 -0.000761935 0.00446458 -0.00216882
internal_weight=8729.61 2267.7 405.579 390.98 352.515 246.712 219.002 144.917 112.677 105.803 61.1109 1862.12 43.3061 24.3332
internal_count=47992 12697 2192 2125 1936 1390 1248 922 725 546 423 10505 350 193
is_linear=0
shrinkage=0.02


Tree=398
num_leaves=15
num_cat=0
split_feature=9 3 0 20 14 21 21 0 20 0 1 11 20 0
split_gain=1.35771 5.34211 3.58005 4.52378 3.42177 4.56541 4.52596 4.42965 4.30539 3.57643 3.46925 4.19664 6.37392 3.45983
threshold=1.0000000180025095e-35 61.100000000000009 46.125941136208084 5.0103627652292957 1.4236111111111114 1.481081109475552 1.4744069453880517 53.997262149212879 6.0376317590691313 63.713894592744701 1.5000000000000002 26.374068120774979 7.5681314168377831 48.143737166324442
decision_type=2 2 2 2 2 2 2 2 2 2 2 2 2 2
left_child=-1 -2 3 -3 5 -4 8 -8 13 -9 -10 12 -12 -6
right_child=1 2 4 -5 6 -7 7 9 10 -11 11 -13 -14 -15
leaf_value=5.223488535757631e-05 -0.0077461354363203908 0.0039050917883743474 -0.0024164830187322476 -0.0072260107845234546 0.0040820759673057963 0.011762445360357556 0.0029448846642010761 -0.0051097772274931444 0.012264645535108372 0.0044461824040102774 -0.0039732306868417435 0.01091311142655208 0.010409091475217166 -0.0084711075131346635
leaf_weight=8306.5760329477489 38.534465003758669 16.023057654500008 12.284138359129431 49.926465038210154 10.832826856523754 18.017643176019192 46.519312024116516 117.6937391012907 16.41708517819643 13.834839090704916 41.636941611766815 13.224315762519835 11.748701706528662 16.082478664815426
leaf_count=45446 276 159 70 323 76 91 261 632 89 76 222 77 84 110
internal_value=-4.09141e-06 -0.00110312 -0.000340833 -0.0044088 0.000551007 0.00642962 -0.000159872 -0.0021168 0.00294613 -0.00396397 0.00514156 0.00262426 -0.000153472 -0.00350807
internal_weight=8729.35 422.776 384.242 65.9495 318.292 30.3018 287.99 178.048 109.942 131.529 83.027 66.61 53.3856 26.9153
internal_count=47992 2546 2270 482 1788 161 1627 969 658 708 472 383 306 186
is_linear=0
shrinkage=0.02


Tree=399
num_leaves=15
num_cat=0
split_feature=13 4 3 19 21 19 14 20 19 5 10 13 13 19
split_gain=1.35728 1.83163 2.45126 3.63747 4.55784 6.98381 4.10656 5.58794 3.14006 1.63855 1.67044 4.22352 3.33348 3.23224
threshold=138.66666666666671 169.50000000000003 65.15000000000002 11.044778981248479 1.7349634007424106 9.6749002188807971 2.0857142857142863 10.253641341546887 5.4451259112083905 59.500000000000007 1.0000000180025095e-35 112.50000000000001 109.16666666666667 10.977880872350342
decision_type=2 2 2 2 2 2 2 2 2 2 2 2 2 2
left_child=1 9 8 4 6 -6 7 -4 -3 -1 11 12 -11 -13
right_child=-2 2 3 -5 5 -7 -8 -9 -10 10 -12 13 -14 -15
leaf_value=0.0058793773866517964 -0.0049724935457435646 -0.00072527864787604631 0.0087545953726230318 0.0058977389449825467 0.0030312980756774062 -0.017353456300691624 -0.0082297084823667755 -0.006626858257085525 0.014448985197422767 0.00057851852227542981 -0.00017978334678542707 -0.00094225975745597281 0.0060565984645875757 -0.0094147606309125005
leaf_weight=13.752189245074986 16.936222419142723 7.9420378953218487 28.514761187136173 34.15671993792057 9.6277332231402415 10.010969698429106 7.8429643660783759 8.8417321816086751 8.6207584962248784 1624.6105101406574 6838.8400121107697 55.472805857658386 40.874725624918938 23.132252521812916
leaf_count=91 121 65 258 297 78 77 55 74 77 8197 37669 425 333 175
internal_value=-3.69563e-06 8.58064e-06 0.00245685 0.00104594 -0.00172061 -0.00869166 0.00183243 0.00471429 0.00859905 -2.55057e-05 -3.86174e-05 0.000512704 0.000731886 -0.00387344
internal_weight=8729.18 8712.24 115.558 98.9949 64.8382 19.6387 45.1995 37.3565 16.5628 8596.68 8582.93 1744.09 1665.49 78.6051
internal_count=47992 47871 981 839 542 155 387 332 142 46890 46799 9130 8530 600
is_linear=0
shrinkage=0.02


Tree=400
num_leaves=15
num_cat=0
split_feature=13 13 11 11 10 14 3 2 0 20 20 3 9 11
split_gain=1.34898 3.4795 3.15261 7.26782 5.91359 5.45092 5.20599 4.57575 3.29172 3.03194 3.3164 3.40058 3.6771 3.43332
threshold=92.500000000000014 90.833333333333357 30.840473245365903 30.113496445536359 1.0000000180025095e-35 1.5932149246102736 84.950000000000017 161.50000000000003 52.165639972621499 8.1857357973990439 7.0273237508555795 87.500000000000014 1.0000000180025095e-35 26.135649654604212
decision_type=2 2 2 2 2 2 2 2 2 2 2 2 2 2
left_child=1 2 3 9 -5 -4 8 -8 -7 10 11 12 13 -1
right_child=-2 -3 5 4 -6 6 7 -9 -10 -11 -12 -13 -14 -15
leaf_value=0.00052935064867519401 0.00012583912858946095 -0.0078809509650058559 -0.00060024132293096913 0.0036903067172820016 -0.011204265626193595 0.017624791956070744 -0.0038894386625008288 0.0053715832353798789 0.0045787778432575992 0.0080992939538981103 -0.0033646440295673043 0.0065815786290137034 -0.0053657932356691784 -0.0017225516812960989
leaf_weight=863.68140779808164 6862.3705251738429 20.108071848750114 194.11226101964712 11.087987743318079 39.402532763779163 12.152055740356444 31.483157105743885 46.83434047549963 24.642423138022423 11.285667225718496 147.9833722114563 23.497973013669252 52.083177391439676 388.26369369775057
leaf_count=5858 36843 104 996 52 228 61 140 211 108 54 630 121 407 2179
internal_value=-3.65483e-06 -0.000479855 -0.000377114 -0.000749067 -0.00785951 0.00144816 0.0048002 0.00161471 0.0105284 -0.000480728 -0.000574835 -0.000250888 -0.000400203 -0.000171511
internal_weight=8728.99 1866.62 1846.51 1537.29 50.4905 309.224 115.112 78.3175 36.7945 1486.8 1475.51 1327.53 1304.03 1251.95
internal_count=47992 11149 11045 9529 280 1516 520 351 169 9249 9195 8565 8444 8037
is_linear=0
shrinkage=0.02


Tree=401
num_leaves=15
num_cat=0
split_feature=14 12 11 3 2 21 2 20 13 11 3 3 4 20
split_gain=1.35449 1.53277 2.38427 8.31046 6.22067 3.16579 2.37908 2.35484 2.09851 1.70848 3.04778 2.80361 2.77628 3.9224
threshold=2.2875939849624065 73.500000000000014 27.337776069033286 78.250000000000014 171.50000000000003 1.1921541848518384 158.50000000000003 9.6264887063655049 120.16666666666667 43.283037195056544 124.50000000000001 130.50000000000003 129.50000000000003 8.1857357973990439
decision_type=2 2 2 2 2 2 2 2 2 2 2 2 2 2
left_child=1 9 5 7 6 -3 -5 -4 -7 10 -1 12 -11 -14
right_child=-2 2 3 4 -6 8 -8 -9 -10 11 -12 -13 13 -15
leaf_value=-8.7313121834817597e-06 -0.0044373265716029517 -0.003406260127709098 -0.0011848990281506802 0.012907251097694561 -0.0063593863842294901 0.010420902598723619 0.0031979486880808652 -0.014637733935108189 0 0.00093523127123342083 0.0087347152222424645 0.0034617561334535116 -0.010517872853541733 0.00079705462923987142
leaf_weight=8472.3571480251849 22.474588062614202 9.5038024410605413 9.790364623069765 14.104333229362963 14.246018052101133 27.236981302499771 33.611509367823601 10.538392275571821 10.443198047578333 24.666851900517941 10.976610004901884 19.328706376254559 32.576597489416599 16.733539626002312
leaf_count=46250 118 73 75 119 116 226 280 80 92 113 66 106 167 111
internal_value=-3.43465e-06 1.03221e-05 0.00212919 0 0.00369866 0.00547341 0.00705788 -0.00975065 0.0078966 -2.26536e-05 7.48471e-06 -0.00264418 -0.00438302 -0.00692142
internal_weight=8728.59 8706.11 129.475 82.2906 61.9619 47.184 47.7158 20.3288 37.6802 8576.64 8483.33 93.3057 73.977 49.3101
internal_count=47992 47874 1061 670 515 391 399 155 318 46813 46316 497 391 278
is_linear=0
shrinkage=0.02


Tree=402
num_leaves=15
num_cat=0
split_feature=18 20 18 18 20 3 14 21 20 18 3 11 18 5
split_gain=1.34626 1.50427 1.38363 4.94774 4.83217 7.01651 4.3939 4.00651 3.93907 3.41571 5.13432 5.37315 3.6033 4.43329
threshold=15.516373481450875 4.7055441478439439 24.672537323362011 26.669695467976194 6.5299247091033541 71.750000000000014 1.7769485903814264 1.460889210413751 6.6777002053388097 20.838818826331529 51.250000000000007 21.359610405037387 17.383363293216608 78.500000000000014
decision_type=2 2 2 2 2 2 2 2 2 2 2 2 2 2
left_child=1 -1 9 4 -4 6 8 -7 -6 10 -2 12 -12 -14
right_child=2 -3 3 -5 5 7 -8 -9 -10 -11 11 -13 13 -15
leaf_value=-0.0094637798936309421 -0.0089679405233897176 0 -0.0025496802139465271 7.0628523294152451e-05 0.0038455487702112622 0.0078022349546062846 0.0062480383098887102 0.00079623244578037444 -0.0077321529597039916 0.0013000751570279754 -0.0012848612059155795 -0.00046423658354470445 -0.00098770404214870299 0.013020986895608041
leaf_weight=7.7221701666712788 21.844996225088835 13.392728365957735 578.85999542847276 5879.2143523469567 11.095807269215582 51.409940108656883 10.600597240030764 82.357925347983837 55.288415342569351 996.65803405642509 18.28799756243825 964.99762330576777 11.590302433818577 25.146345194429159
leaf_count=94 274 96 3166 30120 46 309 70 517 338 5763 207 6685 135 172
internal_value=-3.35126e-06 -0.00453772 1.00127e-05 -0.000129187 -0.00161055 0.000958931 -0.00369323 0.00368731 -0.00563517 0.00046557 -0.000333209 -0.000103492 0.00570144 0.00896452
internal_weight=8728.47 21.1149 8707.35 6668.83 789.613 210.753 76.9848 133.768 66.3842 2038.53 1041.87 1020.02 55.0246 36.7366
internal_count=47992 190 47802 34566 4446 1280 454 826 384 13236 7473 7199 514 307
is_linear=0
shrinkage=0.02


Tree=403
num_leaves=15
num_cat=0
split_feature=18 12 7 1 3 6 12 20 18 21 11 11 18 23
split_gain=1.34286 3.15724 1.39899 3.86026 4.09462 3.85531 3.40418 3.46283 8.29147 3.59723 10.9335 6.21666 4.44961 3.85625
threshold=41.637384125056634 49.500000000000007 2.5000000000000004 1.5000000000000002 95.500000000000014 2.5000000000000004 70.500000000000014 6.4677344284736487 27.072754627384789 1.4076963743623807 23.529889054084048 22.498905476076292 31.190046104020528 1.0000000180025095e-35
decision_type=2 2 2 2 2 2 2 2 2 2 2 2 2 2
left_child=2 -2 -1 6 -5 -6 7 8 -4 10 11 -9 -11 -14
right_child=1 -3 3 4 5 -7 -8 9 -10 12 -12 -13 13 -15
leaf_value=5.6632335230576841e-05 -0.0010378611661274804 0.010334396164853829 -0.0011622753939963489 -0.0017109602236786256 -0.015364477062983398 -0.0021516558339699917 0.0089098704347449504 -0.0047754396283713101 0.008651220420662676 0.0043862359652087233 -0.011498943664074569 0.009980317676101547 -0.0030945236109785452 0.0031688032708130265
leaf_weight=7970.7005454413593 21.187134258449078 11.559108942747114 91.624599859118462 197.48153051361442 14.227738440036772 20.701114431023598 12.131590299308298 18.047750517725945 48.987588793039322 61.501219093799591 40.451234951615334 18.126005068421364 153.54893116652966 47.549237713217735
leaf_count=44119 93 76 449 989 68 115 87 83 214 330 195 85 831 258
internal_value=-3.25895e-06 0.00376063 -1.9817e-05 -0.000858391 -0.00295338 -0.00883381 0.000147031 -0.000159993 0.00242256 -0.00125594 -0.00492373 0.00288392 -0.000106223 -0.00156292
internal_weight=8727.83 32.7462 8695.08 724.379 232.41 34.9289 491.968 479.837 140.612 339.224 76.625 36.1738 262.599 201.098
internal_count=47992 169 47823 3704 1172 183 2532 2445 663 1782 363 168 1419 1089
is_linear=0
shrinkage=0.02


Tree=404
num_leaves=15
num_cat=0
split_feature=14 2 12 22 11 21 21 11 3 20 21 11 3 3
split_gain=1.34364 1.75773 1.66732 2.5444 3.64904 6.73227 3.80982 4.3588 2.04769 1.72499 1.7729 1.64901 2.97413 2.71145
threshold=2.1602564102564106 163.50000000000003 73.500000000000014 3.5000000000000004 27.337776069033286 1.8123998665202941 1.7108347802264541 30.409504123447793 101.50000000000001 10.580027378507873 1.2280310078751375 43.283037195056544 124.50000000000001 130.50000000000003
decision_type=2 2 2 2 2 2 2 2 2 2 2 2 2 2
left_child=2 -2 11 4 9 6 7 -6 -7 10 -4 12 -1 -13
right_child=1 -3 3 -5 5 8 -8 -9 -10 -11 -12 13 -14 -15
leaf_value=-3.5174008218415343e-06 0.0011453006351877105 -0.0061347307904855777 -0.00032700671674832808 0.0077974412885338223 -0.0080996071866330215 0.0069405323267084564 -0.016295027142175008 0.0072979178057281493 -0.0031825174800389489 -0.002009138855678817 0.0099505553106348336 -0.00429989292179525 0.0086417327453380197 0.0034149105833921438
leaf_weight=8459.2823317237198 19.653016874566674 27.048369213938713 8.1747096255421656 21.783353015780449 13.20395995676518 21.870845958590511 9.3957907035946828 7.4763371124863616 7.6358954682946196 7.4695812165737143 20.640557959675789 74.067432403564453 10.946469537913798 19.309907428920269
leaf_count=46193 108 142 67 178 107 186 72 65 65 65 181 391 66 106
internal_value=-3.13489e-06 -0.00321796 1.57716e-05 0.00233124 0.000744411 -0.00224037 -0.00829549 -0.00211811 0.00418133 0.00537186 0.0073585 -1.71478e-05 1.25109e-05 -0.00259171
internal_weight=8727.96 46.7014 8681.26 117.651 95.8677 59.5828 30.0761 20.6803 29.5067 36.2848 28.8153 8563.61 8470.23 93.3773
internal_count=47992 250 47742 986 808 495 244 172 251 313 248 46756 46259 497
is_linear=0
shrinkage=0.02


Tree=405
num_leaves=15
num_cat=0
split_feature=20 13 2 21 21 0 11 21 20 2 0 5 24 12
split_gain=1.32219 2.0127 5.75965 3.53444 5.18865 3.02842 2.48501 4.31148 4.36363 4.14008 2.55413 2.36901 2.68278 4.20322
threshold=4.1803148528405218 76.833333333333357 169.50000000000003 1.0051798131746719 1.1731006873855672 49.488021902806302 29.034263797737456 1.3218797139278637 5.0663107460643415 160.50000000000003 58.391512662559897 69.500000000000014 1.5000000000000002 52.500000000000007
decision_type=2 2 2 2 2 2 2 2 2 2 2 2 2 2
left_child=-1 2 3 -2 5 -5 7 9 -9 -6 -10 12 13 -3
right_child=1 11 -4 4 6 -7 -8 8 10 -11 -12 -13 -14 -15
leaf_value=-0.0031390681299843697 0.009282103465319708 -0.0095731702967465724 0.0091996219859033553 -0.00022729679720111712 0.0098589327795915414 -0.013012355204089894 0.005214643787023048 0.0053544818683072138 -0.011293197141092622 -0.0025649178250609366 -0.0010781636180151966 9.4804332175404786e-06 -0.0087624104031928784 0.00076778756892905092
leaf_weight=48.452992979437113 11.063001681119202 14.363335300236939 31.422712925821543 13.182290360331537 18.315321743488312 13.5540809109807 37.208215624094009 10.447357721626757 20.967128351330757 16.450137257575989 18.338022217154503 8375.2893255650997 19.54621584713459 79.222440157085657
leaf_count=567 136 87 203 110 128 115 197 66 115 105 85 45574 95 409
internal_value=-3.00901e-06 1.60651e-05 0.0020202 0.000357264 -0.000575511 -0.00780067 0.00124083 -0.000679809 -0.00430485 0.00434665 -0.00723198 -2.99454e-05 -0.00284248 -0.00120406
internal_weight=8727.82 8679.37 190.948 159.526 148.463 26.7364 121.726 84.518 49.7525 34.7655 39.3052 8488.42 113.132 93.5858
internal_count=47992 47425 1260 1057 921 225 696 499 266 233 200 46165 591 496
is_linear=0
shrinkage=0.02


Tree=406
num_leaves=15
num_cat=0
split_feature=13 6 13 20 11 3 11 3 3 2 2 13 0 13
split_gain=1.31413 1.43416 3.35239 5.45514 4.46158 5.41653 4.13899 6.83334 5.51449 5.28543 3.98207 3.7252 3.99703 3.24649
threshold=138.66666666666671 2.5000000000000004 102.83333333333336 8.3241957563312816 25.957302517247765 71.750000000000014 28.731834188907118 92.100000000000009 69.65000000000002 155.50000000000003 177.50000000000003 106.50000000000001 53.572895277207401 103.50000000000001
decision_type=2 2 2 2 2 2 2 2 2 2 2 2 2 2
left_child=1 -1 4 6 5 -3 8 -8 9 -4 -6 -11 -13 -5
right_child=-2 2 3 13 10 -7 7 -9 -10 11 -12 12 -14 -15
leaf_value=-8.0169149873972388e-05 -0.0048864338045668592 0.00090752834833788805 0.0052347315000030505 -0.0064948592706308905 0.0037006312643736972 -0.0070610151790574975 -0.0087918958833229539 0.0011559373274550721 0.0048271536421349908 -0.00023577894071105974 -0.0054489107771871128 -0.019865407260039384 -0.0017460681478752762 0.0029655657693206127
leaf_weight=7770.7409367263317 16.988583832979202 213.82851257175207 12.517740227282045 11.285891756415365 315.3666569814086 35.407145313918591 73.178988270461559 40.57233489304781 47.45384681224823 15.083909921348093 15.734386168420313 9.3636152148246783 9.3658840209245664 140.95372525602579
leaf_count=42292 121 1009 80 82 1772 178 471 266 306 88 85 62 61 1119
internal_value=-3.07121e-06 9.02096e-06 0.000744885 -0.000761719 0.00168084 -0.000333244 -0.00284618 -0.00532763 0.000260619 -0.00439222 0.00318529 -0.00822289 -0.013166 0.0020673
internal_weight=8727.84 8710.85 940.113 359.776 580.337 249.236 207.536 113.751 93.785 46.3311 331.101 33.8134 18.7295 152.24
internal_count=47992 47871 5579 2535 3044 1187 1334 737 597 291 1857 211 123 1201
is_linear=0
shrinkage=0.02


Tree=407
num_leaves=15
num_cat=0
split_feature=0 20 7 2 21 20 20 2 6 21 0 20 20 0
split_gain=1.31371 1.47715 1.356 3.4861 3.52958 3.18755 3.164 2.87958 2.81107 3.21462 2.55942 4.09999 5.38573 2.59356
threshold=39.390828199863115 4.7055441478439439 2.5000000000000004 180.50000000000003 2.5422109608276444 5.1918822724161542 5.4305407255304594 155.50000000000003 2.5000000000000004 1.7650830819126593 47.393566050650243 6.4677344284736487 6.9387405886379208 51.642710472279269
decision_type=2 2 2 2 2 2 2 2 2 2 2 2 2 2
left_child=1 -1 -2 4 5 -4 -7 8 -8 -10 -9 13 -13 -12
right_child=2 -3 3 -5 -6 6 7 10 9 -11 11 12 -14 -15
leaf_value=-0.0093860601583548829 8.5419785320762064e-05 0 -0.0059808756423184659 -0.0095161664519648054 -0.0089887099387283894 0.0073736834608956392 -0.0019733900553343957 -0.0065732712074948046 0.00070268517654034288 0.010168640614726427 -0.0005413586382487191 -0.0052470839444220809 -8.4834160448438967e-05 0.0052294629895134875
leaf_weight=7.6633087322115925 7981.1686111241579 13.391666308045385 33.011897243559361 13.016419924795626 14.489231184124945 17.350303992629051 26.116449996829033 24.169267147779465 29.877423092722893 25.12242116779089 52.921025097370148 103.68779793381691 319.40265974402428 66.056263878941536
leaf_count=94 44093 96 188 64 75 80 132 130 156 155 236 457 1747 289
internal_value=-3.4169e-06 -0.00448779 9.76782e-06 -0.000814939 -0.000587891 -0.000347872 -2.25634e-05 -0.000278859 0.00312841 0.00554688 -0.000793579 -0.000474501 -0.00140114 0.00272816
internal_weight=8727.44 21.055 8706.39 725.221 712.205 697.716 664.704 647.353 81.1163 54.9998 566.237 542.068 423.09 118.977
internal_count=47992 190 47802 3709 3645 3570 3382 3302 443 311 2859 2729 2204 525
is_linear=0
shrinkage=0.02


Tree=408
num_leaves=15
num_cat=0
split_feature=0 12 3 11 11 2 2 4 11 2 20 5 7 2
split_gain=1.30758 3.08211 1.37761 2.76638 4.52239 2.65445 2.42127 5.95581 4.53881 3.18282 1.96294 1.86312 1.78641 3.92249
threshold=64.527036276522935 49.500000000000007 48.500000000000007 19.165834053998083 21.080004259063152 156.50000000000003 146.50000000000003 129.50000000000003 32.83508081121655 147.50000000000003 6.104503764544833 59.500000000000007 2.5000000000000004 178.50000000000003
decision_type=2 2 2 2 2 2 2 2 2 2 2 2 2 2
left_child=2 -2 3 5 10 -1 7 -4 -9 -8 -5 -11 -13 -14
right_child=1 -3 6 4 -6 -7 9 8 -10 11 -12 12 13 -15
leaf_value=0.0058664565456387884 -0.0010211283175840774 0.01022661051436162 0.0097886676388044686 -0.0010845460287058025 0.0035831099747775652 -0.0031998367633113973 -0.0066307498641308658 0.0041023359593915544 -0.0085898706763136729 0.0063980146182091666 -0.013776787955990697 7.0748403709068841e-05 -0.00064250839382969441 -0.0077865451447128977
leaf_weight=17.917366039007902 21.193416200578213 11.496002510190008 28.691056869924068 7.9855640977621105 9.8987863436341268 24.597114410251379 24.083236388862133 20.385029301047325 15.402978554368017 13.148935683071612 16.172364100813866 7803.8066829666495 685.30587317049503 27.358530096709728
leaf_count=135 93 76 141 80 62 185 131 116 95 81 81 43076 3506 134
internal_value=-3.63957e-06 0.00371328 -1.997e-05 -0.00260691 -0.00646205 0.000794238 4.28092e-06 0.00372299 -0.00169464 -2.56761e-05 -0.0105553 -2.91878e-06 -1.67844e-05 -0.000971887
internal_weight=8727.44 32.6894 8694.75 76.5712 34.0567 42.5145 8618.18 64.4791 35.788 8553.7 24.1579 8529.62 8516.47 712.664
internal_count=47992 169 47823 543 223 320 47280 352 211 46928 161 46797 46716 3640
is_linear=0
shrinkage=0.02


Tree=409
num_leaves=15
num_cat=0
split_feature=13 13 11 11 10 12 3 0 22 3 11 11 13 8
split_gain=1.30122 3.3748 3.01476 7.05933 5.75664 4.29577 7.73144 5.92478 3.80777 2.90908 4.15144 5.00535 5.14035 4.94942
threshold=92.500000000000014 90.833333333333357 30.840473245365903 30.113496445536359 1.0000000180025095e-35 40.500000000000007 86.250000000000014 53.572895277207401 1.5000000000000002 85.250000000000014 26.778167414559132 26.997375176023933 83.500000000000014 1.0000000180025095e-35
decision_type=2 2 2 2 2 2 2 2 2 2 2 2 2 2
left_child=1 2 3 9 -5 -4 7 -7 -8 10 13 -12 -13 -1
right_child=-2 -3 5 4 -6 6 8 -9 -10 -11 11 12 -14 -15
leaf_value=0.00039477984562822158 0.00012357592603793235 -0.0077669273937023778 -0.0002439215980093453 0.0036366556986091279 -0.01106371796800178 0.0193012767453704 0.0033024603334875949 0.0036970720356395265 -0.0065300929530688542 0.0044457602560367812 -0.010387158940249972 0.00051970009936521322 -0.0044780690612820128 -0.0043394284655087307
leaf_weight=1004.2077409848571 6861.6398467645049 20.063047826290131 207.81835480034351 11.090250946581362 39.238811116665602 14.789973355829714 41.836377359926701 26.046752840280533 18.739452853798866 41.628184225410223 24.888022638857365 178.4893807657063 145.38236857950687 91.801500789821148
leaf_count=6464 36843 104 1064 52 228 69 184 114 85 212 141 1020 743 669
internal_value=-3.59692e-06 -0.00047138 -0.00037024 -0.00073411 -0.00775236 0.00141456 0.00468374 0.0108811 0 -0.000469939 -0.000627799 -0.00251163 -0.00175163 -1.78457e-05
internal_weight=8727.66 1866.02 1845.96 1536.73 50.3291 309.231 101.413 40.8367 60.5758 1486.4 1444.77 348.76 323.872 1096.01
internal_count=47992 11149 11045 9529 280 1516 452 183 269 9249 9037 1904 1763 7133
is_linear=0
shrinkage=0.02


Tree=410
num_leaves=15
num_cat=0
split_feature=2 0 2 11 14 0 5 5 2 3 3 5 2 11
split_gain=1.31056 4.67586 9.04822 4.1527 3.53872 4.54126 6.73778 8.33815 6.21234 4.2769 4.21309 4.33536 4.35132 4.16147
threshold=164.50000000000003 62.525667351129371 166.50000000000003 20.786176581102236 1.6238207547169814 49.553730321697479 79.500000000000014 72.500000000000014 162.50000000000003 102.50000000000001 56.100000000000009 79.500000000000014 155.50000000000003 23.061306607105482
decision_type=2 2 2 2 2 2 2 2 2 2 2 2 2 2
left_child=3 -2 -3 -1 9 8 7 -7 -6 10 11 -5 -13 -12
right_child=1 2 -4 4 5 6 -8 -9 -10 -11 13 12 -14 -15
leaf_value=-0.003699173291522377 5.7213847331441295e-05 0.0087534401570816475 0.00068838947178673476 -0.0024010815828602291 0.0052929455739982954 -0.0014077186589637203 0.0013528076195882374 -0.015316089960462541 -0.0037524830142307958 0.0040343873761656641 -0.0040335741591983332 0.00030260950066909984 0.00645456052039034 -0.00065562444661183329
leaf_weight=130.68355529010296 4182.3857076056302 68.169807709753513 239.35521076619625 65.864063434302807 154.38342944905162 256.96383102983236 639.53644002228975 13.677038624882696 33.450295556336641 76.063700810074806 150.46535751968622 92.359733756631613 89.101717259734869 2534.7934484742582
leaf_count=925 22782 362 1258 514 1002 1241 3904 68 217 404 882 507 490 13436
internal_value=-3.63102e-06 0.000234104 0.00259403 -0.000255987 -0.000141565 0.000827215 0.000232855 -0.00238292 0.00361619 -0.000496572 -0.000621441 0.00184958 0.00342616 -0.000852792
internal_weight=8727.25 4489.91 307.525 4237.34 4106.66 1098.01 910.177 270.641 187.834 3008.65 2932.58 247.326 181.461 2685.26
internal_count=47992 24402 1620 23590 22665 6432 5213 1309 1219 16233 15829 1511 997 14318
is_linear=0
shrinkage=0.02


Tree=411
num_leaves=15
num_cat=0
split_feature=2 0 0 20 3 2 20 24 2 2 12 3 20 0
split_gain=1.30051 2.77819 5.33921 5.78726 4.43225 5.20848 6.53066 4.452 3.4284 5.80119 6.10925 3.21736 3.1809 6.06311
threshold=159.50000000000003 60.703627652292958 63.582477754962362 6.7624366872005481 50.350000000000009 157.50000000000003 8.6777002053388106 1.0000000180025095e-35 154.50000000000003 152.50000000000003 49.500000000000007 63.20000000000001 9.0366050650239576 58.328542094455862
decision_type=2 2 2 2 2 2 2 2 2 2 2 2 2 2
left_child=1 12 3 -3 -5 6 -6 -7 9 -4 -11 -8 -1 -14
right_child=-2 2 8 4 5 7 11 -9 -10 10 -12 -13 13 -15
leaf_value=-0.00087588132539787066 0.00014081309796797273 0.01442041933787548 -0.00041948465300313943 -0.0074122607049336197 0.0065723332519670918 -0.009446348390230553 0.0056604153868230625 0.0014843220498114258 0.00069559536543276838 -0.020370463168767144 -0.00055819179817580093 -0.0056660292406002797 -0.0022098716902026892 0.011583106127052836
leaf_weight=1818.0622740536928 6459.8542507011443 11.389160387217997 41.780697010457516 13.725269354879854 130.16879754513502 17.480973988771439 9.5449854880571348 40.386388570070267 89.952507011592388 10.908132687211038 11.055941641330717 28.882196664810181 24.282453879714012 18.746839478611946
leaf_count=10155 35295 52 237 67 619 72 77 237 484 49 75 223 193 157
internal_value=-3.5983e-06 -0.0004155 0.00107411 0.00285011 0.00201044 0.00273794 0.00448586 -0.00227455 -0.00181852 -0.00518792 -0.0124246 -0.00247879 -0.000742962 0.00433801
internal_weight=8726.22 2266.37 405.275 251.578 240.189 226.463 168.596 57.8674 153.697 63.7448 21.9641 38.4272 1861.09 43.0293
internal_count=47992 12697 2192 1347 1295 1228 919 309 845 361 124 300 10505 350
is_linear=0
shrinkage=0.02


Tree=412
num_leaves=15
num_cat=0
split_feature=14 2 0 12 22 11 3 2 21 21 3 20 21 11
split_gain=1.28904 1.70369 2.45879 1.57994 2.47906 3.55734 6.62393 5.31001 1.74612 3.16124 1.71576 1.68781 1.72944 1.60372
threshold=2.1602564102564106 169.50000000000003 55.848049281314175 73.500000000000014 3.5000000000000004 27.337776069033286 79.970000000000013 173.50000000000003 1.8615784471145924 1.7108347802264541 99.500000000000014 10.580027378507873 1.2280310078751375 43.283037195056544
decision_type=2 2 2 2 2 2 2 2 2 2 2 2 2 2
left_child=3 2 -2 13 5 11 -7 8 9 -8 -10 12 -5 -1
right_child=1 -3 -4 4 -6 6 7 -9 10 -11 -12 -13 -14 -15
leaf_value=1.2189107109472113e-05 0.0043619560181684747 -0.0079451506151862281 -0.0052145377179808675 -0.00031761910092733956 0.0076841617543627842 -0.011327755224475596 0.0072999224726204093 -0.0094790277941346774 0.012020866334803676 -0.0067655108986156235 2.1072821282813056e-05 -0.0019985692670829776 0.0098399593358399623 -0.0025554751560330829
leaf_weight=8468.3964788615704 16.99079972691834 13.883615270256994 15.901349164545534 8.1781487315893191 21.632972106337547 16.591629229485989 7.5048090368509284 7.5906744450330725 12.845763072371485 8.0683581531047803 6.9851749613881102 7.472881704568862 20.47701570391655 93.419418156147003
leaf_count=46259 90 73 87 67 178 129 66 62 113 65 60 65 181 497
internal_value=-3.59446e-06 -0.00315014 -0.000292091 1.49373e-05 0.00227176 0.000707856 -0.00223403 0.00204807 0.00543618 4.22889e-05 0.00873 0.00529029 0.00726507 -1.70688e-05
internal_weight=8725.94 46.7758 32.8921 8679.16 117.347 95.7145 59.5864 42.9948 35.4041 15.5732 19.8309 36.128 28.6552 8561.82
internal_count=47992 250 177 47742 986 808 495 366 304 131 173 313 248 46756
is_linear=0
shrinkage=0.02


Tree=413
num_leaves=15
num_cat=0
split_feature=0 20 3 0 11 21 14 0 14 0 4 4 4 14
split_gain=1.28611 1.44726 1.35495 3.06235 2.60318 3.18896 3.74638 4.40995 3.9151 2.93871 2.86431 4.03452 1.84726 1.71086
threshold=39.390828199863115 4.7055441478439439 127.50000000000001 54.202600958247778 43.283037195056544 2.2964526082413825 1.7110606060606062 62.20533880903492 1.8525314305130822 63.774127310061608 129.50000000000003 135.50000000000003 149.50000000000003 2.2875939849624065
decision_type=2 2 2 2 2 2 2 2 2 2 2 2 2 2
left_child=1 -1 4 -4 5 13 7 -7 -8 -9 -6 -12 -13 -2
right_child=2 -3 3 -5 10 6 8 9 -10 -11 11 12 -14 -15
leaf_value=-0.0093093454199627973 -4.1626669502596373e-06 0 0.0084306974489512087 -0.0025153667374562157 0.0017905838862734573 0.0082442884610980198 -0.008755604702919164 -0.0056901498713803856 0.0052190854473909021 0.0043940614465109752 -0.01283793344712564 0.0030307594854573428 -0.0055007951107425316 -0.0050596394930345311
leaf_weight=7.6082038916647461 8462.2720440141857 13.393613092601298 18.109522968530655 14.717231035232542 23.020447112619877 57.045339062809944 14.520055696368219 17.117180109024048 9.1414298191666585 19.180838063359261 17.114910088479519 15.576223626732828 15.187211722135542 21.864463072270155
leaf_count=94 46402 96 101 84 106 335 100 101 66 117 75 91 110 114
internal_value=-3.56468e-06 -0.00444513 9.46726e-06 0.00378656 -6.77359e-06 2.5522e-05 0.00323608 0.00500208 -0.0033182 -0.000426122 -0.00369467 -0.00628979 -0.00130536 -2.03991e-05
internal_weight=8725.87 21.0018 8704.87 32.8268 8672.04 8601.14 117.005 93.3434 23.6615 36.298 70.8988 47.8783 30.7634 8484.14
internal_count=47992 190 47802 185 47617 47235 719 553 166 218 382 276 201 46516
is_linear=0
shrinkage=0.02


Tree=414
num_leaves=15
num_cat=0
split_feature=13 4 4 11 11 0 12 1 12 5 10 13 13 2
split_gain=1.27237 1.65747 2.14879 4.24322 4.19678 7.22995 4.93476 3.37207 1.97506 1.56003 1.5857 4.08094 3.20826 3.48016
threshold=138.66666666666671 169.50000000000003 170.50000000000003 27.337776069033286 33.23368542576241 53.849418206707746 85.500000000000014 1.5000000000000002 89.500000000000014 59.500000000000007 1.0000000180025095e-35 112.50000000000001 109.16666666666667 157.50000000000003
decision_type=2 2 2 2 2 2 2 2 2 2 2 2 2 2
left_child=1 9 3 -3 5 8 7 -7 -4 -1 11 12 -11 -14
right_child=-2 2 4 -5 -6 6 -8 -9 -10 10 -12 -13 13 -15
leaf_value=0.0057311607067942003 -0.0048033906591835197 0.011875230812894435 0.011553646245371267 0.00059260903888141969 0.0068467389313858762 -0.020616234166497688 0.00054685795382689755 -0.0020066936596524585 -0.00066678467442851175 0.00056583817287032758 -0.00017452460757168904 -0.0038068224465244616 -0.0036731670043931392 0.0087317232516517535
leaf_weight=13.79362393170595 17.038356252014637 17.686936780810356 7.0647815987467748 34.692375831305981 18.094054311513901 8.9550669491291099 13.038721285760401 7.4108563140034667 7.9914847239851952 1624.1793039850891 6836.3792753629386 78.76330104470253 8.5889783427119237 32.072458423674107
leaf_count=91 121 156 67 300 158 73 100 62 65 8197 37669 600 66 267
internal_value=-3.70239e-06 8.20938e-06 0.0023433 0.00514009 -0.000176041 -0.00347772 -0.00879943 -0.0147246 0.00641843 -2.41323e-05 -3.69503e-05 0.000500269 0.000716023 0.00595233
internal_weight=8725.75 8708.71 114.934 52.3793 62.555 44.4609 29.4046 16.3659 15.0563 8593.78 8579.98 1743.6 1664.84 40.6614
internal_count=47992 47871 981 456 525 367 235 135 132 46890 46799 9130 8530 333
is_linear=0
shrinkage=0.02


Tree=415
num_leaves=15
num_cat=0
split_feature=0 3 3 0 0 22 3 3 21 0 24 3 0 0
split_gain=1.26417 1.93331 2.83902 1.77557 3.13047 3.6906 2.97407 4.30984 3.09612 2.65513 2.28399 2.51675 2.69182 2.18557
threshold=39.552361396303908 64.600000000000009 72.65000000000002 39.943874058863798 41.356605065023963 3.5000000000000004 74.40000000000002 87.500000000000014 0.91008259853997253 40.297056810403838 1.0000000180025095e-35 67.950000000000017 39.757700205338814 49.115674195756334
decision_type=2 2 2 2 2 2 2 2 2 2 2 2 2 2
left_child=1 -1 -3 10 5 6 8 -8 -5 -9 11 -2 -13 -6
right_child=3 2 -4 4 13 -7 7 9 -10 -11 -12 12 -14 -15
leaf_value=0.0034226738940640613 -0.0064511718367641791 -0.011515940964133383 -0.00044217553815395906 -0.0047807651003313172 0.00071069677095932982 -0.011823413115179832 -0.0090766572867444304 0.0062292111467091181 0.0030475442313863225 -0.0051008479250426808 0.0050523829841850679 0.0089155602419772259 -0.0031990674260892727 -0.00011678005412787882
leaf_weight=9.5131862256675941 14.69309290871024 11.87240995839238 22.347174797207117 23.992364529520273 1562.4882316924632 11.456528715789316 34.239173404872417 13.904190078377725 61.633174385875463 9.7980820387601835 56.437052570283413 9.5856007561087626 10.602607350796459 6873.0737663693726
leaf_count=109 193 104 167 280 9773 67 282 91 562 62 400 85 97 35720
internal_value=-3.48699e-06 -0.00321591 -0.00531352 1.43062e-05 -1.573e-05 -0.00278706 -0.00167886 -0.00498694 0.00068923 0.00140321 0.0027148 -0.00117645 0.00310165 3.65837e-05
internal_weight=8725.64 43.7328 34.2196 8681.9 8590.59 155.024 143.567 57.9414 85.6255 23.7023 91.3184 34.8813 20.1882 8435.56
internal_count=47992 380 271 47612 46837 1344 1277 435 842 153 775 375 182 45493
is_linear=0
shrinkage=0.02


Tree=416
num_leaves=15
num_cat=0
split_feature=6 13 20 19 3 19 3 21 2 2 2 20 19 4
split_gain=1.2648 3.63231 4.92315 4.27078 5.19678 4.16249 6.80617 5.39281 6.70466 4.04367 3.80966 3.62639 4.09409 3.60682
threshold=2.5000000000000004 102.83333333333336 8.3241957563312816 6.7378158698181201 71.750000000000014 8.2551829586647312 92.100000000000009 1.426747472338133 170.50000000000003 157.50000000000003 177.50000000000003 9.3071868583162232 7.7409698423321815 120.50000000000001
decision_type=2 2 2 2 2 2 2 2 2 2 2 2 2 2
left_child=-1 3 5 4 -2 7 -7 8 9 -3 13 -4 -13 -5
right_child=1 2 11 10 -6 6 -8 -9 -10 -11 -12 12 -14 -15
leaf_value=-8.7931148900871717e-05 0.00091028262623710969 0.0032344338386214324 0.0039715965900949789 0.001818913800739248 -0.0068882633648723558 -0.0087748736213459147 0.0011441888701937688 0.0064260838370690807 0.0069093440631733775 -0.0095551369997588925 -0.0052969907775117266 0.0054464909519197757 -0.0054572417665068396 0.0062411273559216168
leaf_weight=7782.296839799732 213.76055248826742 9.9329356774687749 100.74473142623901 190.37759226560593 35.491278164088726 73.713358603417873 40.546757526695728 31.734442695975304 15.221105895936487 36.891344904899597 15.786306917667387 15.162175163626669 39.693298384547234 124.41400248557329
leaf_count=42386 1009 63 774 970 178 472 266 201 101 232 85 132 321 802
internal_value=-3.71918e-06 0.000685604 -0.000870508 0.00166404 -0.00030592 -0.00285764 -0.00533779 0.000261139 -0.0031063 -0.00675317 0.00313775 0.00178011 -0.0022068 0.0036432
internal_weight=8725.77 943.47 363.64 579.83 249.252 208.04 114.26 93.7798 62.0454 46.8243 330.578 155.6 54.8555 314.792
internal_count=47992 5606 2562 3044 1187 1335 738 597 396 295 1857 1227 453 1772
is_linear=0
shrinkage=0.02


Tree=417
num_leaves=15
num_cat=0
split_feature=0 12 7 2 21 20 20 11 0 21 20 23 6 2
split_gain=1.25676 3.01049 1.30688 3.44399 3.34146 2.73475 3.44449 2.90706 2.79411 3.59227 2.83165 2.74925 2.41733 5.13564
threshold=64.527036276522935 49.500000000000007 2.5000000000000004 178.50000000000003 2.5422109608276444 5.1918822724161542 5.466036960985627 37.65141969651021 47.393566050650243 1.2838669296860654 6.9387405886379208 1.0000000180025095e-35 2.5000000000000004 150.50000000000003
decision_type=2 2 2 2 2 2 2 2 2 2 2 2 2 2
left_child=2 -2 12 4 5 -4 -7 8 -8 11 -11 -10 -1 -14
right_child=1 -3 3 -5 -6 6 7 -9 9 10 -12 -13 13 -15
leaf_value=-3.3990738055724207e-05 -0.0010251884091985355 0.010103554488379995 -0.0055260873086685628 -0.0071907724650394338 -0.0088011897155388444 0.0072993869735538701 -0.0068857472780652455 0.0050648339517782789 0.0056044086153827577 -0.0030592294085811122 0.00011381371033092253 -0.0018804223108763887 -0.0068063367345904688 0.0019251654364495939
leaf_weight=7489.2342377901077 21.186097495257854 11.419656611979006 32.715992532670498 27.611253507435322 14.011133357882498 19.971250019967556 22.175179719924927 33.326881304383278 59.146009340882301 166.05282489955425 324.3569189235568 24.846468180418015 23.6839285120368 455.6272749453783
leaf_count=40936 93 76 188 135 72 91 119 192 279 728 1786 114 150 3033
internal_value=-3.61153e-06 0.00364442 -1.96121e-05 -0.000830206 -0.000525793 -0.000290255 1.04519e-05 -0.00027316 -0.000614301 -0.000311404 -0.000976574 0.00338654 5.42816e-05 0.00142378
internal_weight=8725.37 32.6058 8692.76 724.214 696.603 682.592 649.876 629.904 596.577 574.402 490.41 83.9925 7968.55 479.311
internal_count=47992 169 47823 3704 3569 3497 3309 3218 3026 2907 2514 393 44119 3183
is_linear=0
shrinkage=0.02


Tree=418
num_leaves=15
num_cat=0
split_feature=21 21 24 2 2 21 2 2 11 11 11 20 21 11
split_gain=1.25255 1.98821 3.54777 4.22511 3.23969 1.95437 3.31225 5.00855 5.25331 2.82932 2.7015 3.16438 2.63396 2.52685
threshold=0.82999756013193193 0.8955113507124598 1.0000000180025095e-35 161.50000000000003 164.50000000000003 0.97037627849649521 162.50000000000003 159.50000000000003 21.969228019313014 18.349237673010382 19.815865052037939 5.023545516769337 0.9327820470913486 21.080004259063152
decision_type=2 2 2 2 2 2 2 2 2 2 2 2 2 2
left_child=-1 2 3 -2 -4 6 7 8 -3 -7 -8 -12 -13 -11
right_child=1 5 4 -5 -6 9 10 -9 -10 13 11 12 -14 -15
leaf_value=-0.0037794596923267582 0.0071022382878319747 0.004907013468252259 -0.0014144168422738348 -0.00689176824365181 0.010747440401752276 0.0065237090512664528 -0.010550502393211036 0.0089480457083599019 -0.010323521760934335 -0.0019296742076476052 -0.0058315017687723949 0.0067862011959154587 -0.0021649276175514519 6.715627996562938e-05
leaf_weight=30.005394991487265 8.9175984412431735 13.08894617855549 10.616954345256088 17.991361755877733 24.211789052933455 21.721467442810535 16.518806222826242 18.759256403893232 13.73845351487398 256.56284838169813 46.307443536818027 15.984838806092737 30.434490367770195 8199.9932923838496
leaf_count=378 115 112 89 191 172 113 120 173 147 1420 476 103 192 44191
internal_value=-3.67237e-06 1.12924e-05 0.00345019 -0.00180529 0.00727774 -1.50514e-05 -0.00220622 0.00213327 -0.00322628 2.60051e-05 -0.00404864 -0.00238937 0.00123872 5.23376e-06
internal_weight=8724.85 8694.85 61.7377 26.909 34.8287 8633.11 154.832 45.5867 26.8274 8478.28 109.246 92.7268 46.4193 8456.56
internal_count=47992 47614 567 306 261 47047 1323 432 259 45724 891 771 295 45611
is_linear=0
shrinkage=0.02


Tree=419
num_leaves=15
num_cat=0
split_feature=9 3 13 21 20 11 12 0 20 0 2 2 20 22
split_gain=1.25144 5.13144 3.62656 3.68476 4.83607 4.33697 4.63881 4.50235 4.46637 3.96029 4.06551 3.94287 3.8976 4.60785
threshold=1.0000000180025095e-35 61.100000000000009 115.50000000000001 1.1171005696926202 5.7419575633128002 23.147701634739175 34.500000000000007 56.485968514715957 5.7419575633128002 63.713894592744701 172.50000000000003 174.50000000000003 5.9804928131416846 1.5000000000000002
decision_type=2 2 2 2 2 2 2 2 2 2 2 2 2 2
left_child=-1 -2 3 4 11 -5 8 12 -7 10 -9 -3 13 -8
right_child=1 2 -4 5 -6 6 7 9 -10 -11 -12 -13 -14 -15
leaf_value=5.0474900570331468e-05 -0.0075800388577907879 0.0056510354513782573 0.0065647386683780522 0.0081480518812150175 -0.016688349782915297 -0.0022981157093563812 -0.0080849789060995596 -0.0086336486571151252 0.011272756608343464 0.0040148775564100457 0.0010282895800674027 -0.0097646165589308203 0.0021386819917231245 0.0031512848213603416
leaf_weight=8302.3898460529745 38.408088399097323 11.834903538227087 23.430781655013561 18.04442835599184 8.1049124002456647 13.854042854160069 34.215805146843195 68.672970801591873 18.209831014275551 13.476658694446085 21.05765338242054 5.9464051797986022 127.38919799029827 19.498944915831089
leaf_count=45446 276 119 195 103 47 90 235 361 86 72 110 61 694 97
internal_value=-3.58121e-06 -0.00105954 -0.000312659 -0.000849104 -0.00746133 -0.00022901 -0.000832353 -0.00167919 0.00583614 -0.00490808 -0.00641051 -0.000428106 0.000232572 -0.00405104
internal_weight=8724.53 422.145 383.737 360.306 25.8862 334.42 316.375 284.311 32.0639 103.207 89.7306 17.7813 181.104 53.7148
internal_count=47992 2546 2270 2075 227 1848 1745 1569 176 543 471 180 1026 332
is_linear=0
shrinkage=0.02


Tree=420
num_leaves=15
num_cat=0
split_feature=20 13 2 11 20 2 24 6 20 5 24 12 3 11
split_gain=1.24482 1.92999 5.54581 3.15693 4.0352 4.75524 3.34212 2.91227 2.78592 2.28339 2.55933 4.09181 4.17863 3.45947
threshold=4.1803148528405218 76.833333333333357 169.50000000000003 29.034263797737456 5.1266940451745384 161.50000000000003 1.0000000180025095e-35 1.5000000000000002 6.1348939082819998 69.500000000000014 1.5000000000000002 52.500000000000007 72.65000000000002 28.610883132601327
decision_type=2 2 2 2 2 2 2 2 2 2 2 2 2 2
left_child=-1 2 3 4 5 -2 -5 8 -6 10 11 -3 -13 -14
right_child=1 9 -4 6 7 -7 -8 -9 -10 -11 -12 12 13 -15
leaf_value=-0.0030525484379423326 0.0071991767888925718 -0.0094625476658168461 0.0090068231702900674 0.010847326617804664 -0.009659625871019966 -0.0035075428827438405 -0.00025896379604375979 0.0020066696258942075 0.00052689067745240398 8.4884679135286622e-06 -0.0085690790542257197 0.0039598457720965473 -0.010788309785512507 0.0018701563703720624
leaf_weight=48.243519451469183 31.899588610976934 14.298652313649653 31.551467437297106 15.610860303044317 33.60275499150157 25.715053219348192 21.662397518754005 17.341395646333694 13.688616797327994 8371.9042297899723 19.582732193171978 52.368095889687538 13.377026297152044 13.501092202961443
leaf_count=567 279 87 203 95 217 216 102 84 64 45574 95 281 68 60
internal_value=-3.61905e-06 1.48525e-05 0.00197674 0.000342637 -0.00122829 0.00249003 0.00507811 -0.00451238 -0.00690441 -3.02292e-05 -0.00279151 -0.00118832 0.000753882 -0.0050711
internal_weight=8724.35 8676.1 191.072 159.521 122.247 57.6146 37.2733 64.6328 47.2914 8485.03 113.128 93.5449 79.2462 26.8781
internal_count=47992 47425 1260 1057 860 495 197 365 281 46165 591 496 409 128
is_linear=0
shrinkage=0.02


Tree=421
num_leaves=15
num_cat=0
split_feature=2 6 4 0 2 7 2 23 0 21 0 11 2 5
split_gain=1.24321 2.84998 4.80102 3.5905 2.654 3.85579 2.60152 3.71451 3.35913 3.24088 3.11744 2.47216 4.01603 3.31648
threshold=159.50000000000003 2.5000000000000004 130.50000000000003 51.642710472279269 157.50000000000003 1.5000000000000002 151.50000000000003 1.0000000180025095e-35 60.015058179329237 1.8710725339085921 58.772073921971263 34.773181462673456 170.50000000000003 84.500000000000014
decision_type=2 2 2 2 2 2 2 2 2 2 2 2 2 2
left_child=1 -1 4 -4 -3 -6 9 8 -8 -5 -9 -2 -13 -14
right_child=11 2 3 6 5 -7 7 10 -10 -11 -12 12 13 -15
leaf_value=-0.00067827587929927856 3.4346899086462452e-05 0.0050192169427498816 -0.0083077168188000275 0.002178318578202739 0.0055917422253071447 -0.0050813918347031436 0.0077276191121650704 -0.010868832432986064 -0.0016090292396210466 -0.011235051059423927 0.0027186252624116182 0.00065425105394273039 0.0093073968679030072 0.0009002115405127172
leaf_weight=1978.03188174963 6045.7131273783743 124.14017308503389 20.399058230221272 10.446891225874426 18.682024054229259 26.576265290379524 36.227162353694439 9.6205009594559687 21.768088087439537 10.667363725602625 9.2412401363253576 337.83546358346939 39.529183097183704 35.476433083415031
leaf_count=10924 32951 681 135 72 112 130 260 65 173 74 71 1904 190 250
internal_value=-3.65817e-06 -0.00040644 0.00143491 -0.00160539 0.00355597 -0.000517877 0.000106346 0.0018731 0.00434187 -0.00537543 -0.00495317 0.000137542 0.00162547 0.0056607
internal_weight=8724.35 2265.8 287.769 118.37 169.398 45.2583 97.9712 76.857 57.9953 21.1143 18.8617 6458.55 412.841 75.0056
internal_count=47992 12697 1773 850 923 242 715 569 433 146 136 35295 2344 440
is_linear=0
shrinkage=0.02


Tree=422
num_leaves=15
num_cat=0
split_feature=14 2 9 3 21 11 14 0 20 20 20 24 3 0
split_gain=1.22897 1.64717 1.3699 4.85883 3.49552 4.02908 3.97365 5.34071 4.47953 4.11536 3.95773 4.65186 3.57507 3.72941
threshold=2.1602564102564106 163.50000000000003 1.0000000180025095e-35 61.100000000000009 1.1171005696926202 23.229444012384075 1.429401993355482 56.398357289527731 5.6294455852156071 7.8700889801505829 5.9804928131416846 1.5000000000000002 86.250000000000014 52.376454483230667
decision_type=2 2 2 2 2 2 2 2 2 2 2 2 2 2
left_child=2 -2 -1 -4 -5 -6 8 10 -7 -9 11 -8 -12 -14
right_child=1 -3 3 4 5 6 7 9 -10 -11 12 -13 13 -15
leaf_value=7.1676233131689405e-05 0.0011408065180939096 -0.0058905558556973303 -0.0074450344395852767 -0.0067639960200653725 0.0079948782086606222 -0.0037402790112826727 -0.007739558535827128 -0.0077931586462376325 0.0095253735653380543 -8.5858989975782615e-05 0.004947592341813317 0.003413015159816889 0.0034283462060492099 -0.0069832187820222467
leaf_weight=8257.2611685432494 19.685689376667142 27.180351376533508 38.303841054439545 26.366706971079111 19.708155877888203 11.69497414678335 33.022712621837854 61.649598598480225 25.629435464739799 48.534447051584721 88.907471440732479 20.624348752200603 23.657481424510479 21.716852910816669
leaf_count=45208 108 142 275 231 113 77 226 280 134 320 504 107 148 119
internal_value=-3.60158e-06 -0.00307327 1.45081e-05 -0.00109282 -0.000361822 0.000195242 -0.00036783 -0.00116965 0.00537073 -0.00456667 0.000878413 -0.00349246 0.00270167 -0.00171361
internal_weight=8723.94 46.866 8677.08 419.816 381.512 355.145 335.437 298.113 37.3244 110.184 187.929 53.6471 134.282 45.3743
internal_count=47992 250 47742 2534 2259 2028 1915 1704 211 600 1104 333 771 267
is_linear=0
shrinkage=0.02


Tree=423
num_leaves=15
num_cat=0
split_feature=10 0 0 21 2 0 0 6 0 21 2 1 0 5
split_gain=1.22389 2.93939 5.01526 7.01075 5.18823 4.67882 3.13841 3.98949 4.6326 3.40214 3.30347 4.59602 4.47773 4.00878
threshold=1.0000000180025095e-35 42.410677618069819 48.009582477754968 1.2181830500064164 164.50000000000003 43.618069815195078 57.969883641341553 2.5000000000000004 57.685147159479818 1.9618684585664035 172.50000000000003 1.5000000000000002 50.076659822039709 89.500000000000014
decision_type=2 2 2 2 2 2 2 2 2 2 2 2 2 2
left_child=1 -1 3 4 -3 -6 7 8 10 -9 11 12 -4 -13
right_child=-2 2 6 -5 5 -7 -8 9 -10 -11 -12 13 -14 -15
leaf_value=-0.0025556135401765779 -0.00012374838656062744 -0.0052038492271617607 -0.0043010972324132851 0.0074630260263647708 0.012855387511240338 0.00079650248200776892 0.00146889895578284 -0.0058624671902572228 -0.0056837334786720905 0.0045783523529239149 -0.0027651715177169889 0.0018275579505756718 0.00075312569602421124 0.0088334654922836552
leaf_weight=115.208411462605 6948.1237843073905 40.48640189319849 79.254039540886879 93.473179474473 11.189496472477911 68.803420774638653 531.07023460417986 77.014878839254379 48.944592379033566 10.688364297151564 109.44322185218334 137.53548380360007 412.34243959188461 40.090474002063274
leaf_count=883 38602 260 416 517 70 391 2713 402 231 67 541 633 2013 253
internal_value=-3.71439e-06 0.000463912 0.000681678 0.00350355 0.000240697 0.00316387 0.00025225 -0.000455628 -1.24168e-05 -0.00439017 0.000375502 0.000908785 -9.27785e-05 0.00361831
internal_weight=8723.67 1775.54 1660.34 213.952 120.479 79.9929 1446.38 915.313 827.61 87.7032 778.666 669.222 491.596 177.626
internal_count=47992 9390 8507 1238 721 461 7269 4556 4087 469 3856 3315 2429 886
is_linear=0
shrinkage=0.02


Tree=424
num_leaves=15
num_cat=0
split_feature=13 4 3 11 21 11 11 20 12 5 10 13 4 3
split_gain=1.22209 1.60316 2.41462 3.38763 4.25825 6.84775 3.08035 2.55162 5.41316 1.51745 1.48201 3.95767 3.13569 5.1338
threshold=138.66666666666671 169.50000000000003 65.15000000000002 33.23368542576241 1.7349634007424106 31.104500931434412 23.334793563870971 10.253641341546887 83.500000000000014 59.500000000000007 1.0000000180025095e-35 112.50000000000001 148.50000000000003 62.850000000000009
decision_type=2 2 2 2 2 2 2 2 2 2 2 2 2 2
left_child=1 9 6 4 7 -6 -3 8 -4 -1 11 12 -11 -14
right_child=-2 2 3 -5 5 -7 -8 -9 -10 10 -12 -13 13 -15
leaf_value=0.0056490309427973187 -0.0047007005013873296 -0.00077229592002750036 0.0091087730273035593 0.005635989863671218 0.0031082226197532304 -0.016989630750865844 0.014282689497143217 -0.0051923522220923843 -0.005836830414677802 0.00052485703844948588 -0.00016926485297045834 -0.0037549821654538152 -0.006303965119931294 0.0077792936643207604
leaf_weight=13.817284317687152 17.100955404341221 7.9118318110704449 23.717301853001118 33.670022785663605 9.6655263826251048 10.126549839973448 8.4390534758567792 10.85959807038307 10.342805325984953 1608.7375435493886 6834.5700347572565 78.885119616985321 8.7867322415113431 46.617949098348618
leaf_count=91 121 65 219 297 78 77 77 88 80 8062 37669 600 67 401
internal_value=-3.491e-06 8.19865e-06 0.00230668 0.000911287 -0.00174624 -0.00844668 0.00842935 0.0017163 0.00435293 -2.35871e-05 -3.62436e-05 0.000483193 0.000695939 0.00517576
internal_weight=8723.25 8706.15 114.733 98.3818 64.7118 19.7921 16.3509 44.9197 34.0601 8591.41 8577.6 1743.03 1664.14 55.4047
internal_count=47992 47871 981 839 542 155 142 387 299 46890 46799 9130 8530 468
is_linear=0
shrinkage=0.02


Tree=425
num_leaves=15
num_cat=0
split_feature=18 12 7 1 14 12 6 3 18 12 21 18 18 18
split_gain=1.21578 2.94328 1.25911 3.62106 4.55503 3.69737 3.31343 3.35833 3.52693 3.23535 3.08783 2.54253 4.02923 6.15325
threshold=41.637384125056634 49.500000000000007 2.5000000000000004 1.5000000000000002 1.6288018433179727 60.500000000000007 2.5000000000000004 92.100000000000009 33.95195879543936 70.500000000000014 1.1921541848518384 39.528895522695734 31.312488937799166 31.622724573803684
decision_type=2 2 2 2 2 2 2 2 2 2 2 2 2 2
left_child=2 -2 -1 9 6 -6 7 8 10 11 -5 12 -4 -14
right_child=1 -3 3 4 5 -7 -8 -9 -10 -11 -12 -13 13 -15
leaf_value=5.3424687210543166e-05 -0.0010211022340137898 0.0099941833863421044 0.0012183131650558359 -0.0062712254485335376 -0.011392852887852776 0.00029809132258080663 0.0009196114323059897 -0.011773196698801098 -0.0082238646055572944 0.008740625988159589 0.0042068609933512665 0.0043410116639510145 -0.012428722356358543 -0.0013620653893742641
leaf_weight=7966.416108943522 21.185443490743637 11.351461328566073 228.33282250165939 10.924378767609594 32.63746289908886 14.375316314399241 108.29848256707191 14.154330551624296 18.49441060423851 11.981781139969824 33.564046204090118 40.853131338953972 17.801391571760178 192.68418974429369
leaf_count=44119 93 76 1133 62 174 94 537 65 80 87 160 240 87 985
internal_value=-3.38362e-06 0.00358798 -1.91149e-05 -0.000814817 -0.00284351 -0.0080946 -0.00132414 -0.00436288 -0.0019247 0.00015927 0.00121985 -0.000138918 -0.000604703 -0.00257396
internal_weight=8723.05 32.5369 8690.52 724.102 232.448 47.0128 185.436 77.1372 62.9828 491.653 44.4884 479.672 438.818 210.486
internal_count=47992 169 47823 3704 1172 268 904 367 302 2532 222 2445 2205 1072
is_linear=0
shrinkage=0.02


Tree=426
num_leaves=15
num_cat=0
split_feature=0 20 0 0 1 20 19 2 20 20 20 19 21 2
split_gain=1.21485 1.43255 1.34057 4.66606 4.71767 6.9117 4.9987 4.86467 5.1081 5.84952 4.73035 4.68674 5.78444 7.08711
threshold=39.390828199863115 4.7055441478439439 49.671457905544152 51.642710472279269 1.5000000000000002 6.2720328542094466 7.6647139235246184 159.50000000000003 7.8143463381245732 6.9467761806981532 6.304010951403149 6.6110336395004179 1.4712465008096773 157.50000000000003
decision_type=2 2 2 2 2 2 2 2 2 2 2 2 2 2
left_child=1 -1 -2 -4 11 6 -6 8 9 -7 -9 12 -5 -14
right_child=2 -3 3 4 5 7 -8 10 -10 -11 -12 -13 13 -15
leaf_value=-0.0091936986485053399 0.00045758474767408706 5.558303073079747e-05 -0.0015673829652655706 0.00076272907928758569 0.00080409255303710934 -0.00063264156493668042 0.0079934108793929207 -0.0090132867819241597 0.0020713109603150873 -0.011572537291466397 -0.00069922634839880238 -0.00010290050631876675 0.010096530312143201 0.0021658698854506611
leaf_weight=7.5206699669361141 2037.5745954401791 13.367074325680731 788.76112236827612 1322.7075443305075 139.76900768280029 32.26971997320652 49.641840606927872 22.933429226279259 26.939979240298271 48.871937915682793 1660.382284887135 2313.0686071440578 54.910646058619022 204.31638859212399
leaf_count=94 13236 96 4446 6548 777 149 230 110 171 217 8544 12094 277 1003
internal_value=-3.56314e-06 -0.00432986 9.07199e-06 -0.000127993 6.60568e-05 -0.000727122 0.00285572 -0.00111396 -0.00513661 -0.00753426 -0.000840039 0.000470357 0.0013075 0.00401262
internal_weight=8723.03 20.8877 8702.15 6664.57 5875.81 1980.81 189.411 1791.4 108.082 81.1417 1683.32 3895 1581.93 259.227
internal_count=47992 190 47802 34566 30120 10198 1007 9191 537 366 8654 19922 7828 1280
is_linear=0
shrinkage=0.02


Tree=427
num_leaves=15
num_cat=0
split_feature=2 0 2 11 20 20 20 21 2 0 20 20 21 2
split_gain=1.21839 4.4524 8.75554 3.9306 4.14066 4.19137 3.64286 9.18994 3.61054 6.12185 3.58332 3.54782 5.3192 8.82306
threshold=164.50000000000003 62.525667351129371 166.50000000000003 20.786176581102236 6.7439698836413422 5.5186310746064349 9.5371663244353204 1.9386213089356956 169.50000000000003 59.973990417522252 4.7493771389459285 6.704257357973991 1.9739676898930802 157.50000000000003
decision_type=2 2 2 2 2 2 2 2 2 2 2 2 2 2
left_child=3 6 -3 4 5 10 -2 8 9 -8 -1 12 -5 -14
right_child=1 2 -4 11 -6 -7 7 -9 -10 -11 -12 -13 13 -15
leaf_value=0.0020738091428220322 0.00012602557314741241 0.0086008962342573412 0.00065699222073390155 -0.00099996246465553829 -0.007691801603875348 0.0030225864618847122 -0.013957393367281539 -0.017602744622987689 0.0044343675895141569 0.0045230566573807073 -0.010534488596730897 0.00040715965258114769 -0.0021304566569627262 0.010450423307999959
leaf_weight=12.063586387783291 4123.8674359247088 67.926769115030766 239.16496855765581 1811.1169901154935 52.245190538465977 47.931019484996796 10.308804087340834 11.390655741095541 25.965086340904236 9.7802314162254316 18.226516168564558 2212.1929108127952 42.447423987090588 38.519190154969692
leaf_count=198 22329 362 1258 10272 259 283 81 91 201 80 185 12031 190 172
internal_value=-3.58004e-06 0.000225656 0.00253019 -0.000246999 -0.00359959 -0.000544384 5.31049e-05 -0.00474065 -0.000107897 -0.00577221 -0.00587397 -0.00013569 -0.000770836 0.00409123
internal_weight=8723.15 4488.4 307.092 4234.74 130.466 78.2211 4181.31 57.4448 46.0541 20.089 30.2901 4104.28 1892.08 80.9666
internal_count=47992 24402 1620 23590 925 666 22782 453 362 161 383 22665 10634 362
is_linear=0
shrinkage=0.02


Tree=428
num_leaves=15
num_cat=0
split_feature=14 2 0 12 22 11 11 3 3 0 20 11 3 11
split_gain=1.19687 1.59737 2.37921 1.49195 2.41882 3.42963 6.35343 2.07486 3.13112 1.81762 1.62398 1.52954 2.83718 2.64063
threshold=2.1602564102564106 169.50000000000003 55.848049281314175 73.500000000000014 3.5000000000000004 27.337776069033286 28.610883132601327 93.500000000000014 78.250000000000014 58.131416837782346 10.580027378507873 43.283037195056544 124.50000000000001 49.7242412443345
decision_type=2 2 2 2 2 2 2 2 2 2 2 2 2 2
left_child=3 2 -2 11 5 10 -7 8 -8 -10 -5 12 -1 -13
right_child=1 -3 -4 4 -6 6 7 -9 9 -11 -12 13 -14 -15
leaf_value=-3.9362619690081107e-06 0.0043111837995134057 -0.0076628343869183241 -0.0051041478119187491 0.0071357764841791559 0.0075733684911722882 -0.01403321703715054 -0.0044984123751788379 -0.0038444214343987251 0.0014554452079697136 0.012326982978746039 -0.001950883416932324 -0.0043463819013227637 0.0084498006611214947 0.0029324624145425282
leaf_weight=8453.8702484816313 16.99503674171865 13.961547538638113 15.940244406461714 28.427128441631794 21.479956887662411 9.2376512959599477 8.9883519634604436 17.662758231163025 14.205347739160063 9.5104587152600271 7.4912898093461981 70.729339517652988 10.909153461456297 22.763122230768204
leaf_count=46193 90 73 87 248 178 73 67 152 122 81 65 377 66 120
internal_value=-3.69929e-06 -0.00303211 -0.000265121 1.41784e-05 0.00221039 0.000667821 -0.0022139 0.000989254 0.00381648 0.00727204 0.00518494 -1.68862e-05 1.17043e-05 -0.00249496
internal_weight=8722.17 46.8968 32.9353 8675.27 117.003 95.523 59.6046 50.3669 32.7042 23.7158 35.9184 8558.27 8464.78 93.4925
internal_count=47992 250 177 47742 986 808 495 422 270 203 313 46756 46259 497
is_linear=0
shrinkage=0.02


Tree=429
num_leaves=15
num_cat=0
split_feature=21 21 21 2 11 2 11 11 11 11 4 20 2 5
split_gain=1.20011 1.95702 1.84975 3.24008 4.88586 4.94329 2.76383 2.63425 3.10365 2.35681 4.12804 3.56227 3.01144 2.75591
threshold=0.82999756013193193 0.8955113507124598 0.97037627849649521 162.50000000000003 21.969228019313014 159.50000000000003 18.349237673010382 19.815865052037939 21.080004259063152 20.450141799056251 124.50000000000001 6.1348939082819998 162.50000000000003 59.500000000000007
decision_type=2 2 2 2 2 2 2 2 2 2 2 2 2 2
left_child=-1 -2 3 4 -3 -6 -4 -5 -9 10 11 -8 -13 -11
right_child=1 2 6 7 5 -7 9 8 -10 13 -12 12 -14 -15
leaf_value=-0.003704700549894982 0.0034229649872892145 0.0083890312406705286 0.00644530957697023 -0.010408426538290638 -0.010183389227795403 0.0050799270024550949 -0.0056961387806426945 0.0048705750514227188 -0.0039686522250480831 0.0080168217221118551 -0.0074234228840085181 -0.0033440484669921512 0.0045707199102501374 3.2802642814270111e-05
leaf_weight=29.907209984958172 61.733704496175051 20.739652797579765 21.734289310872555 16.433214381337166 13.650773115456106 11.186001934111117 28.983971565961838 15.015087258070706 77.504962086677551 12.332887940108774 41.578685499727726 24.233412489295006 52.758801966905594 8294.2712032459676
leaf_count=378 567 180 113 120 147 105 233 109 662 71 218 119 252 44718
internal_value=-3.58742e-06 1.10396e-05 -1.51022e-05 -0.00214887 0.00213986 -0.00354275 2.4808e-05 -0.00397562 -0.00233745 4.2656e-06 -0.00245885 -0.000246324 0.00200313 4.97128e-05
internal_weight=8722.06 8692.16 8630.42 154.53 45.5764 24.8368 8475.89 108.953 92.52 8454.16 147.555 105.976 76.9922 8306.6
internal_count=47992 47614 47047 1323 432 252 45724 891 771 45611 822 604 371 44789
is_linear=0
shrinkage=0.02


Tree=430
num_leaves=15
num_cat=0
split_feature=0 13 0 0 14 11 5 1 11 21 2 0 0 8
split_gain=1.17776 1.41998 1.33195 4.43696 4.57138 5.06083 4.5712 4.55948 4.53266 5.51086 6.87792 6.68296 8.79245 4.94426
threshold=39.390828199863115 92.500000000000014 49.671457905544152 51.642710472279269 1.4378511235955058 21.080004259063152 99.500000000000014 1.5000000000000002 25.711930380235053 1.4712465008096773 157.50000000000003 59.973990417522252 63.713894592744701 1.0000000180025095e-35
decision_type=2 2 2 2 2 2 2 2 2 2 2 2 2 2
left_child=1 -1 -2 4 -4 -6 -7 8 9 -5 -11 -12 -13 -10
right_child=2 -3 3 7 5 6 -8 -9 13 10 11 12 -14 -15
leaf_value=-0.0090165138384702224 0.00045594879026321144 0.00016001532040332736 -0.0057612696529527885 0.00075070832408847036 -0.0085632516118297336 -0.00092157022612709483 0.007421822800185769 -0.00071830108088465679 -0.00023493806161383794 0.0099237220163349051 0.0086131655717582006 -0.003034533049448397 0.0066378432019929632 0.0064686345708201334
leaf_weight=7.7686634175479439 2037.4371483027935 13.058953803032635 85.932674024254084 1322.733023468405 28.551951877772808 651.5506177097559 22.35162965208292 1980.866936635226 2272.9488213285804 54.795036822557449 43.501669578254223 109.77327286452055 50.892919421195984 39.868292592465878
leaf_count=95 13236 95 539 6548 198 3529 180 10198 11884 277 205 536 262 210
internal_value=-3.55624e-06 -0.00426827 8.86766e-06 -0.000127766 -0.00153174 -0.000974441 -0.000589273 6.14275e-05 0.000458946 0.00128229 0.00392429 0.00210586 0.000125102 -0.000104814
internal_weight=8722.03 20.8276 8701.2 6663.77 788.387 702.454 673.902 5875.38 3894.51 1581.7 258.963 204.168 160.666 2312.82
internal_count=47992 190 47802 34566 4446 3907 3709 30120 19922 7828 1280 1003 798 12094
is_linear=0
shrinkage=0.02


Tree=431
num_leaves=15
num_cat=0
split_feature=2 0 0 23 2 20 11 2 2 12 20 0 20 0
split_gain=1.20201 2.49191 5.2299 6.35321 5.31355 6.01665 3.74964 3.34436 5.65917 5.86671 3.01248 5.92164 3.31557 3.2738
threshold=159.50000000000003 60.703627652292958 63.582477754962362 1.0000000180025095e-35 157.50000000000003 9.3071868583162232 23.131588737772447 154.50000000000003 152.50000000000003 49.500000000000007 9.0366050650239576 58.328542094455862 9.3071868583162232 60.015058179329237
decision_type=2 2 2 2 2 2 2 2 2 2 2 2 2 2
left_child=1 10 3 4 5 6 -3 8 -4 -10 13 12 -12 -1
right_child=-2 2 7 -5 -6 -7 -8 -9 9 -11 11 -13 -14 -15
leaf_value=-0.00063053425281929423 0.00013549461687637282 -0.00069690471195421578 -0.00045961792165015669 -0.0030260405334853213 -0.0013573954885149095 -0.0043702595803991034 0.0088301839320857906 0.0006359508718059454 -0.020099238468131424 -0.00062599618604460515 0.005793714705279852 0.011451641228430027 -0.0069953042057700407 -0.0043502828784173411
leaf_weight=1721.2240914925933 6457.3369640037417 17.86680668592453 41.726671680808067 54.843651905655861 46.136011049151421 15.687205560505388 116.74796345829964 89.789724580943584 10.934405982494356 11.018927812576292 8.5343906804919261 18.546863809227943 15.73460667580366 95.686829283833504
leaf_count=9690 35295 86 237 306 242 128 585 484 49 75 69 157 124 465
internal_value=-3.33554e-06 -0.000399528 0.00101212 0.00277121 0.00443462 0.00621185 0.0075717 -0.00185204 -0.00518016 -0.0123286 -0.000709723 0.00424587 -0.00220816 -0.000838932
internal_weight=8721.82 2264.48 404.751 251.282 196.438 150.302 134.615 153.47 63.68 21.9533 1859.73 42.8159 24.269 1816.91
internal_count=47992 12697 2192 1347 1041 799 671 845 361 124 10505 350 193 10155
is_linear=0
shrinkage=0.02


Tree=432
num_leaves=15
num_cat=0
split_feature=13 4 3 11 21 11 14 0 11 5 14 10 13 4
split_gain=1.17484 1.5412 2.35513 3.3122 4.132 6.56193 3.73722 5.36747 3.03239 1.41741 1.47969 1.50041 3.8585 3.6054
threshold=138.66666666666671 169.50000000000003 65.15000000000002 33.23368542576241 1.7349634007424106 31.104500931434412 2.0857142857142863 56.146475017111577 23.334793563870971 59.500000000000007 2.3115384615384618 1.0000000180025095e-35 112.50000000000001 148.50000000000003
decision_type=2 2 2 2 2 2 2 2 2 2 2 2 2 2
left_child=1 9 8 4 6 -6 7 -4 -3 -1 11 12 13 -11
right_child=-2 2 3 -5 5 -7 -8 -9 -10 10 -12 -13 -14 -15
leaf_value=0.0054528728786054593 -0.0046027212431547513 -0.00077985793771323075 0.0095851838128801579 0.0055701368351388416 0.0030400710920127074 -0.01661939072968234 -0.0078427196672739424 -0.004502227090216528 0.014176911904349263 0.00052881990884625957 -0.0061107795819115938 -0.00015773248103187739 -0.0036805704752000366 0.0055804882200102806
leaf_weight=13.861333122476934 17.161005176603794 7.9056118130683926 23.433560766279697 33.548906072974205 9.6248670890927333 10.247493043541906 7.9543370604515067 13.44761288166046 8.3255056217312795 1607.710981875658 11.008195757865904 6824.4672133512795 79.068971484899521 53.789315737783909
leaf_count=91 121 65 221 297 78 77 55 111 77 8058 53 37627 600 461
internal_value=-3.46085e-06 8.01429e-06 0.00226397 0.000887764 -0.00173661 -0.00832022 0.0016833 0.00447661 0.00832975 -2.31204e-05 -3.53764e-05 -2.3774e-05 0.000499255 0.000709815
internal_weight=8721.55 8704.39 114.488 98.2568 64.7079 19.8724 44.8355 36.8812 16.2311 8589.91 8576.04 8565.04 1740.57 1661.5
internal_count=47992 47871 981 839 542 155 387 332 142 46890 46799 46746 9119 8519
is_linear=0
shrinkage=0.02


Tree=433
num_leaves=15
num_cat=0
split_feature=2 0 2 11 21 11 4 3 23 3 11 0 11 14
split_gain=1.17058 4.26784 8.56632 3.71762 3.3732 8.95858 8.41444 6.01678 9.37464 5.11638 3.65657 3.49155 5.15974 3.20701
threshold=164.50000000000003 62.525667351129371 169.50000000000003 20.786176581102236 1.9184471596849655 34.773181462673456 158.50000000000003 99.500000000000014 1.0000000180025095e-35 111.50000000000001 36.40760152399708 54.421629021218351 33.458798331320729 1.6238207547169814
decision_type=2 2 2 2 2 2 2 2 2 2 2 2 2 2
left_child=3 4 -3 -1 5 7 11 -2 -9 -8 -7 -6 -13 -5
right_child=1 2 -4 13 6 10 9 8 -10 -11 -12 12 -14 -15
leaf_value=-0.0035032928250324914 0.00015684953120139863 0.0056892312882807763 -0.00090874942998934961 -0.0004717509234194898 -0.006162060394706812 0.010538779094673314 -0.019234345039447567 0.0011264926544522786 -0.012471187225136175 -0.00085542096383906766 0.0015346974131213568 -0.0051523348448774733 0.0030345700062012278 0.00078929133353058869
leaf_weight=130.40629624761641 3837.5553865209222 156.07541893422604 150.73649457842112 3006.5765333399177 33.111168630421162 40.698485635221004 12.629660226404669 40.576608940958977 33.653196461498737 10.332699641585348 34.03755709528923 38.522377163171768 100.19191731512547 1096.2853184230626
leaf_count=925 20855 826 794 16233 169 232 100 231 185 82 192 200 536 6432
internal_value=-3.38632e-06 0.000221293 0.00247864 -0.000242044 5.24153e-05 0.000179759 -0.00248305 4.39119e-05 -0.00541096 -0.0126674 0.00681645 -0.000791023 0.000646911 -0.000133763
internal_weight=8721.39 4488.12 306.812 4233.27 4181.31 3986.52 194.788 3911.79 74.2298 22.9624 74.736 171.825 138.714 4102.86
internal_count=47992 24402 1620 23590 22782 21695 1087 21271 416 182 424 905 736 22665
is_linear=0
shrinkage=0.02


Tree=434
num_leaves=15
num_cat=0
split_feature=20 13 3 11 21 21 21 21 20 0 0 0 5 24
split_gain=1.18458 1.86139 3.70565 4.06876 4.74043 3.1937 4.16705 3.29482 3.92768 3.24407 2.92733 2.55663 2.19006 2.454
threshold=4.1803148528405218 76.833333333333357 75.800000000000011 32.048047210876483 1.4675336793824059 0.99823788246432177 1.1731006873855672 1.3218797139278637 5.0663107460643415 49.488021902806302 45.906913073237511 58.391512662559897 69.500000000000014 1.5000000000000002
decision_type=2 2 2 2 2 2 2 2 2 2 2 2 2 2
left_child=-1 2 5 4 -4 -2 9 -8 -9 10 -7 -10 13 -3
right_child=1 12 3 -5 -6 6 7 8 11 -11 -12 -13 -14 -15
leaf_value=-0.0029824540713275912 0.0081790781114916035 -0.0011625940515729548 7.6155686701386447e-05 -0.00077701102303801386 0.015945360777255297 -0.0065797049882909469 0.0054096628089967741 0.0063955371403747489 -0.0084814743449181593 -0.011600998149238513 0.0068224236457746128 0.00045649653008124862 8.0172785934584964e-06 -0.0083877636126078164
leaf_weight=48.080011624842882 12.946247385814784 93.48344998434186 11.771514542400839 18.541074186563492 17.501993089914322 7.9130888357758549 39.76134667545557 13.13001675903797 23.182154774665833 16.380388703197241 8.1539423577487451 21.831158801913261 8368.6317498236895 19.611970223486423
leaf_count=567 158 496 74 93 86 70 262 84 127 140 65 101 45574 95
internal_value=-3.60744e-06 1.4385e-05 0.00194088 0.00647147 0.0105644 0.000248448 -0.00079747 0.00129554 -0.00169181 -0.00649595 0.000131839 -0.00449436 -2.99057e-05 -0.00273453
internal_weight=8720.92 8672.84 191.113 47.8146 29.2735 143.298 130.352 97.9047 58.1433 32.4474 16.067 45.0133 8481.73 113.095
internal_count=47992 47425 1260 253 160 1007 849 574 312 275 135 228 46165 591
is_linear=0
shrinkage=0.02


Tree=435
num_leaves=15
num_cat=0
split_feature=3 23 4 5 21 13 20 4 8 13 6 3 21 21
split_gain=1.17001 4.23422 4.39676 3.81092 3.32915 2.94522 4.20289 2.82319 3.19023 5.19404 3.44757 2.91779 2.81931 2.82405
threshold=65.15000000000002 1.5000000000000002 129.50000000000003 79.500000000000014 1.7591378332996856 74.000000000000014 5.9420533880903497 109.50000000000001 1.0000000180025095e-35 96.500000000000014 1.5000000000000002 64.600000000000009 1.3363802132904568 1.3155302544326879
decision_type=2 2 2 2 2 2 2 2 2 2 2 2 2 2
left_child=1 4 3 -3 7 6 -2 11 -9 10 -10 12 13 -1
right_child=5 2 -4 -5 -6 -7 -8 8 9 -11 -12 -13 -14 -15
leaf_value=-0.0025174459551967465 0.0013990335930063361 -2.57821676556151e-05 0.0020654770792013794 -0.013262346378542898 0.0088872761366864048 -0.00020077089623340942 0.013519301489021827 0.00074498625081781248 -0.0097538743414733661 0.0030714378643024107 0.0023924209333172088 0.0054659319289368912 -0.0088726592345447133 0.007924779130077839
leaf_weight=108.98956954479218 68.614835564047098 13.517350658774374 20.826755695044994 21.173229858279228 13.785033285617827 6152.8346617780626 9.2668391168117505 2195.5375091731548 36.471742611378431 28.018039025366306 9.5513837784528715 13.218535918742417 22.647397793829441 6.4646663144230834
leaf_count=1077 451 116 119 148 75 33231 41 12033 253 158 45 88 121 36
internal_value=-3.49494e-06 0.000362275 -0.00486226 -0.00880803 0.00049195 -0.000150175 0.00359389 0.000425102 0.000603666 -0.00334363 -0.00720648 -0.00217395 -0.00308462 -0.00161146
internal_weight=8720.92 2490.2 55.5173 34.6906 2434.68 6230.72 77.8817 2420.9 2269.58 74.0412 46.0231 151.32 138.102 115.454
internal_count=47992 14269 383 264 13886 33723 492 13811 12489 456 298 1322 1234 1113
is_linear=0
shrinkage=0.02


Tree=436
num_leaves=15
num_cat=0
split_feature=6 13 14 20 19 3 13 19 2 20 19 18 18 4
split_gain=1.16116 3.49043 4.84757 5.40891 4.13487 4.9485 3.82835 3.65945 3.65198 3.63563 3.92186 3.47637 6.44539 3.46416
threshold=2.5000000000000004 102.83333333333336 1.3349834983498352 8.3241957563312816 6.7378158698181201 71.750000000000014 108.50000000000001 7.6385506033719404 177.50000000000003 9.3071868583162232 7.7409698423321815 28.956332254402749 24.729687456811153 120.50000000000001
decision_type=2 2 2 2 2 2 2 2 2 2 2 2 2 2
left_child=-1 4 -3 6 5 -2 7 -4 13 -5 -11 12 -8 -6
right_child=1 2 3 9 8 -7 11 -9 -10 10 -12 -13 -14 -15
leaf_value=-8.3982141789396721e-05 0.00086939949891724798 0.010637483395583821 0.0017388129577996401 0.0036951064624063702 0.001779902490722273 -0.0067354929254167363 0 -0.0042552508087430529 -0.0051779100952620526 0.0050924763928788166 -0.0056824853451704462 0.0014446596070733504 -0.017915336474475404 0.0061214681294747301
leaf_weight=7778.3097569365054 213.50410989671946 9.113182492554186 62.951413348317146 99.359337575733662 190.09095150977373 35.563163124024868 12.618138782680036 98.582332007586956 15.82457724958658 14.792768783867357 39.3370206579566 9.0668331757187826 17.711478210985661 123.80379254370928
leaf_count=42386 1009 58 391 766 970 178 101 612 85 130 318 62 124 802
internal_value=-3.28882e-06 0.000657605 -0.000867429 -0.00131269 0.00161812 -0.00031978 -0.00343939 -0.00192522 0.00307088 0.0014794 -0.00252242 -0.00868671 -0.0115478 0.00356767
internal_weight=8720.63 942.319 363.533 354.419 578.787 249.067 200.93 161.534 329.719 153.489 54.1298 39.3965 30.3296 313.895
internal_count=47992 5606 2562 2504 3044 1187 1290 1003 1857 1214 448 287 225 1772
is_linear=0
shrinkage=0.02


Tree=437
num_leaves=15
num_cat=0
split_feature=7 3 11 20 21 6 14 14 2 20 2 6 21 3
split_gain=1.17726 3.30379 3.616 5.69144 4.40404 3.6217 4.27509 4.1094 3.91834 3.50378 5.76553 4.44592 3.37184 3.10437
threshold=2.5000000000000004 94.500000000000014 29.327160493827162 5.0663107460643415 1.4675336793824059 2.5000000000000004 1.5731835205992513 1.5174631108704484 156.50000000000003 7.0535112936344975 166.50000000000003 1.5000000000000002 2.0107264631386812 106.50000000000001
decision_type=2 2 2 2 2 2 2 2 2 2 2 2 2 2
left_child=-1 2 3 -2 -4 7 8 -6 -7 10 -3 -11 -13 -14
right_child=1 9 4 -5 5 6 -8 -9 -10 11 -12 12 13 -15
leaf_value=6.6661554853740811e-05 -0.010290046177965721 0.0082825629433225939 0.012152642582513789 -0.00064448353886570309 0.0022695047790351666 0.0063111017988583453 0.0079097842062748978 -0.0072567969588855476 -0.002926314265179092 -0.015707937995537446 -0.0057624497414052482 0.0049536837865618499 -0.010491911886373186 0.00061258738842737983
leaf_weight=7994.6575042251498 21.113443601876497 16.354085743427277 10.937859483063219 419.66992065310478 32.126224040985107 22.475937157869339 41.701868519186974 31.283200077712536 50.364227861166 12.61055041849613 20.821401298046112 10.742095053195952 19.880906730890274 15.494848348200319
leaf_count=44277 133 80 54 2047 140 124 272 166 267 64 97 63 119 89
internal_value=-3.29615e-06 -0.000772033 -0.000228407 -0.00122122 0.00204982 0.00110275 0.00318542 -0.00258797 0.000120636 -0.00413329 0.00061818 -0.00698492 -0.00325741 -0.00610499
internal_weight=8720.23 725.577 629.673 440.783 188.889 177.951 114.542 63.4094 72.8402 95.9039 37.1755 58.7284 46.1179 35.3758
internal_count=47992 3715 3203 2180 1023 969 663 306 391 512 177 335 271 208
is_linear=0
shrinkage=0.02


Tree=438
num_leaves=15
num_cat=0
split_feature=2 9 18 20 18 18 1 13 11 21 20 21 11 18
split_gain=1.15879 2.35085 4.00295 4.26584 3.60672 6.40116 4.42929 8.37418 6.35667 2.88125 2.80676 3.10356 8.13035 7.10075
threshold=159.50000000000003 1.0000000180025095e-35 31.190046104020528 6.4339082819986322 31.232873811033016 31.312488937799166 1.5000000000000002 96.500000000000014 23.334793563870971 1.7716895577357976 6.0762217659137585 1.5969969053707338 23.66334148852204 35.25644631277931
decision_type=2 2 2 2 2 2 2 2 2 2 2 2 2 2
left_child=1 4 3 -3 -1 -6 10 8 -8 -4 -7 12 -12 -14
right_child=-2 2 9 -5 5 6 7 -9 -10 -11 11 -13 13 -15
leaf_value=-0.0010570635467178787 0.00013295954684034266 -0.0049617747872509645 -0.013222939716290228 0.0071045911769829981 0.010458375879468535 -0.0049878166688206655 0.0025640390801687451 0.0044465042691458961 -0.012592026536895609 -0.001396446424230136 -0.0013955138146389357 5.3867606349661051e-05 0.001279463130131276 0.0089713458350437272
leaf_weight=1129.8598787710071 6456.7039547320455 20.28737461566925 16.858720034360886 16.8305639103055 20.534449234604836 28.654926329851151 12.792703501880167 25.724201917648315 36.519855499267578 16.011008240282536 127.98688334971666 618.97468544542789 102.46813672780991 89.966894529759884
leaf_count=6755 35295 137 89 94 103 158 60 152 159 84 635 3317 504 450
internal_value=-3.33668e-06 -0.000392449 -0.00387731 0.000655943 -0.000271782 0.000561574 0.000315872 -0.00420535 -0.00874932 -0.00845998 0.00068819 0.000888937 0.00247032 0.00502182
internal_weight=8720.17 2263.47 69.9877 37.1179 2193.48 1063.62 1043.09 75.0368 49.3126 32.8697 968.052 939.397 320.422 192.435
internal_count=47992 12697 404 231 12293 5538 5435 371 219 173 5064 4906 1589 954
is_linear=0
shrinkage=0.02


Tree=439
num_leaves=15
num_cat=0
split_feature=0 3 3 0 0 22 11 12 3 3 3 22 0 11
split_gain=1.14785 1.90783 2.7697 1.77868 2.93057 3.57912 2.97891 3.83419 2.35947 3.90404 3.19899 2.22683 2.21063 3.7841
threshold=39.552361396303908 64.600000000000009 72.65000000000002 39.943874058863798 41.356605065023963 3.5000000000000004 29.41126178592911 40.500000000000007 83.800000000000011 74.40000000000002 56.100000000000009 1.5000000000000002 40.105407255304591 24.160270215453259
decision_type=2 2 2 2 2 2 2 2 2 2 2 2 2 2
left_child=1 -1 -3 11 5 6 8 -8 9 10 -5 -2 13 -12
right_child=3 2 -4 4 -6 -7 7 -9 -10 -11 12 -13 -14 -15
leaf_value=0.0035082364036072072 0.00052627600688523631 -0.011322712258002745 -0.00037052778760411257 -0.0069294570897244171 3.4112995316728702e-05 -0.011618903511278962 -0.010384878258396459 0.0023311665713698143 0.0085958611814065892 -0.0079927531486153058 -0.0097371185476238572 0.0071038129736401678 0.0049410544468829216 0.0043899038356515529
leaf_weight=9.4663262460380775 64.838206838816404 11.74558128044009 22.275351461023092 11.419993806630371 8430.3813253678381 11.382318407297133 22.99243338778615 11.642772682011126 6.7570648938417426 18.888560518622398 8.8585345037281531 26.351712577044964 50.59216982126236 12.081433102488516
leaf_count=109 618 104 167 162 45493 67 170 72 47 167 92 157 463 104
internal_value=-3.31316e-06 -0.00307216 -0.00516932 1.35989e-05 -1.6463e-05 -0.00270133 -0.00161117 -0.00630502 7.98667e-05 -0.000842277 0.001125 0.00271828 0.00280572 -0.00223425
internal_weight=8719.67 43.4873 34.0209 8676.19 8585 154.615 143.233 34.6352 108.598 101.841 82.9521 91.1899 71.5321 20.94
internal_count=47992 380 271 47612 46837 1344 1277 242 1035 988 821 775 659 196
is_linear=0
shrinkage=0.02


Tree=440
num_leaves=15
num_cat=0
split_feature=21 21 24 2 2 21 2 11 2 11 11 20 21 11
split_gain=1.1385 1.90239 3.42306 4.17162 3.05263 1.7632 3.17246 4.73881 4.79458 2.71483 2.55767 3.03516 2.5216 2.19237
threshold=0.82999756013193193 0.8955113507124598 1.0000000180025095e-35 161.50000000000003 164.50000000000003 0.97037627849649521 162.50000000000003 21.969228019313014 159.50000000000003 18.349237673010382 19.815865052037939 5.023545516769337 0.9327820470913486 21.080004259063152
decision_type=2 2 2 2 2 2 2 2 2 2 2 2 2 2
left_child=-1 2 3 -2 -4 6 7 -3 -9 -7 -8 -12 -13 -11
right_child=1 5 4 -5 -6 9 10 8 -10 13 11 12 -14 -15
leaf_value=-0.0036150182513548274 0.0070459785584110271 0.0082805688624476553 -0.0013395975926548337 -0.0068562551702627695 0.010478874823741552 0.006388285242252472 -0.010263279203147747 -0.010044674476870168 0.0049971145064331849 -0.0018001315165009652 -0.0056868386452060393 0.0066663867506939426 -0.0020886324245145168 6.1143807275143211e-05
leaf_weight=29.780218278989196 8.9418647624552268 20.797268263995647 10.583141818642614 17.948031481355429 24.324457321316004 21.724734969437122 16.347255412489176 13.550201486796142 11.212378166615961 256.19378743693233 45.963099148124456 16.013998776674271 30.433775126934052 8195.7481171414256
leaf_count=378 115 180 89 191 172 113 120 147 105 1420 476 103 192 44191
internal_value=-3.55175e-06 1.06666e-05 0.00337301 -0.00179064 0.00712677 -1.5124e-05 -0.00209978 0.00214202 -0.00347133 2.38206e-05 -0.00391034 -0.00229686 0.00124552 3.45773e-06
internal_weight=8719.56 8689.78 61.7975 26.8899 34.9076 8627.98 154.318 45.5598 24.7626 8473.67 108.758 92.4109 46.4478 8451.94
internal_count=47992 47614 567 306 261 47047 1323 432 252 45724 891 771 295 45611
is_linear=0
shrinkage=0.02


Tree=441
num_leaves=15
num_cat=0
split_feature=14 2 21 2 0 2 5 2 1 11 20 20 20 20
split_gain=1.13756 1.51678 1.36441 1.27826 3.91086 8.56525 4.43716 4.28149 5.49028 3.83966 4.38412 4.08673 3.74626 3.56424
threshold=2.1602564102564106 163.50000000000003 1.3773711987191881 164.50000000000003 62.525667351129371 169.50000000000003 71.500000000000014 166.50000000000003 1.5000000000000002 20.786176581102236 6.7439698836413422 5.5186310746064349 7.6647227926078036 10.253641341546887
decision_type=2 2 2 2 2 2 2 2 2 2 2 2 2 2
left_child=3 -2 -3 9 13 6 -6 -8 -9 10 11 -1 -7 -5
right_child=1 2 -4 4 5 12 7 8 -10 -11 -12 -13 -14 -15
leaf_value=-0.0057167312509943937 0.0010937076397117484 -0.00048108221143827159 -0.0091630845479978087 0.00012914239317904391 0.01354435045641865 -0.0054232675505949401 0.0078331384132743816 0.0060400571120406681 -0.00406202079229874 -0.00012526772151671113 -0.0077835665541656643 0.0030927748597257181 0.0011381057724260319 -0.0082167131391278764
leaf_weight=30.004645943641663 19.66734566166997 13.597798690199854 13.723839670419691 4140.9417455680668 20.249812640249729 46.138429060578346 58.618862181901932 35.73203107714653 40.609479211270809 4080.552485819906 51.860020071268082 47.82382720708847 104.17201598733664 15.565508745610712
leaf_count=382 108 71 71 22534 88 194 322 194 219 22550 257 283 597 122
internal_value=-3.46221e-06 -0.00295325 -0.00564684 1.39826e-05 0.000249927 0.00241529 0.00563688 0.00399465 0.000722351 -0.000235598 -0.00355868 -0.00041942 -0.000972813 8.75731e-05
internal_weight=8719.26 46.989 27.3216 8672.27 4462.03 305.521 155.21 134.96 76.3415 4210.24 129.688 77.8285 150.31 4156.51
internal_count=47992 250 142 47742 24270 1614 823 735 413 23472 922 665 791 22656
is_linear=0
shrinkage=0.02


Tree=442
num_leaves=15
num_cat=0
split_feature=3 2 2 11 8 11 12 24 0 21 21 11 2 2
split_gain=1.14238 5.23795 6.59402 6.46289 7.74818 6.07255 5.72825 5.31465 4.45744 7.75491 5.09324 4.25156 3.91031 3.7249
threshold=65.15000000000002 170.50000000000003 165.50000000000003 23.334793563870971 1.0000000180025095e-35 22.778247647520264 35.500000000000007 1.5000000000000002 57.455167693360714 1.2481634688868934 1.1921541848518384 22.915321424092316 161.50000000000003 161.50000000000003
decision_type=2 2 2 2 2 2 2 2 2 2 2 2 2 2
left_child=1 2 3 4 5 -1 7 12 9 10 11 -7 -5 -10
right_child=-2 -3 -4 6 -6 8 -8 -9 13 -11 -12 -13 -14 -15
leaf_value=0.0001627517687282537 -0.00014840896419539434 -0.0034893577956586577 0.0028987144421660088 -0.0073529045090960652 -0.0096626884259230876 0.0067336001767704483 0.0014820992257625206 0.0043992624570371895 -0.003560615139171486 0.0067503247894988858 -0.011361869397404821 -0.0042674653266986488 0.0025155799727123603 -0.014073397951897782
leaf_weight=569.54586165770888 6230.1298527494073 128.90119080245495 400.19133693724871 71.77659548074007 37.19296613894403 15.122594483196734 1069.7854444570839 24.703927405178547 37.760056607425213 28.113774493336678 24.738897830247879 41.656736753880978 17.272779300808907 22.217152796685696
leaf_count=3542 33723 798 2265 474 259 102 5734 122 191 140 133 298 107 104
internal_value=-3.48237e-06 0.00035805 0.000575963 9.44908e-05 -0.00131753 -0.000832825 0.00102404 -0.00314793 -0.00409634 -0.00153508 -0.00464062 -0.000997235 -0.00538549 -0.0082689
internal_weight=8719.11 2488.98 2360.08 1959.89 776.348 739.155 1183.54 113.753 169.609 109.632 81.5182 56.7793 89.0494 59.9772
internal_count=47992 14269 13471 11206 4769 4510 6437 703 968 673 533 400 581 295
is_linear=0
shrinkage=0.02


Tree=443
num_leaves=15
num_cat=0
split_feature=7 1 6 20 20 20 20 21 0 0 20 0 20 11
split_gain=1.14361 3.12807 3.68467 7.6074 4.63311 6.008 4.98048 3.95117 3.18896 2.87205 2.55767 7.7611 3.84092 5.17293
threshold=2.5000000000000004 1.5000000000000002 1.5000000000000002 7.5079260780287482 6.9387405886379208 8.0342642026009603 8.631170431211503 1.2935086563017777 49.868583162217668 56.187542778918555 6.4677344284736487 52.031485284052032 6.8638603696098572 31.531778984133933
decision_type=2 2 2 2 2 2 2 2 2 2 2 2 2 2
left_child=-1 10 3 8 7 -6 -7 -4 -3 -10 11 -2 13 -12
right_child=1 2 4 -5 5 6 -8 -9 9 -11 12 -13 -14 -15
leaf_value=6.5197754047026173e-05 -0.0010949967289097704 -0.0080782267608825523 0.001137132971230338 -0.015839251783726575 0.0063140253166179428 -0.011545512487565187 0.0020402651008851551 -0.0082773016621335051 0.0053079281168173986 -0.0041048870847324561 -0.0073697915034933127 0.0084029910527913879 0.00031224647583794215 0.0045727909421089978
leaf_weight=7993.6146279852837 91.385998956859112 18.069606654345989 27.416576355695724 18.136622570455074 51.891215339303017 13.419777214527128 22.683056622743607 39.43835012614727 23.197669558227062 19.044035226106644 57.015551060438156 49.010916516184807 279.71113047748804 14.989898562431334
leaf_count=44277 449 98 127 95 262 80 152 172 109 81 249 214 1556 71
internal_value=-3.75109e-06 -0.000761512 -0.0026429 -0.00603796 -0.000775357 0.00218323 -0.0037512 -0.00457822 -0.00207297 0.00103665 0.000143989 0.00238183 -0.000764562 -0.00472216
internal_weight=8719.03 725.41 233.297 78.4479 154.849 87.994 36.1028 66.8549 60.3113 42.2417 492.113 140.397 351.717 72.0054
internal_count=47992 3715 1176 383 793 494 232 299 288 190 2539 663 1876 320
is_linear=0
shrinkage=0.02


Tree=444
num_leaves=15
num_cat=0
split_feature=13 13 11 11 10 14 21 20 20 20 2 11 11 21
split_gain=1.11981 3.22849 2.83404 6.88799 5.58183 5.06331 4.77262 4.16688 2.98221 3.32071 3.27286 2.97431 4.73814 3.1304
threshold=92.500000000000014 90.833333333333357 30.840473245365903 30.113496445536359 1.0000000180025095e-35 1.5932149246102736 1.6946429521467048 7.0736481861738545 8.1857357973990439 7.0273237508555795 156.50000000000003 37.382066363433701 35.20267438583155 2.1112567171027252
decision_type=2 2 2 2 2 2 2 2 2 2 2 2 2 2
left_child=1 2 3 8 -5 11 -7 -8 9 -1 -11 12 -4 -13
right_child=-2 -3 5 4 -6 6 7 -9 -10 10 -12 13 -14 -15
leaf_value=-0.00020120109648014709 0.00011397847801072704 -0.0075853572191249214 -0.0010460087927112126 0.0035731819687744096 -0.010911090797200177 0.0111989729135428 -0.0012657321083631135 0.0072996151462508688 0.008080418292844456 0.0031027072305026661 -0.0045772129799082099 -0.011414924223590644 0.0075228531268236396 0.00050867294295179038
leaf_weight=1324.7001720480621 6856.2088285796344 19.981433913111687 138.20624861121178 11.08742969483137 39.042996276170015 27.632229425013065 56.024931326508522 31.601965628564358 11.272668421268461 22.767287120223045 125.04204599559307 13.897955000400545 26.472148604691029 15.160852193832396
leaf_count=8565 36843 104 712 52 228 137 242 141 54 98 532 81 135 68
internal_value=-3.98573e-06 -0.000438357 -0.00033947 -0.000692825 -0.00763778 0.00139138 0.00461825 0.00202899 -0.00043198 -0.000525623 -0.00331836 -0.000586192 0.000500744 -0.00597389
internal_weight=8719.1 1862.89 1842.91 1533.91 50.1304 308.996 115.259 87.6269 1483.78 1472.51 147.809 193.737 164.678 29.0588
internal_count=47992 11149 11045 9529 280 1516 520 383 9249 9195 630 996 847 149
is_linear=0
shrinkage=0.02


Tree=445
num_leaves=15
num_cat=0
split_feature=14 2 0 2 0 2 5 2 1 11 14 3 3 5
split_gain=1.1187 1.4792 2.28892 1.238 3.80433 8.27119 4.34734 4.15819 5.29862 3.68228 3.17158 4.13603 4.13066 4.13585
threshold=2.1602564102564106 169.50000000000003 55.848049281314175 164.50000000000003 62.525667351129371 169.50000000000003 71.500000000000014 166.50000000000003 1.5000000000000002 20.786176581102236 1.6238207547169814 102.50000000000001 56.100000000000009 79.500000000000014
decision_type=2 2 2 2 2 2 2 2 2 2 2 2 2 2
left_child=3 2 -2 9 -5 6 -6 -8 -9 -1 11 12 13 -11
right_child=1 -3 -4 4 5 -7 7 8 -10 10 -12 -13 -14 -15
leaf_value=-0.0034874089881127886 0.0042299531741536453 -0.0073733358939709458 -0.0050017054078129296 8.5589295394637146e-05 0.013381927842071714 -0.00094649849410349558 0.0077154543192694269 0.0059369907684415704 -0.0039901271843357121 -0.0022970981570301385 0.00080535568816496924 0.0040005456128891946 -0.0008099847133196653 0.0034060825030697425
leaf_weight=129.61318148300052 16.986913928762078 14.040028303861616 15.975900836288927 4156.69030116871 20.21285567432642 150.27566988766193 58.453045979142189 35.643598943948746 40.660376965999603 65.53366906195879 1074.6333472542465 75.9583685323596 2682.6949879005551 181.28428544849157
leaf_count=922 90 73 87 22656 88 791 322 194 219 514 6317 404 14318 997
internal_value=-3.85117e-06 -0.00292869 -0.000261089 1.34503e-05 0.00024565 0.00238233 0.00555152 0.00392595 0.000702425 -0.000232186 -0.000124146 -0.000457947 -0.000580851 0.00186832
internal_weight=8718.66 47.0028 32.9628 8671.65 4461.94 305.246 154.97 134.757 76.304 4209.72 4080.1 3005.47 2929.51 246.818
internal_count=47992 250 177 47742 24270 1614 823 735 413 23472 22550 16233 15829 1511
is_linear=0
shrinkage=0.02


Tree=446
num_leaves=15
num_cat=0
split_feature=19 21 21 19 0 3 0 0 19 0 19 2 19 14
split_gain=1.14558 2.91363 3.14145 2.81823 3.01369 2.74316 4.08202 3.11909 5.24881 2.72183 2.64011 2.35174 3.54542 2.87216
threshold=18.734213090674938 2.2319522899833122 2.2040798853542802 16.334573321974457 50.219028062970573 105.25000000000001 57.578370978781663 57.578370978781663 16.334573321974457 59.579739904175234 15.053653182052697 156.50000000000003 24.725001807399828 1.5706605222734258
decision_type=2 2 2 2 2 2 2 2 2 2 2 2 2 2
left_child=1 2 3 10 -5 7 -7 -3 -9 -4 -1 13 -13 -2
right_child=11 5 9 4 -6 6 -8 8 -10 -11 -12 12 -14 -15
leaf_value=-5.8437076481427702e-06 -0.00065632132690811415 0.0082590467918912409 0.0015536020410290823 0.00048337066513539972 0.011205330919776595 -0.002287363440795684 0.0099625510896865204 0.001546984954903482 -0.0093050575557949294 -0.009586658943329553 -0.0045002210829189968 -0.0024422666928713781 0.0075926168525956772 -0.01109620685270135
leaf_weight=8321.480267258361 24.067885845899582 15.128814898431299 11.14248336851597 26.382933109998703 13.44560071825981 12.811727814376352 31.92846093326807 103.61683993786573 16.320600494742393 20.189844362437725 47.618306159973145 43.620798550546169 14.810577385127543 15.447571292519568
leaf_count=45706 123 84 60 148 72 79 199 627 96 116 273 241 81 87
internal_value=-3.58313e-06 2.12223e-05 -3.29179e-05 -7.32035e-06 0.00499366 0.00250556 0.00653716 0.000970141 -0.000227 -0.00590129 -3.43263e-05 -0.00210108 0.000467736 -0.00557039
internal_weight=8718.01 8620.07 8440.26 8408.93 39.8285 179.806 44.7402 135.066 119.937 31.3323 8369.1 97.9468 58.4314 39.5155
internal_count=47992 47460 46375 46199 220 1085 278 807 723 176 45979 532 322 210
is_linear=0
shrinkage=0.02


Tree=447
num_leaves=15
num_cat=0
split_feature=0 13 0 0 1 14 19 1 19 21 2 0 0 24
split_gain=1.11481 1.39747 1.35458 4.19879 4.37408 4.73835 4.25778 4.25386 4.29112 4.98399 6.47496 6.56364 8.30697 4.98955
threshold=39.390828199863115 92.500000000000014 49.671457905544152 51.642710472279269 1.5000000000000002 1.4378511235955058 4.4436658745277882 1.5000000000000002 6.6110336395004179 1.4712465008096773 157.50000000000003 59.973990417522252 63.713894592744701 1.0000000180025095e-35
decision_type=2 2 2 2 2 2 2 2 2 2 2 2 2 2
left_child=1 -1 -2 4 5 -4 -7 8 9 -5 -11 -12 13 -13
right_child=2 -3 3 7 -6 6 -8 -9 -10 10 11 12 -14 -15
leaf_value=-0.0088976717907034396 0.00045952963537699578 0.00020872429836547895 -0.0077327601547614398 0.00073493997290663199 0.00059525606642547846 -0.010251312118887053 -0.0013700001640783823 -0.00069835423725306419 -0.00010967710601342429 0.0095908250079540912 0.0084418075355154887 -0.007463821638361995 0.0063838914565343529 0.00080806845320923967
leaf_weight=7.6766434460878399 2036.4992460124195 13.041783150285481 57.839707091450691 1322.3199815228581 263.21337654441595 18.001059480011463 448.72067420184612 1980.5408772192895 2311.753973543644 54.534993059933186 43.483231790363789 49.01665972173214 50.618209987878799 60.692784197628498
leaf_count=95 13236 95 370 6548 1464 131 2481 10198 12094 277 205 203 262 333
internal_value=-3.49766e-06 -0.00416149 8.56297e-06 -0.00012926 -0.00149558 -0.0025442 -0.00182181 5.47885e-05 0.00043892 0.00124033 0.00375647 0.00199348 3.00867e-05 -0.00303451
internal_weight=8717.95 20.7184 8697.23 6660.74 787.775 524.561 466.722 5872.96 3892.42 1580.67 258.346 203.811 160.328 109.709
internal_count=47992 190 47802 34566 4446 2982 2612 30120 19922 7828 1280 1003 798 536
is_linear=0
shrinkage=0.02


Tree=448
num_leaves=15
num_cat=0
split_feature=7 3 11 20 21 12 6 14 14 2 20 21 6 21
split_gain=1.11314 3.20775 3.51309 5.49286 4.30476 3.50101 3.49041 4.12133 3.94765 3.79132 3.40921 5.5949 4.22039 3.27688
threshold=2.5000000000000004 94.500000000000014 29.327160493827162 5.0663107460643415 1.4675336793824059 30.500000000000004 2.5000000000000004 1.5731835205992513 1.5174631108704484 154.50000000000003 7.0535112936344975 1.7287134133884103 1.5000000000000002 2.0107264631386812
decision_type=2 2 2 2 2 2 2 2 2 2 2 2 2 2
left_child=-1 2 3 -2 -4 -5 8 9 -6 -8 11 -3 -12 -14
right_child=1 10 4 5 6 -7 7 -9 -10 -11 12 -13 13 -15
leaf_value=6.4501695668309713e-05 -0.010131618816006983 -0.0082490766950958135 0.012021680273175205 0.0063267226920758826 0.0022356026156753013 -0.0010947844337823118 0.0081391850701601296 0.0077959679976828591 -0.0070952756346507233 -0.0021387403367758759 -0.015349573953789582 0.0059636177199215304 0.0048828677743155049 -0.0060254750624745184
leaf_weight=7992.4329354055226 20.956215664744377 12.783827334642409 10.93151596188545 22.128692343831062 32.128276824951172 397.50172836333513 13.467657268047331 41.487255580723286 31.356130234897137 59.394692599773407 12.693699300289152 24.365888603031635 10.708340831100939 35.448795482516289
leaf_count=44277 133 61 54 102 140 1945 74 272 166 317 64 116 63 208
internal_value=-3.52647e-06 -0.000751156 -0.000215059 -0.00119392 0.00203118 -0.000628822 0.00109415 0.00314204 -0.00252543 0.000135986 -0.00406122 0.000626974 -0.00686933 -0.00322578
internal_weight=8717.79 725.353 629.352 440.587 188.766 419.63 177.834 114.35 63.4844 72.8623 96.0006 37.1497 58.8508 46.1571
internal_count=47992 3715 3203 2180 1023 2047 969 663 306 391 512 177 335 271
is_linear=0
shrinkage=0.02


Tree=449
num_leaves=15
num_cat=0
split_feature=13 4 4 11 11 0 12 21 1 12 21 5 14 9
split_gain=1.11205 1.53121 2.05034 4.06848 4.00235 6.82977 4.83769 3.38374 3.24909 1.88488 1.58115 1.37616 1.38864 1.3052
threshold=138.66666666666671 169.50000000000003 170.50000000000003 27.337776069033286 33.23368542576241 53.849418206707746 85.500000000000014 1.7784557683442987 1.5000000000000002 89.500000000000014 2.0107264631386812 59.500000000000007 2.3115384615384618 1.0000000180025095e-35
decision_type=2 2 2 2 2 2 2 2 2 2 2 2 2 2
left_child=1 11 3 -3 5 9 8 -5 -7 -4 -9 -1 13 -13
right_child=-2 2 4 7 -6 6 -8 10 -10 -11 -12 12 -14 -15
leaf_value=0.0053713120868017416 -0.0044700581842772123 0.011665010758522635 0.011347984389978132 -0.0060830884541122621 0.0066963092754292455 -0.020122351459067711 0.00065856280268470572 0.0092170920326329706 -0.0019332643685070587 -0.00063042753123582413 -0.00039410181887868817 3.1306076423625086e-05 -0.0059109287795607313 -0.0011184232942983991
leaf_weight=13.868812629953025 17.241042390465736 17.34502225369215 6.8927957788109762 13.218745224177836 17.909486897289753 9.0919133126735741 13.091932050883768 10.560435332357885 7.4347134530544272 7.9949933215975761 10.847593553364275 8151.2538375593722 11.062809750437735 409.97219374030828
leaf_count=91 121 156 67 115 158 73 100 90 62 65 95 44296 53 2450
internal_value=-3.47312e-06 7.71043e-06 0.0022573 0.00500256 -0.00020042 -0.0034121 -0.0085413 0.000564017 -0.0143823 0.00627354 0.00511876 -2.33228e-05 -3.54098e-05 -2.41383e-05
internal_weight=8717.79 8700.55 114.388 51.9718 62.4158 44.5063 29.6186 34.6268 16.5266 14.8878 21.408 8586.16 8572.29 8561.23
internal_count=47992 47871 981 456 525 367 235 300 135 132 185 46890 46799 46746
is_linear=0
shrinkage=0.02


end of trees

feature_importances:
Column_0=851
Column_20=757
Column_21=545
Column_11=499
Column_3=440
Column_2=419
Column_6=402
Column_13=373
Column_4=350
Column_14=233
Column_7=182
Column_10=176
Column_22=156
Column_12=130
Column_18=129
Column_9=114
Column_1=107
Column_8=96
Column_24=93
Column_19=78
Column_23=61
Column_5=52
Column_15=28
Column_17=18
Column_16=11

parameters:
[boosting: gbdt]
[objective: binary]
[metric: binary_logloss]
[tree_learner: serial]
[device_type: cpu]
[data_sample_strategy: bagging]
[data: ]
[valid: ]
[num_iterations: 450]
[learning_rate: 0.02]
[num_leaves: 15]
[num_threads: 4]
[seed: 2026]
[deterministic: 0]
[force_col_wise: 0]
[force_row_wise: 0]
[histogram_pool_size: -1]
[max_depth: 10]
[min_data_in_leaf: 60]
[min_sum_hessian_in_leaf: 0.001]
[bagging_fraction: 0.85]
[pos_bagging_fraction: 1]
[neg_bagging_fraction: 1]
[bagging_freq: 0]
[bagging_seed: 26038]
[bagging_by_query: 0]
[feature_fraction: 0.85]
[feature_fraction_bynode: 1]
[feature_fraction_seed: 28694]
[extra_trees: 0]
[extra_seed: 4728]
[early_stopping_round: 0]
[early_stopping_min_delta: 0]
[first_metric_only: 0]
[max_delta_step: 0]
[lambda_l1: 0.1]
[lambda_l2: 5]
[linear_lambda: 0]
[min_gain_to_split: 0.01]
[drop_rate: 0.1]
[max_drop: 50]
[skip_drop: 0.5]
[xgboost_dart_mode: 0]
[uniform_drop: 0]
[drop_seed: 5409]
[top_rate: 0.2]
[other_rate: 0.1]
[min_data_per_group: 100]
[max_cat_threshold: 32]
[cat_l2: 10]
[cat_smooth: 10]
[max_cat_to_onehot: 4]
[top_k: 20]
[monotone_constraints: ]
[monotone_constraints_method: basic]
[monotone_penalty: 0]
[feature_contri: ]
[forcedsplits_filename: ]
[refit_decay_rate: 0.9]
[cegb_tradeoff: 1]
[cegb_penalty_split: 0]
[cegb_penalty_feature_lazy: ]
[cegb_penalty_feature_coupled: ]
[path_smooth: 0]
[interaction_constraints: ]
[verbosity: -1]
[saved_feature_importance_type: 0]
[use_quantized_grad: 0]
[num_grad_quant_bins: 4]
[quant_train_renew_leaf: 0]
[stochastic_rounding: 1]
[linear_tree: 0]
[max_bin: 255]
[max_bin_by_feature: ]
[min_data_in_bin: 3]
[bin_construct_sample_cnt: 200000]
[data_random_seed: 6654]
[is_enable_sparse: 1]
[enable_bundle: 1]
[use_missing: 1]
[zero_as_missing: 0]
[feature_pre_filter: 1]
[pre_partition: 0]
[two_round: 0]
[header: 0]
[label_column: ]
[weight_column: ]
[group_column: ]
[ignore_column: ]
[categorical_feature: ]
[forcedbins_filename: ]
[precise_float_parser: 0]
[parser_config_file: ]
[objective_seed: 199]
[num_class: 1]
[is_unbalance: 0]
[scale_pos_weight: 1]
[sigmoid: 1]
[boost_from_average: 1]
[reg_sqrt: 0]
[alpha: 0.9]
[fair_c: 1]
[poisson_max_delta_step: 0.7]
[tweedie_variance_power: 1.5]
[lambdarank_truncation_level: 30]
[lambdarank_norm: 1]
[label_gain: ]
[lambdarank_position_bias_regularization: 0]
[eval_at: ]
[multi_error_top_k: 1]
[auc_mu_weights: ]
[num_machines: 1]
[local_listen_port: 12400]
[time_out: 120]
[machine_list_filename: ]
[machines: ]
[gpu_platform_id: -1]
[gpu_device_id: -1]
[gpu_use_dp: 0]
[num_gpu: 1]

end of parameters

pandas_categorical:null
